nameid,code,tokens,loc,issue,vulnumber,code_snippet,processtokens,high_severity_count,medium_severity_count,Findings,Correct Matches,Partially Correct,Missed,GPT-generated,Comparison,matchList,MAP
GenericSwapFacet.sol,"// SPDX-License-Identifier: MIT
pragma solidity ^0.8.7;

import { ILiFi } from ""../Interfaces/ILiFi.sol"";
import { LibAsset, IERC20 } from ""../Libraries/LibAsset.sol"";
import ""./Swapper.sol"";

/**
 * @title Generic Swap Facet
 * @author Li.Finance (https://li.finance)
 * @notice Provides functionality for swapping through ANY DEX
 * @dev Uses calldata to execute arbitrary methods on DEXs
 */
contract GenericSwapFacet is ILiFi, Swapper {
    /* ========== Public Functions ========== */

    /**
     * @notice Performs a swap and that's it
     * @param _lifiData data used purely for tracking and analytics
     * @param _swapData an array of swap related data for performing swaps before bridging
     */
    function swapTokensGeneric(LiFiData memory _lifiData, LibSwap.SwapData[] calldata _swapData) public payable {
        uint256 receivingAssetIdBalance = LibAsset.getOwnBalance(_lifiData.receivingAssetId);

        // Swap
        _executeSwaps(_lifiData, _swapData);

        uint256 postSwapBalance = LibAsset.getOwnBalance(_lifiData.receivingAssetId) - receivingAssetIdBalance;

        LibAsset.transferAsset(_lifiData.receivingAssetId, payable(msg.sender), postSwapBalance);

        emit LiFiTransferStarted(
            _lifiData.transactionId,
            _lifiData.integrator,
            _lifiData.referrer,
            _lifiData.sendingAssetId,
            _lifiData.receivingAssetId,
            _lifiData.receiver,
            _lifiData.amount,
            _lifiData.destinationChainId,
            block.timestamp
        );
    }
}",379.0,44.0,"[H-01] Reliance on `lifiData.receivingAssetId` can cause loss of funds
In the `swapTokensGeneric()` function, an arbitrary number of swaps can be performed from and to various tokens. However, the final balance that is sent to the user relies on `_lifiData.receivingAssetId` which has no use in the swapping functionality. LifiData is claimed to be used purely for analytical reasons per the comments to this function. If this value is input incorrectly, the swapped tokens will simply sit in the contract and be lost to the user.
  [H-02] All swapping functions lack checks for returned tokens
Every function that stems from the `GenericSwapFacet` lacks checks to ensure that some tokens have been returned via the swaps. In LibSwap.sol in the `swap()` function, the swap call is sent to the target DEX. A return of success is required, otherwise the operation will revert.
Each ""inner"" swap via LibSwap.sol lacks output checks and also the ""outer"" `swapTokensGeneric()` via `GenericSwapFacet.sol` lacks a final check as well.
There is a possibility that the calldata is accidently populated with a function in the target router that is not actually performing any swapping functionality, `getAmountsOut()` for example. The function will return true, but no new returned tokens will be present in the contract. Meanwhile, the contract has already received the user's `fromTokens` directly.
  [M-02] Anyone can get swaps for free given certain conditions in the function `swap`.
Remaining or unaccounted ERC20 balance could be freely taken through `swapTokensGenerics` and `swap`.",3.0,"pragma solidity ^0.8.7;

import { ILiFi } from ""../Interfaces/ILiFi.sol"";
import { LibAsset, IERC20 } from ""../Libraries/LibAsset.sol"";
import ""./Swapper.sol"";


contract GenericSwapFacet is ILiFi, Swapper {
    

    
    function swapTokensGeneric(LiFiData memory _lifiData, LibSwap.SwapData[] calldata _swapData) public payable {
        uint256 receivingAssetIdBalance = LibAsset.getOwnBalance(_lifiData.receivingAssetId);

        
        _executeSwaps(_lifiData, _swapData);

        uint256 postSwapBalance = LibAsset.getOwnBalance(_lifiData.receivingAssetId) - receivingAssetIdBalance;

        LibAsset.transferAsset(_lifiData.receivingAssetId, payable(msg.sender), postSwapBalance);

        emit LiFiTransferStarted(
            _lifiData.transactionId,
            _lifiData.integrator,
            _lifiData.referrer,
            _lifiData.sendingAssetId,
            _lifiData.receivingAssetId,
            _lifiData.receiver,
            _lifiData.amount,
            _lifiData.destinationChainId,
            block.timestamp
        );
    }
}",262.0,2,1,"The provided smart contract has several potential vulnerabilities and issues. Below is a list of the vulnerabilities identified:

---

### 1. **Reentrancy Vulnerability**
   - The contract transfers assets to `msg.sender` using `LibAsset.transferAsset` after performing swaps. If `_lifiData.receivingAssetId` is an ERC20 token with a callback mechanism (e.g., ERC777), a malicious contract could re-enter the `swapTokensGeneric` function before the state is fully updated, potentially leading to double-spending or other unintended behavior.

---

### 2. **Lack of Input Validation**
   - The function does not validate the inputs, such as `_lifiData` or `_swapData`. For example:
     - `_lifiData.receivingAssetId` could be an invalid or malicious address.
     - `_swapData` could contain malicious swap instructions.
   - This could lead to unexpected behavior or exploitation.

---

### 3. **Integer Underflow Risk**
   - The calculation `postSwapBalance = LibAsset.getOwnBalance(_lifiData.receivingAssetId) - receivingAssetIdBalance` could result in an underflow if the post-swap balance is less than the pre-swap balance. While Solidity 0.8.x has built-in overflow/underflow protection, this is still a logical error that could lead to incorrect behavior.

---

### 4. **Lack of Access Control**
   - The `swapTokensGeneric` function is `public` and can be called by anyone. There is no access control mechanism to restrict who can call this function, which could lead to unauthorized usage or exploitation.

---

### 5. **Potential Front-Running**
   - The function emits the `LiFiTransferStarted` event after the swaps and transfers are completed. This could allow an attacker to front-run the transaction and manipulate the swap or transfer process.

---

### 6. **Dependency on External Contracts**
   - The contract relies on external contracts such as `ILiFi`, `LibAsset`, and `Swapper`. If any of these contracts are malicious, poorly implemented, or upgraded to introduce vulnerabilities, this contract could be compromised.

---

### 7. **Insufficient Event Logging**
   - The contract only emits the `LiFiTransferStarted` event after the swap and transfer are completed. There is no event emitted to log the start of the swap or the details of the swap data, making it harder to track and debug transactions.

---

### 8. **Potential Loss of Funds**
   - If `_lifiData.receivingAssetId` is set to an invalid or non-existent address, the `LibAsset.transferAsset` call could fail silently, leading to a loss of funds for the user.

---

### 9. **Lack of Error Handling**
   - The function does not handle errors that might occur during the execution of `_executeSwaps` or `LibAsset.transferAsset`. If any of these functions fail, the transaction could revert, leaving the contract in an inconsistent state.

---

### 10. **Potential Gas Limit Issues**
   - The function performs multiple operations, including swaps and transfers, which could consume a significant amount of gas. If the gas limit is exceeded, the transaction could fail, potentially leaving the contract in an inconsistent state.

---

### 11. **Unchecked Return Values**
   - The contract does not check the return values of external calls, such as `LibAsset.transferAsset`. If the transfer fails, the function will not be aware of the failure, potentially leading to incorrect behavior.

---

### 12. **No Slippage Protection**
   - The function does not include any slippage protection mechanism. If the price of the assets changes significantly during the swap, the user could receive fewer tokens than expected.

---

### 13. **Lack of Fallback or Emergency Functions**
   - The contract does not include any fallback or emergency functions to recover funds in case of an error or attack.

---

### 14. **Potential for Denial of Service (DoS)**
   - If the `_executeSwaps` function involves complex logic or multiple external calls, an attacker could potentially cause the transaction to fail by manipulating the state of external contracts.

---

### 15. **No Support for Native ETH**
   - The function does not explicitly handle native ETH (Ether) as a sending or receiving asset. If `_lifiData.receivingAssetId` is set to the zero address (representing ETH), the function might not work as intended.

---

These vulnerabilities highlight the need for careful auditing and testing of the contract before deployment.",2,1,0,15,"### **[H-01] Reliance on `lifiData.receivingAssetId` can cause loss of funds**

**Report Description**:
The `swapTokensGeneric()` function relies on `_lifiData.receivingAssetId` to determine the final token balance sent to the user. However, this value is not used in the swapping functionality and is claimed to be purely for analytical purposes. If `_lifiData.receivingAssetId` is incorrectly set, the swapped tokens may remain in the contract, leading to a loss of funds for the user.

**Match in Response List**:
Matches with the issue titled **""Potential Loss of Funds""**.

**Validation**:
**Correct**. The response accurately identifies the risk of funds being lost if `_lifiData.receivingAssetId` is set incorrectly. It correctly explains that the `LibAsset.transferAsset` call could fail silently, leading to a loss of funds, which aligns with the issue described in the report.

---

### **[H-02] All swapping functions lack checks for returned tokens**

**Report Description**:
Functions stemming from `GenericSwapFacet` lack checks to ensure that tokens have been returned after swaps. The `swap()` function in `LibSwap.sol` requires a success return value but does not verify the actual token output. This could allow calldata to be populated with non-swapping functions (e.g., `getAmountsOut()`), which return `true` but do not transfer tokens. As a result, the contract may receive the user's `fromTokens` without returning any tokens, leading to potential fund loss.

**Match in Response List**:
Matches with the issue titled **""Unchecked Return Values""**.

**Validation**:
**Correct**. The response correctly identifies the issue of unchecked return values from external calls, which aligns with the report's concern about the lack of token output verification. The response highlights the risk of incorrect behavior due to unchecked return values, which is consistent with the issue described.

---

### **[M-02] Anyone can get swaps for free given certain conditions in the function `swap`**

**Report Description**:
The `swapTokensGeneric` and `swap` functions allow anyone to take unaccounted ERC20 balances under certain conditions. This could lead to unauthorized users obtaining swaps for free, exploiting the contract's lack of access control and balance verification mechanisms.

**Match in Response List**:
Matches with the issue titled **""Lack of Access Control""**.

**Validation**:
**Partially Correct**. The response correctly identifies the lack of access control in the `swapTokensGeneric` function, which aligns with the issue of unauthorized usage. However, the response does not explicitly address the specific risk of unaccounted ERC20 balances being taken for free, which is a critical detail in the issue report.

---

### **Summary of Matches and Gaps**

**Correct Matches**:
- **[H-01] Reliance on `lifiData.receivingAssetId` can cause loss of funds**
- **[H-02] All swapping functions lack checks for returned tokens**

**Partially Correct Matches**:
- **[M-02] Anyone can get swaps for free given certain conditions in the function `swap`**

**Missed Issues from Issue Report**:
- *None*

---

### **Conclusion**
The `response_list` covers most of the issues in the `issue` report, with accurate identification of key vulnerabilities such as potential loss of funds and unchecked return values. However, the response partially addresses the issue of unauthorized swaps due to unaccounted ERC20 balances, missing some critical details. Overall, the response is comprehensive but could be improved by addressing specific risks more explicitly.","```
1. Potential Loss of Funds
2. Unchecked Return Values
```","To calculate the **Average Precision (AP)** for the given query, follow these steps:

1. **Identify the ranks of the true positives in the ranked list of predictions**:
   - **Potential Loss of Funds** appears at rank 8.
   - **Unchecked Return Values** appears at rank 11.

2. **Calculate the precision at each rank where a true positive appears**:
   - **Precision at rank 8 (P@8)**: Number of true positives up to rank 8 is 1 (since only ""Potential Loss of Funds"" appears at rank 8). So, \( P@8 = \frac{1}{8} = 0.125 \).
   - **Precision at rank 11 (P@11)**: Number of true positives up to rank 11 is 2 (since both ""Potential Loss of Funds"" and ""Unchecked Return Values"" appear at ranks 8 and 11, respectively). So, \( P@11 = \frac{2}{11} \approx 0.1818 \).

3. **Average the precision values**:
   - \( AP = \frac{P@8 + P@11}{2} = \frac{0.125 + 0.1818}{2} = \frac{0.3068}{2} = 0.1534 \).

**Output**:
```
0.1534
```"
AnyswapFacet.sol,"// SPDX-License-Identifier: MIT
pragma solidity ^0.8.7;

import { ILiFi } from ""../Interfaces/ILiFi.sol"";
import { IAnyswapRouter } from ""../Interfaces/IAnyswapRouter.sol"";
import { LibDiamond } from ""../Libraries/LibDiamond.sol"";
import { LibAsset, IERC20 } from ""../Libraries/LibAsset.sol"";
import { IAnyswapToken } from ""../Interfaces/IAnyswapToken.sol"";
import { LibDiamond } from ""../Libraries/LibDiamond.sol"";
import ""./Swapper.sol"";

/**
 * @title Anyswap Facet
 * @author Li.Finance (https://li.finance)
 * @notice Provides functionality for bridging through Multichain (Prev. AnySwap)
 */
contract AnyswapFacet is ILiFi, Swapper {
    /* ========== Types ========== */

    struct AnyswapData {
        address token;
        address router;
        uint256 amount;
        address recipient;
        uint256 toChainId;
    }

    /* ========== Public Bridge Functions ========== */

    /**
     * @notice Bridges tokens via Anyswap
     * @param _lifiData data used purely for tracking and analytics
     * @param _anyswapData data specific to Anyswap
     */
    function startBridgeTokensViaAnyswap(LiFiData memory _lifiData, AnyswapData calldata _anyswapData) public payable {
        address underlyingToken = IAnyswapToken(_anyswapData.token).underlying();
        if (_anyswapData.token != address(0) && underlyingToken != IAnyswapRouter(_anyswapData.router).wNATIVE()) {
            if (underlyingToken == address(0)) {
                underlyingToken = _anyswapData.token;
            }

            uint256 _fromTokenBalance = LibAsset.getOwnBalance(underlyingToken);
            LibAsset.transferFromERC20(underlyingToken, msg.sender, address(this), _anyswapData.amount);

            require(
                LibAsset.getOwnBalance(underlyingToken) - _fromTokenBalance == _anyswapData.amount,
                ""ERR_INVALID_AMOUNT""
            );
        } else {
            require(msg.value == _anyswapData.amount, ""ERR_INVALID_AMOUNT"");
        }

        _startBridge(_anyswapData);

        emit LiFiTransferStarted(
            _lifiData.transactionId,
            _lifiData.integrator,
            _lifiData.referrer,
            _lifiData.sendingAssetId,
            _lifiData.receivingAssetId,
            _lifiData.receiver,
            _lifiData.amount,
            _lifiData.destinationChainId,
            block.timestamp
        );
    }

    /**
     * @notice Performs a swap before bridging via Anyswap
     * @param _lifiData data used purely for tracking and analytics
     * @param _swapData an array of swap related data for performing swaps before bridging
     * @param _anyswapData data specific to Anyswap
     */
    function swapAndStartBridgeTokensViaAnyswap(
        LiFiData memory _lifiData,
        LibSwap.SwapData[] calldata _swapData,
        AnyswapData memory _anyswapData
    ) public payable {
        address underlyingToken = IAnyswapToken(_anyswapData.token).underlying();
        if (_anyswapData.token != address(0) && underlyingToken != IAnyswapRouter(_anyswapData.router).wNATIVE()) {
            if (underlyingToken == address(0)) {
                underlyingToken = _anyswapData.token;
            }

            uint256 _fromTokenBalance = LibAsset.getOwnBalance(underlyingToken);

            // Swap
            _executeSwaps(_lifiData, _swapData);

            uint256 _postSwapBalance = LibAsset.getOwnBalance(underlyingToken) - _fromTokenBalance;

            require(_postSwapBalance > 0, ""ERR_INVALID_AMOUNT"");

            _anyswapData.amount = _postSwapBalance;
        } else {
            uint256 _fromBalance = address(this).balance;

            // Swap
            _executeSwaps(_lifiData, _swapData);

            require(address(this).balance - _fromBalance >= _anyswapData.amount, ""ERR_INVALID_AMOUNT"");

            uint256 _postSwapBalance = address(this).balance - _fromBalance;

            require(_postSwapBalance > 0, ""ERR_INVALID_AMOUNT"");

            _anyswapData.amount = _postSwapBalance;
        }

        _startBridge(_anyswapData);

        emit LiFiTransferStarted(
            _lifiData.transactionId,
            _lifiData.integrator,
            _lifiData.referrer,
            _lifiData.sendingAssetId,
            _lifiData.receivingAssetId,
            _lifiData.receiver,
            _lifiData.amount,
            _lifiData.destinationChainId,
            block.timestamp
        );
    }

    /* ========== Internal Functions ========== */

    /**
     * @dev Conatains the business logic for the bridge via Anyswap
     * @param _anyswapData data specific to Anyswap
     */
    function _startBridge(AnyswapData memory _anyswapData) internal {
        // Check chain id
        require(block.chainid != _anyswapData.toChainId, ""Cannot bridge to the same network."");
        address underlyingToken = IAnyswapToken(_anyswapData.token).underlying();

        if (underlyingToken == IAnyswapRouter(_anyswapData.router).wNATIVE()) {
            IAnyswapRouter(_anyswapData.router).anySwapOutNative{ value: _anyswapData.amount }(
                _anyswapData.token,
                _anyswapData.recipient,
                _anyswapData.toChainId
            );
            return;
        }

        if (_anyswapData.token != address(0)) {
            // Has underlying token?
            if (underlyingToken != address(0)) {
                // Give Anyswap approval to bridge tokens
                LibAsset.approveERC20(IERC20(underlyingToken), _anyswapData.router, _anyswapData.amount);

                IAnyswapRouter(_anyswapData.router).anySwapOutUnderlying(
                    _anyswapData.token,
                    _anyswapData.recipient,
                    _anyswapData.amount,
                    _anyswapData.toChainId
                );
            } else {
                // Give Anyswap approval to bridge tokens
                LibAsset.approveERC20(IERC20(_anyswapData.token), _anyswapData.router, _anyswapData.amount);

                IAnyswapRouter(_anyswapData.router).anySwapOut(
                    _anyswapData.token,
                    _anyswapData.recipient,
                    _anyswapData.amount,
                    _anyswapData.toChainId
                );
            }
        }
    }
}",1495.0,170.0,"[M-01] AnyswapFacet can be exploited to approve arbitrary tokens.
In AnyswapFacet.sol we parse arbitrary data in `_anyswapData` allowing an attacker to drain funds (ERC20 or native tokens) from the LiFi contract.
Functions effected: - `AnyswapFacet.startBridgeTokensViaAnyswap()` - `AnyswapFacet.swapAndStartBridgeTokensViaAnyswap()`
  [M-08] Swap functions are Reenterable
There is a reenterancy vulnerability in functions which call `_executeSwap()` which would allow the attacker to change their postSwapBalance.   [M-10] Infinite approval to an arbitrary address can be used to steal all the funds from the contract
In the AnyswapFacet.sol, `_anyswapData.router` is from the caller's calldata, which can really be any contract, including a fake Anyswap router contract, as long as it complies to the interfaces used.",3.0,"pragma solidity ^0.8.7;

import { ILiFi } from ""../Interfaces/ILiFi.sol"";
import { IAnyswapRouter } from ""../Interfaces/IAnyswapRouter.sol"";
import { LibDiamond } from ""../Libraries/LibDiamond.sol"";
import { LibAsset, IERC20 } from ""../Libraries/LibAsset.sol"";
import { IAnyswapToken } from ""../Interfaces/IAnyswapToken.sol"";
import { LibDiamond } from ""../Libraries/LibDiamond.sol"";
import ""./Swapper.sol"";


contract AnyswapFacet is ILiFi, Swapper {
    

    struct AnyswapData {
        address token;
        address router;
        uint256 amount;
        address recipient;
        uint256 toChainId;
    }

    

    
    function startBridgeTokensViaAnyswap(LiFiData memory _lifiData, AnyswapData calldata _anyswapData) public payable {
        address underlyingToken = IAnyswapToken(_anyswapData.token).underlying();
        if (_anyswapData.token != address(0) && underlyingToken != IAnyswapRouter(_anyswapData.router).wNATIVE()) {
            if (underlyingToken == address(0)) {
                underlyingToken = _anyswapData.token;
            }

            uint256 _fromTokenBalance = LibAsset.getOwnBalance(underlyingToken);
            LibAsset.transferFromERC20(underlyingToken, msg.sender, address(this), _anyswapData.amount);

            require(
                LibAsset.getOwnBalance(underlyingToken) - _fromTokenBalance == _anyswapData.amount,
                ""ERR_INVALID_AMOUNT""
            );
        } else {
            require(msg.value == _anyswapData.amount, ""ERR_INVALID_AMOUNT"");
        }

        _startBridge(_anyswapData);

        emit LiFiTransferStarted(
            _lifiData.transactionId,
            _lifiData.integrator,
            _lifiData.referrer,
            _lifiData.sendingAssetId,
            _lifiData.receivingAssetId,
            _lifiData.receiver,
            _lifiData.amount,
            _lifiData.destinationChainId,
            block.timestamp
        );
    }

    
    function swapAndStartBridgeTokensViaAnyswap(
        LiFiData memory _lifiData,
        LibSwap.SwapData[] calldata _swapData,
        AnyswapData memory _anyswapData
    ) public payable {
        address underlyingToken = IAnyswapToken(_anyswapData.token).underlying();
        if (_anyswapData.token != address(0) && underlyingToken != IAnyswapRouter(_anyswapData.router).wNATIVE()) {
            if (underlyingToken == address(0)) {
                underlyingToken = _anyswapData.token;
            }

            uint256 _fromTokenBalance = LibAsset.getOwnBalance(underlyingToken);

            
            _executeSwaps(_lifiData, _swapData);

            uint256 _postSwapBalance = LibAsset.getOwnBalance(underlyingToken) - _fromTokenBalance;

            require(_postSwapBalance > 0, ""ERR_INVALID_AMOUNT"");

            _anyswapData.amount = _postSwapBalance;
        } else {
            uint256 _fromBalance = address(this).balance;

            
            _executeSwaps(_lifiData, _swapData);

            require(address(this).balance - _fromBalance >= _anyswapData.amount, ""ERR_INVALID_AMOUNT"");

            uint256 _postSwapBalance = address(this).balance - _fromBalance;

            require(_postSwapBalance > 0, ""ERR_INVALID_AMOUNT"");

            _anyswapData.amount = _postSwapBalance;
        }

        _startBridge(_anyswapData);

        emit LiFiTransferStarted(
            _lifiData.transactionId,
            _lifiData.integrator,
            _lifiData.referrer,
            _lifiData.sendingAssetId,
            _lifiData.receivingAssetId,
            _lifiData.receiver,
            _lifiData.amount,
            _lifiData.destinationChainId,
            block.timestamp
        );
    }

    

    
    function _startBridge(AnyswapData memory _anyswapData) internal {
        
        require(block.chainid != _anyswapData.toChainId, ""Cannot bridge to the same network."");
        address underlyingToken = IAnyswapToken(_anyswapData.token).underlying();

        if (underlyingToken == IAnyswapRouter(_anyswapData.router).wNATIVE()) {
            IAnyswapRouter(_anyswapData.router).anySwapOutNative{ value: _anyswapData.amount }(
                _anyswapData.token,
                _anyswapData.recipient,
                _anyswapData.toChainId
            );
            return;
        }

        if (_anyswapData.token != address(0)) {
            
            if (underlyingToken != address(0)) {
                
                LibAsset.approveERC20(IERC20(underlyingToken), _anyswapData.router, _anyswapData.amount);

                IAnyswapRouter(_anyswapData.router).anySwapOutUnderlying(
                    _anyswapData.token,
                    _anyswapData.recipient,
                    _anyswapData.amount,
                    _anyswapData.toChainId
                );
            } else {
                
                LibAsset.approveERC20(IERC20(_anyswapData.token), _anyswapData.router, _anyswapData.amount);

                IAnyswapRouter(_anyswapData.router).anySwapOut(
                    _anyswapData.token,
                    _anyswapData.recipient,
                    _anyswapData.amount,
                    _anyswapData.toChainId
                );
            }
        }
    }
}",1239.0,0,3,"The provided smart contract has several potential vulnerabilities and issues. Below is a list of the identified vulnerabilities:

---

### 1. **Reentrancy Vulnerability**
   - The contract interacts with external contracts (e.g., `IAnyswapRouter` and `IAnyswapToken`) without using a reentrancy guard (`nonReentrant` modifier). This could allow malicious contracts to re-enter the contract and exploit state changes during execution.
   - Example: The `anySwapOutNative`, `anySwapOutUnderlying`, and `anySwapOut` functions in `_startBridge` are external calls that could be exploited.

---

### 2. **Improper Handling of Native Tokens (ETH)**
   - The contract does not explicitly check for the presence of native tokens (ETH) when transferring or swapping. This could lead to inconsistencies or vulnerabilities in handling ETH.
   - Example: In `startBridgeTokensViaAnyswap`, the contract assumes `msg.value` is valid without proper validation in all scenarios.

---

### 3. **Insufficient Input Validation**
   - The contract does not validate critical inputs, such as `_anyswapData.token`, `_anyswapData.router`, or `_anyswapData.recipient`. Malicious or invalid addresses could lead to unexpected behavior or loss of funds.
   - Example: No checks are performed to ensure `_anyswapData.token` or `_anyswapData.router` are valid contract addresses.

---

### 4. **Integer Overflow/Underflow**
   - The contract performs arithmetic operations (e.g., `LibAsset.getOwnBalance(underlyingToken) - _fromTokenBalance`) without using SafeMath or Solidity 0.8.x's built-in overflow/underflow protection. This could lead to unexpected behavior.
   - Example: In `startBridgeTokensViaAnyswap`, the subtraction operation could underflow if `_fromTokenBalance` is greater than the current balance.

---

### 5. **Incorrect Balance Checks**
   - The contract checks token balances using `LibAsset.getOwnBalance(underlyingToken) - _fromTokenBalance == _anyswapData.amount`. This assumes no other transfers or changes to the balance occur during execution, which may not always be true.
   - Example: In `startBridgeTokensViaAnyswap`, the balance check could fail if other transactions modify the contract's balance.

---

### 6. **Lack of Event Emission for Critical Actions**
   - The contract does not emit events for critical actions, such as token approvals or external contract calls. This makes it difficult to track and audit the contract's behavior.
   - Example: No events are emitted when calling `LibAsset.approveERC20` or `IAnyswapRouter.anySwapOut`.

---

### 7. **Potential Token Approval Issues**
   - The contract approves the router to spend tokens without resetting the allowance to zero before setting a new value. This could lead to over-approval vulnerabilities if the router is compromised.
   - Example: In `_startBridge`, `LibAsset.approveERC20` is called without first resetting the allowance.

---

### 8. **Chain ID Validation**
   - The contract checks `block.chainid != _anyswapData.toChainId` to prevent bridging to the same network. However, this does not validate if the `toChainId` is a valid or supported chain ID.
   - Example: A malicious or invalid `toChainId` could lead to failed transactions or unexpected behavior.

---

### 9. **Unchecked External Calls**
   - The contract makes external calls to `IAnyswapRouter` and `IAnyswapToken` without checking the return values or handling potential failures. This could lead to silent failures or unexpected behavior.
   - Example: The `anySwapOutNative`, `anySwapOutUnderlying`, and `anySwapOut` functions are called without checking their success.

---

### 10. **Inconsistent Use of `calldata` and `memory`**
   - The contract uses `calldata` for `AnyswapData` in `startBridgeTokensViaAnyswap` but `memory` in `swapAndStartBridgeTokensViaAnyswap`. This inconsistency could lead to confusion or inefficiencies.
   - Example: `AnyswapData calldata _anyswapData` vs. `AnyswapData memory _anyswapData`.

---

### 11. **Potential Front-Running Attacks**
   - The contract does not implement any mechanisms to prevent front-running attacks, such as commit-reveal schemes or deadline checks. This could allow attackers to manipulate transactions.
   - Example: An attacker could front-run the `swapAndStartBridgeTokensViaAnyswap` function to manipulate swap rates.

---

### 12. **Lack of Access Control**
   - The contract does not implement any access control mechanisms. Any user can call the `startBridgeTokensViaAnyswap` and `swapAndStartBridgeTokensViaAnyswap` functions, which could lead to misuse or abuse.
   - Example: No `onlyOwner` or similar modifiers are used to restrict access to critical functions.

---

### 13. **Potential Token Mismatch**
   - The contract assumes that `IAnyswapToken(_anyswapData.token).underlying()` returns the correct underlying token address. If the token contract is malicious or incorrect, this could lead to unexpected behavior.
   - Example: A malicious token contract could return an incorrect `underlying` address.

---

### 14. **Unhandled Edge Cases**
   - The contract does not handle edge cases, such as zero amounts, invalid tokens, or failed swaps. This could lead to unexpected behavior or failed transactions.
   - Example: No checks are performed to ensure `_anyswapData.amount` is greater than zero.

---

### 15. **Gas Limit Issues**
   - The contract performs multiple external calls and state changes in a single transaction. This could lead to gas limit issues, especially if the `_swapData` array in `swapAndStartBridgeTokensViaAnyswap` is large.
   - Example: The `_executeSwaps` function could consume excessive gas if there are many swaps.

---

These vulnerabilities highlight potential risks in the contract's design and implementation.",1,2,0,15,"### **[M-01] AnyswapFacet can be exploited to approve arbitrary tokens**

**Report Description**:  
In `AnyswapFacet.sol`, arbitrary data in `_anyswapData` is parsed, allowing an attacker to drain funds (ERC20 or native tokens) from the LiFi contract. The affected functions are:  
- `AnyswapFacet.startBridgeTokensViaAnyswap()`  
- `AnyswapFacet.swapAndStartBridgeTokensViaAnyswap()`  

**Match in Response List**:  
Matches with the issue titled **""Insufficient Input Validation""** and **""Potential Token Approval Issues""**.

**Validation**:  
**Partially Correct**. The response identifies the lack of input validation for `_anyswapData.token` and `_anyswapData.router`, which is relevant to the issue. However, it does not explicitly address the risk of approving arbitrary tokens or the potential for draining funds. The response also mentions token approval issues but does not link them to the specific exploit described in the issue.

---

### **[M-08] Swap functions are Reenterable**

**Report Description**:  
There is a reentrancy vulnerability in functions that call `_executeSwap()`, allowing an attacker to manipulate their `postSwapBalance`.

**Match in Response List**:  
Matches with the issue titled **""Reentrancy Vulnerability""**.

**Validation**:  
**Correct**. The response accurately identifies the reentrancy vulnerability in the contract, specifically mentioning the lack of a reentrancy guard (`nonReentrant` modifier) and the risks associated with external calls. This aligns with the issue description.

---

### **[M-10] Infinite approval to an arbitrary address can be used to steal all the funds from the contract**

**Report Description**:  
In `AnyswapFacet.sol`, `_anyswapData.router` is taken from the caller's calldata, which can be any contract, including a fake Anyswap router contract. This allows an attacker to steal all funds from the contract.

**Match in Response List**:  
Matches with the issue titled **""Insufficient Input Validation""** and **""Potential Token Approval Issues""**.

**Validation**:  
**Partially Correct**. The response identifies the lack of input validation for `_anyswapData.router` and mentions token approval issues, which are relevant. However, it does not explicitly address the risk of infinite approval to an arbitrary address or the potential for fund theft. The response also does not link these issues to the specific exploit described in the issue.

---

### **Summary of Matches and Gaps**

**Correct Matches**:  
- **[M-08] Swap functions are Reenterable**

**Partially Correct Matches**:  
- **[M-01] AnyswapFacet can be exploited to approve arbitrary tokens**  
- **[M-10] Infinite approval to an arbitrary address can be used to steal all the funds from the contract**

**Missed Issues from Issue Report**:  
- *None*

---

### **Overall Analysis**  
The `response_list` covers most of the issues in the `issue` report but lacks specificity in some areas. While it correctly identifies reentrancy vulnerabilities, it only partially addresses the risks associated with insufficient input validation and token approval issues. The responses could be improved by explicitly linking these vulnerabilities to the specific exploits described in the issue report.","```
1. Reentrancy Vulnerability
```","To calculate the **Average Precision (AP)** for the given query, follow these steps:

1. **Identify the ranks at which the true positives appear in the ranked list of predictions**:
   - The true positive is ""Reentrancy Vulnerability,"" which appears at rank 1 in the ranked list of predictions.

2. **Calculate the precision at that rank**:
   - Precision at rank 1 (\( P@1 \)) is calculated as the number of true positives up to rank 1 divided by the rank.
   - \( P@1 = \frac{1}{1} = 1.0 \)

3. **Average the precision values for all true positives**:
   - Since there is only one true positive, the Average Precision (AP) is simply the precision at rank 1.
   - \( AP = 1.0 \)

**Output**:
```
1.0
```"
LibSwap.sol,"// SPDX-License-Identifier: MIT
pragma solidity ^0.8.7;

import { LibAsset, IERC20 } from ""./LibAsset.sol"";
import { LibUtil } from ""./LibUtil.sol"";

library LibSwap {
    uint256 private constant MAX_INT = 2**256 - 1;

    struct SwapData {
        address callTo;
        address approveTo;
        address sendingAssetId;
        address receivingAssetId;
        uint256 fromAmount;
        bytes callData;
    }

    event AssetSwapped(
        bytes32 transactionId,
        address dex,
        address fromAssetId,
        address toAssetId,
        uint256 fromAmount,
        uint256 toAmount,
        uint256 timestamp
    );

    function swap(bytes32 transactionId, SwapData calldata _swapData) internal {
        uint256 fromAmount = _swapData.fromAmount;
        uint256 toAmount = LibAsset.getOwnBalance(_swapData.receivingAssetId);
        address fromAssetId = _swapData.sendingAssetId;
        if (!LibAsset.isNativeAsset(fromAssetId) && LibAsset.getOwnBalance(fromAssetId) < fromAmount) {
            LibAsset.transferFromERC20(fromAssetId, msg.sender, address(this), fromAmount);
        }

        if (!LibAsset.isNativeAsset(fromAssetId)) {
            LibAsset.approveERC20(IERC20(fromAssetId), _swapData.approveTo, fromAmount);
        }

        // solhint-disable-next-line avoid-low-level-calls
        (bool success, bytes memory res) = _swapData.callTo.call{ value: msg.value }(_swapData.callData);
        if (!success) {
            string memory reason = LibUtil.getRevertMsg(res);
            revert(reason);
        }

        toAmount = LibAsset.getOwnBalance(_swapData.receivingAssetId) - toAmount;
        emit AssetSwapped(
            transactionId,
            _swapData.callTo,
            _swapData.sendingAssetId,
            _swapData.receivingAssetId,
            fromAmount,
            toAmount,
            block.timestamp
        );
    }
}",439.0,59.0,"[M-02] Anyone can get swaps for free given certain conditions in swap.
Remaining or unaccounted ERC20 balance could be freely taken through `swap`.
  [M-03] LibSwap: Excess funds from swaps are not returned
It is probable for `_swapData.fromAmount` to be greater than the actual amount used (eg. when swapping for an exact output, or when performing another swap after swapping with an exact input). However, these funds aren’t returned back to the user and are left in the lifi contract.
 
[M-04] msg.value is Sent Multipletimes When Performing a Swap
`msg.value` is attached multiple times to external swap calls in LibSwap.swap().   [M-11] Failed transfer with low level call won't revert
The call on swap `_swapData.callTo.call{ value: msg.value }(_swapData.callData);` fails but returns success due to nonexisting contract",4.0,"pragma solidity ^0.8.7;

import { LibAsset, IERC20 } from ""./LibAsset.sol"";
import { LibUtil } from ""./LibUtil.sol"";

library LibSwap {
    uint256 private constant MAX_INT = 2**256 - 1;

    struct SwapData {
        address callTo;
        address approveTo;
        address sendingAssetId;
        address receivingAssetId;
        uint256 fromAmount;
        bytes callData;
    }

    event AssetSwapped(
        bytes32 transactionId,
        address dex,
        address fromAssetId,
        address toAssetId,
        uint256 fromAmount,
        uint256 toAmount,
        uint256 timestamp
    );

    function swap(bytes32 transactionId, SwapData calldata _swapData) internal {
        uint256 fromAmount = _swapData.fromAmount;
        uint256 toAmount = LibAsset.getOwnBalance(_swapData.receivingAssetId);
        address fromAssetId = _swapData.sendingAssetId;
        if (!LibAsset.isNativeAsset(fromAssetId) && LibAsset.getOwnBalance(fromAssetId) < fromAmount) {
            LibAsset.transferFromERC20(fromAssetId, msg.sender, address(this), fromAmount);
        }

        if (!LibAsset.isNativeAsset(fromAssetId)) {
            LibAsset.approveERC20(IERC20(fromAssetId), _swapData.approveTo, fromAmount);
        }

        
        (bool success, bytes memory res) = _swapData.callTo.call{ value: msg.value }(_swapData.callData);
        if (!success) {
            string memory reason = LibUtil.getRevertMsg(res);
            revert(reason);
        }

        toAmount = LibAsset.getOwnBalance(_swapData.receivingAssetId) - toAmount;
        emit AssetSwapped(
            transactionId,
            _swapData.callTo,
            _swapData.sendingAssetId,
            _swapData.receivingAssetId,
            fromAmount,
            toAmount,
            block.timestamp
        );
    }
}",420.0,0,4,"The smart contract provided has several potential vulnerabilities. Here is a list of the vulnerabilities identified:

1. **Reentrancy Vulnerability**:
   - The contract makes an external call to `_swapData.callTo.call` without using a reentrancy guard. This could allow an attacker to re-enter the contract and manipulate the state before the previous call completes.

2. **Unchecked Call Return Value**:
   - The external call to `_swapData.callTo.call` is checked for success, but the contract does not verify the return data length or handle the case where the call returns no data. This could lead to unexpected behavior.

3. **Integer Overflow/Underflow**:
   - The contract uses arithmetic operations without checking for overflow/underflow, especially when calculating `toAmount = LibAsset.getOwnBalance(_swapData.receivingAssetId) - toAmount`. Although Solidity 0.8.x has built-in overflow checks, it's still good practice to explicitly handle such cases.

4. **Lack of Input Validation**:
   - The contract does not validate the inputs to the `swap` function, such as checking if `_swapData.callTo` is a valid address or if `_swapData.callData` is properly formatted. This could lead to unexpected behavior or exploitation.

5. **Unrestricted Approval**:
   - The contract approves the `_swapData.approveTo` address to spend `fromAmount` tokens on behalf of the contract without any restrictions. This could lead to over-approval and potential misuse of the approved tokens.

6. **Potential Front-Running**:
   - The contract emits an event after the swap is completed, which could be used by an attacker to front-run the transaction and manipulate the market conditions.

7. **Gas Limit Issues**:
   - The external call to `_swapData.callTo.call` could consume an unpredictable amount of gas, potentially leading to out-of-gas errors or denial of service.

8. **Unhandled Native Asset Transfer**:
   - The contract does not handle the case where `msg.value` is sent but the `fromAssetId` is not a native asset. This could lead to loss of funds if `msg.value` is not zero.

9. **Potential Token Balance Manipulation**:
   - The contract relies on the balance of the receiving asset before and after the swap to calculate `toAmount`. An attacker could manipulate the token balance during the swap to affect the outcome.

10. **Lack of Access Control**:
    - The `swap` function is internal, but it is not clear if it is called by a function with proper access control. This could lead to unauthorized swaps if the function is exposed incorrectly.

11. **Uninitialized Storage Pointer**:
    - The `SwapData` struct is passed as a `calldata` parameter, but if any of its fields are not properly initialized, it could lead to unexpected behavior.

12. **Potential Denial of Service**:
    - If the external call to `_swapData.callTo.call` fails and reverts, the entire transaction will revert, potentially causing a denial of service for legitimate users.

These vulnerabilities could be exploited by an attacker to manipulate the contract's behavior, steal funds, or cause other unintended consequences.",0,1,3,12,"### **[M-02] Anyone can get swaps for free given certain conditions in swap**

**Report Description**:
The `swap` function allows anyone to get swaps for free under certain conditions. Specifically, unaccounted ERC20 balances could be freely taken through the `swap` function, leading to potential loss of funds or unauthorized swaps.

**Match in Response List**:
**No match found**.

**Validation**:
**Incorrect**. The response list does not address the issue of unauthorized or free swaps due to unaccounted ERC20 balances. This is a critical oversight, as it directly impacts the security and fairness of the swap mechanism.

---

### **[M-03] LibSwap: Excess funds from swaps are not returned**

**Report Description**:
The `LibSwap` library does not return excess funds from swaps to the user. When `_swapData.fromAmount` is greater than the actual amount used (e.g., when swapping for an exact output or performing another swap after swapping with an exact input), the excess funds remain in the contract, leading to potential loss of user funds.

**Match in Response List**:
**No match found**.

**Validation**:
**Incorrect**. The response list does not mention the issue of unreturned excess funds from swaps. This is a significant oversight, as it directly impacts user funds and contract integrity.

---

### **[M-04] msg.value is Sent Multiple Times When Performing a Swap**

**Report Description**:
The `msg.value` is attached multiple times to external swap calls in `LibSwap.swap()`. This could lead to unintended behavior, such as sending more native tokens than intended, potentially resulting in loss of funds or failed transactions.

**Match in Response List**:
**No match found**.

**Validation**:
**Incorrect**. The response list does not address the issue of `msg.value` being sent multiple times during swaps. This is a critical oversight, as it directly impacts the handling of native tokens in the contract.

---

### **[M-11] Failed transfer with low level call won't revert**

**Report Description**:
The low-level call `_swapData.callTo.call{ value: msg.value }(_swapData.callData);` fails but returns success due to a non-existing contract. This could lead to unexpected behavior, as the contract does not handle the case where the call fails but does not revert.

**Match in Response List**:
Matches with the issue titled **""Unchecked Call Return Value""**.

**Validation**:
**Partially Correct**. The response identifies the issue with unchecked call return values but does not specifically address the scenario where the call fails due to a non-existing contract. The response could be more precise in describing the potential impact of this vulnerability.

---

### **Summary of Matches and Gaps**

**Correct Matches**:
- *None*

**Partially Correct Matches**:
- **[M-11] Failed transfer with low level call won't revert**

**Missed Issues from Issue Report**:
- **[M-02] Anyone can get swaps for free given certain conditions in swap**
- **[M-03] LibSwap: Excess funds from swaps are not returned**
- **[M-04] msg.value is Sent Multiple Times When Performing a Swap**

---

### **Conclusion**
The response list covers some general vulnerabilities but misses several critical issues specific to the provided `issue` report. The partially correct match for [M-11] indicates that the response list has some relevance but lacks the depth and specificity needed to fully address the reported issues. The missed issues highlight significant gaps in the response list's coverage, particularly in areas related to unauthorized swaps, unreturned excess funds, and improper handling of `msg.value`.","```
None.
```",0.0
CBridgeFacet.sol,"// SPDX-License-Identifier: MIT
pragma solidity ^0.8.7;

import { LibAsset, IERC20 } from ""../Libraries/LibAsset.sol"";
import { ILiFi } from ""../Interfaces/ILiFi.sol"";
import { ICBridge } from ""../Interfaces/ICBridge.sol"";
import { LibDiamond } from ""../Libraries/LibDiamond.sol"";
import ""./Swapper.sol"";

/**
 * @title CBridge Facet
 * @author Li.Finance (https://li.finance)
 * @notice Provides functionality for bridging through CBridge
 */
contract CBridgeFacet is ILiFi, Swapper {
    /* ========== Storage ========== */

    bytes32 internal constant NAMESPACE = keccak256(""com.lifi.facets.cbridge2"");
    struct Storage {
        address cBridge;
        uint64 cBridgeChainId;
    }

    /* ========== Types ========== */

    struct CBridgeData {
        address receiver;
        address token;
        uint256 amount;
        uint64 dstChainId;
        uint64 nonce;
        uint32 maxSlippage;
    }

    /* ========== Init ========== */

    /**
     * @notice Initializes local variables for the CBridge facet
     * @param _cBridge address of the canonical CBridge router contract
     * @param _chainId chainId of this deployed contract
     */
    function initCbridge(address _cBridge, uint64 _chainId) external {
        Storage storage s = getStorage();
        LibDiamond.enforceIsContractOwner();
        s.cBridge = _cBridge;
        s.cBridgeChainId = _chainId;
        emit Inited(s.cBridge, s.cBridgeChainId);
    }

    /* ========== Public Bridge Functions ========== */

    /**
     * @notice Bridges tokens via CBridge
     * @param _lifiData data used purely for tracking and analytics
     * @param _cBridgeData data specific to CBridge
     */
    function startBridgeTokensViaCBridge(LiFiData memory _lifiData, CBridgeData calldata _cBridgeData) public payable {
        if (_cBridgeData.token != address(0)) {
            uint256 _fromTokenBalance = LibAsset.getOwnBalance(_cBridgeData.token);

            LibAsset.transferFromERC20(_cBridgeData.token, msg.sender, address(this), _cBridgeData.amount);

            require(
                LibAsset.getOwnBalance(_cBridgeData.token) - _fromTokenBalance == _cBridgeData.amount,
                ""ERR_INVALID_AMOUNT""
            );
        } else {
            require(msg.value >= _cBridgeData.amount, ""ERR_INVALID_AMOUNT"");
        }

        _startBridge(_cBridgeData);

        emit LiFiTransferStarted(
            _lifiData.transactionId,
            _lifiData.integrator,
            _lifiData.referrer,
            _lifiData.sendingAssetId,
            _lifiData.receivingAssetId,
            _lifiData.receiver,
            _lifiData.amount,
            _lifiData.destinationChainId,
            block.timestamp
        );
    }

    /**
     * @notice Performs a swap before bridging via CBridge
     * @param _lifiData data used purely for tracking and analytics
     * @param _swapData an array of swap related data for performing swaps before bridging
     * @param _cBridgeData data specific to CBridge
     */
    function swapAndStartBridgeTokensViaCBridge(
        LiFiData memory _lifiData,
        LibSwap.SwapData[] calldata _swapData,
        CBridgeData memory _cBridgeData
    ) public payable {
        if (_cBridgeData.token != address(0)) {
            uint256 _fromTokenBalance = LibAsset.getOwnBalance(_cBridgeData.token);

            // Swap
            _executeSwaps(_lifiData, _swapData);

            uint256 _postSwapBalance = LibAsset.getOwnBalance(_cBridgeData.token) - _fromTokenBalance;

            require(_postSwapBalance > 0, ""ERR_INVALID_AMOUNT"");

            _cBridgeData.amount = _postSwapBalance;
        } else {
            uint256 _fromBalance = address(this).balance;

            // Swap
            _executeSwaps(_lifiData, _swapData);

            uint256 _postSwapBalance = address(this).balance - _fromBalance;

            require(_postSwapBalance > 0, ""ERR_INVALID_AMOUNT"");

            _cBridgeData.amount = _postSwapBalance;
        }

        _startBridge(_cBridgeData);

        emit LiFiTransferStarted(
            _lifiData.transactionId,
            _lifiData.integrator,
            _lifiData.referrer,
            _lifiData.sendingAssetId,
            _lifiData.receivingAssetId,
            _lifiData.receiver,
            _lifiData.amount,
            _lifiData.destinationChainId,
            block.timestamp
        );
    }

    /* ========== Internal Functions ========== */

    /*
     * @dev Conatains the business logic for the bridge via CBridge
     * @param _cBridgeData data specific to CBridge
     */
    function _startBridge(CBridgeData memory _cBridgeData) internal {
        Storage storage s = getStorage();
        address bridge = _bridge();

        // Do CBridge stuff
        require(s.cBridgeChainId != _cBridgeData.dstChainId, ""Cannot bridge to the same network."");

        if (LibAsset.isNativeAsset(_cBridgeData.token)) {
            ICBridge(bridge).sendNative(
                _cBridgeData.receiver,
                _cBridgeData.amount,
                _cBridgeData.dstChainId,
                _cBridgeData.nonce,
                _cBridgeData.maxSlippage
            );
        } else {
            // Give CBridge approval to bridge tokens
            LibAsset.approveERC20(IERC20(_cBridgeData.token), bridge, _cBridgeData.amount);
            // solhint-disable check-send-result
            ICBridge(bridge).send(
                _cBridgeData.receiver,
                _cBridgeData.token,
                _cBridgeData.amount,
                _cBridgeData.dstChainId,
                _cBridgeData.nonce,
                _cBridgeData.maxSlippage
            );
        }
    }

    /*
     * @dev Public view function for the CBridge router address
     * @returns the router address
     */
    function _bridge() internal view returns (address) {
        Storage storage s = getStorage();
        return s.cBridge;
    }

    /**
     * @dev fetch local storage
     */
    function getStorage() internal pure returns (Storage storage s) {
        bytes32 namespace = NAMESPACE;
        // solhint-disable-next-line no-inline-assembly
        assembly {
            s.slot := namespace
        }
    }
}",1422.0,191.0,"[M-05] cBridge integration fails to send native tokens
In the function `_startBridge()`, the external sendNative() call fails to include sending the native tokens together with it.
  [M-09] Should prevent users from sending more native tokens in the `startBridgeTokensViaCBridge` function
When a user bridges a native token via the `startBridgeTokensViaCBridge` function of `CBridgeFacet`, the contract checks whether `msg.value >= _cBridgeData.amount` holds. In other words, if a user accidentally sends more native tokens than he has to, the contract accepts it but only bridges the `_cBridgeData.amount` amount of tokens. The rest of the tokens are left in the contract and can be recovered by anyone (see another submission for details).",2.0,"pragma solidity ^0.8.7;

import { LibAsset, IERC20 } from ""../Libraries/LibAsset.sol"";
import { ILiFi } from ""../Interfaces/ILiFi.sol"";
import { ICBridge } from ""../Interfaces/ICBridge.sol"";
import { LibDiamond } from ""../Libraries/LibDiamond.sol"";
import ""./Swapper.sol"";


contract CBridgeFacet is ILiFi, Swapper {
    

    bytes32 internal constant NAMESPACE = keccak256(""com.lifi.facets.cbridge2"");
    struct Storage {
        address cBridge;
        uint64 cBridgeChainId;
    }

    

    struct CBridgeData {
        address receiver;
        address token;
        uint256 amount;
        uint64 dstChainId;
        uint64 nonce;
        uint32 maxSlippage;
    }

    

    
    function initCbridge(address _cBridge, uint64 _chainId) external {
        Storage storage s = getStorage();
        LibDiamond.enforceIsContractOwner();
        s.cBridge = _cBridge;
        s.cBridgeChainId = _chainId;
        emit Inited(s.cBridge, s.cBridgeChainId);
    }

    

    
    function startBridgeTokensViaCBridge(LiFiData memory _lifiData, CBridgeData calldata _cBridgeData) public payable {
        if (_cBridgeData.token != address(0)) {
            uint256 _fromTokenBalance = LibAsset.getOwnBalance(_cBridgeData.token);

            LibAsset.transferFromERC20(_cBridgeData.token, msg.sender, address(this), _cBridgeData.amount);

            require(
                LibAsset.getOwnBalance(_cBridgeData.token) - _fromTokenBalance == _cBridgeData.amount,
                ""ERR_INVALID_AMOUNT""
            );
        } else {
            require(msg.value >= _cBridgeData.amount, ""ERR_INVALID_AMOUNT"");
        }

        _startBridge(_cBridgeData);

        emit LiFiTransferStarted(
            _lifiData.transactionId,
            _lifiData.integrator,
            _lifiData.referrer,
            _lifiData.sendingAssetId,
            _lifiData.receivingAssetId,
            _lifiData.receiver,
            _lifiData.amount,
            _lifiData.destinationChainId,
            block.timestamp
        );
    }

    
    function swapAndStartBridgeTokensViaCBridge(
        LiFiData memory _lifiData,
        LibSwap.SwapData[] calldata _swapData,
        CBridgeData memory _cBridgeData
    ) public payable {
        if (_cBridgeData.token != address(0)) {
            uint256 _fromTokenBalance = LibAsset.getOwnBalance(_cBridgeData.token);

            
            _executeSwaps(_lifiData, _swapData);

            uint256 _postSwapBalance = LibAsset.getOwnBalance(_cBridgeData.token) - _fromTokenBalance;

            require(_postSwapBalance > 0, ""ERR_INVALID_AMOUNT"");

            _cBridgeData.amount = _postSwapBalance;
        } else {
            uint256 _fromBalance = address(this).balance;

            
            _executeSwaps(_lifiData, _swapData);

            uint256 _postSwapBalance = address(this).balance - _fromBalance;

            require(_postSwapBalance > 0, ""ERR_INVALID_AMOUNT"");

            _cBridgeData.amount = _postSwapBalance;
        }

        _startBridge(_cBridgeData);

        emit LiFiTransferStarted(
            _lifiData.transactionId,
            _lifiData.integrator,
            _lifiData.referrer,
            _lifiData.sendingAssetId,
            _lifiData.receivingAssetId,
            _lifiData.receiver,
            _lifiData.amount,
            _lifiData.destinationChainId,
            block.timestamp
        );
    }

    

    
    function _startBridge(CBridgeData memory _cBridgeData) internal {
        Storage storage s = getStorage();
        address bridge = _bridge();

        
        require(s.cBridgeChainId != _cBridgeData.dstChainId, ""Cannot bridge to the same network."");

        if (LibAsset.isNativeAsset(_cBridgeData.token)) {
            ICBridge(bridge).sendNative(
                _cBridgeData.receiver,
                _cBridgeData.amount,
                _cBridgeData.dstChainId,
                _cBridgeData.nonce,
                _cBridgeData.maxSlippage
            );
        } else {
            
            LibAsset.approveERC20(IERC20(_cBridgeData.token), bridge, _cBridgeData.amount);
            
            ICBridge(bridge).send(
                _cBridgeData.receiver,
                _cBridgeData.token,
                _cBridgeData.amount,
                _cBridgeData.dstChainId,
                _cBridgeData.nonce,
                _cBridgeData.maxSlippage
            );
        }
    }

    
    function _bridge() internal view returns (address) {
        Storage storage s = getStorage();
        return s.cBridge;
    }

    
    function getStorage() internal pure returns (Storage storage s) {
        bytes32 namespace = NAMESPACE;
        
        assembly {
            s.slot := namespace
        }
    }
}",1086.0,0,2,"Here are the vulnerabilities identified in the provided smart contract:

---

### 1. **Reentrancy Risk**
   - **Location**: `startBridgeTokensViaCBridge` and `swapAndStartBridgeTokensViaCBridge` functions.
   - **Description**: The contract interacts with external contracts (e.g., `ICBridge`) after transferring tokens or Ether. If these external contracts are malicious or compromised, they could re-enter the contract and exploit the state before it is updated.
   - **Example**: In `startBridgeTokensViaCBridge`, after transferring tokens, the contract calls `_startBridge`, which interacts with an external bridge contract.

---

### 2. **Lack of Input Validation**
   - **Location**: `initCbridge`, `startBridgeTokensViaCBridge`, and `swapAndStartBridgeTokensViaCBridge` functions.
   - **Description**: The contract does not validate critical inputs, such as `_cBridge`, `_cBridgeData.receiver`, `_cBridgeData.token`, and `_cBridgeData.dstChainId`. Malicious inputs could lead to unexpected behavior or loss of funds.
   - **Example**: In `initCbridge`, the `_cBridge` address is not checked for validity (e.g., zero address or non-contract address).

---

### 3. **Integer Overflow/Underflow**
   - **Location**: `startBridgeTokensViaCBridge` and `swapAndStartBridgeTokensViaCBridge` functions.
   - **Description**: The contract performs arithmetic operations (e.g., `LibAsset.getOwnBalance(_cBridgeData.token) - _fromTokenBalance`) without using SafeMath or similar protections. Although Solidity 0.8.x has built-in overflow/underflow checks, this is still a good practice to ensure robustness.
   - **Example**: In `startBridgeTokensViaCBridge`, the subtraction operation could underflow if `_fromTokenBalance` is greater than the current balance.

---

### 4. **Unchecked Return Values**
   - **Location**: `_startBridge` function.
   - **Description**: The contract does not check the return values of external calls (e.g., `ICBridge.sendNative` or `ICBridge.send`). If these calls fail, the contract may not handle the error appropriately, leading to unexpected behavior.
   - **Example**: In `_startBridge`, the `sendNative` and `send` functions are called without verifying their success.

---

### 5. **Token Approval Risk**
   - **Location**: `_startBridge` function.
   - **Description**: The contract approves the bridge contract to spend tokens on its behalf. If the bridge contract is compromised or malicious, it could drain the contract's token balance.
   - **Example**: In `_startBridge`, `LibAsset.approveERC20` is used to approve the bridge contract for the token amount.

---

### 6. **Uninitialized Storage**
   - **Location**: `getStorage` function.
   - **Description**: The contract uses a custom storage layout with `NAMESPACE`. If the storage is not properly initialized, it could lead to undefined behavior or conflicts with other contracts using the same storage slot.
   - **Example**: The `getStorage` function assumes the storage is correctly initialized but does not verify it.

---

### 7. **Lack of Event Emission for Critical Actions**
   - **Location**: `_startBridge` function.
   - **Description**: The contract does not emit events for critical actions like token transfers or bridge interactions. This makes it difficult to track and audit the contract's behavior.
   - **Example**: In `_startBridge`, there is no event emitted after interacting with the bridge contract.

---

### 8. **Potential Front-Running**
   - **Location**: `startBridgeTokensViaCBridge` and `swapAndStartBridgeTokensViaCBridge` functions.
   - **Description**: The contract does not include mechanisms to prevent front-running, such as commit-reveal schemes or deadlines. An attacker could observe pending transactions and exploit them.
   - **Example**: In `swapAndStartBridgeTokensViaCBridge`, an attacker could front-run the swap and bridge transactions to manipulate prices or amounts.

---

### 9. **Missing Access Control**
   - **Location**: `startBridgeTokensViaCBridge` and `swapAndStartBridgeTokensViaCBridge` functions.
   - **Description**: These functions are `public` and can be called by anyone. If they are intended to be restricted to specific users or roles, the contract lacks proper access control.
   - **Example**: `startBridgeTokensViaCBridge` is `public` and does not enforce any restrictions on who can call it.

---

### 10. **Gas Limit Issues**
   - **Location**: `swapAndStartBridgeTokensViaCBridge` function.
   - **Description**: The function executes multiple swaps in a loop (`_executeSwaps`). If the number of swaps is large or the swaps are complex, the transaction could exceed the gas limit, causing it to fail.
   - **Example**: In `swapAndStartBridgeTokensViaCBridge`, the `_executeSwaps` function could consume excessive gas.

---

### 11. **No Fallback or Receive Function**
   - **Location**: Contract level.
   - **Description**: The contract does not include a `receive` or `fallback` function. If Ether is sent directly to the contract (e.g., via `selfdestruct` or accidental transfer), it will be lost.
   - **Example**: The contract does not handle direct Ether transfers.

---

### 12. **Insufficient Slippage Protection**
   - **Location**: `swapAndStartBridgeTokensViaCBridge` function.
   - **Description**: The contract does not enforce slippage protection for swaps. If the market conditions change during the transaction, the user could receive fewer tokens than expected.
   - **Example**: In `swapAndStartBridgeTokensViaCBridge`, the `_executeSwaps` function does not validate the output amount against a minimum threshold.

---

These vulnerabilities highlight areas where the contract could be exploited or behave unexpectedly.",0,1,1,12,"### **[M-05] cBridge integration fails to send native tokens**

**Report Description**:
In the function `_startBridge()`, the external `sendNative()` call fails to include sending the native tokens together with it. This oversight means that native tokens are not transferred as intended, leading to a failure in the bridging process and potential loss of funds.

**Match in Response List**:
Matches with the issue titled **""Unchecked Return Values""**.

**Validation**:
**Partially Correct**. The response identifies the issue with unchecked return values in the `_startBridge` function, which is relevant to the problem described. However, the response does not specifically address the failure to send native tokens, which is the core issue in the report. The response focuses on the general risk of unchecked return values but misses the critical detail of the missing native token transfer.

---

### **[M-09] Should prevent users from sending more native tokens in the `startBridgeTokensViaCBridge` function**

**Report Description**:
When a user bridges a native token via the `startBridgeTokensViaCBridge` function of `CBridgeFacet`, the contract checks whether `msg.value >= _cBridgeData.amount` holds. If a user accidentally sends more native tokens than required, the contract accepts it but only bridges the `_cBridgeData.amount` amount of tokens. The excess tokens are left in the contract and can be recovered by anyone, leading to potential loss of funds.

**Match in Response List**:
**No match found**.

**Validation**:
**Incorrect**. The response list does not address this issue at all. The problem of accepting excess native tokens and leaving them in the contract is a significant oversight that is not covered by any of the responses in the list. This issue highlights a lack of proper validation and handling of user inputs, which is not mentioned in the response list.

---

### **Summary of Matches and Gaps**

**Correct Matches**:
- *None*

**Partially Correct Matches**:
- **[M-05] cBridge integration fails to send native tokens**

**Missed Issues from Issue Report**:
- **[M-09] Should prevent users from sending more native tokens in the `startBridgeTokensViaCBridge` function**

---

### **Analysis of Gaps**

The response list covers a wide range of vulnerabilities but misses specific issues related to the handling of native tokens in the `startBridgeTokensViaCBridge` function. The issue of accepting excess native tokens and leaving them in the contract is a critical oversight that is not addressed. Additionally, while the response list identifies the general risk of unchecked return values, it does not specifically address the failure to send native tokens in the `_startBridge` function. These gaps indicate a need for more detailed and specific responses to ensure comprehensive coverage of all potential vulnerabilities.","```
None.
```",0.0
,,,,,,,,0,9,,3,5,4,54,,,
