nameid,code,tokens,loc,issue,vulnumber,code_snippet,processtokens,high_severity_count,medium_severity_count,Reasoning,Findings,Comparison,Correct,Partially,Not Match,LLM-generated,matchList,MAP
AaveV3YieldSource.sol,"// SPDX-License-Identifier: GPL-3.0

pragma solidity 0.8.10;

import { IAToken } from ""@aave/core-v3/contracts/interfaces/IAToken.sol"";
import { IPool } from ""@aave/core-v3/contracts/interfaces/IPool.sol"";
import { IPoolAddressesProvider } from ""@aave/core-v3/contracts/interfaces/IPoolAddressesProvider.sol"";
import { IPoolAddressesProviderRegistry } from ""@aave/core-v3/contracts/interfaces/IPoolAddressesProviderRegistry.sol"";
import { IRewardsController } from ""@aave/periphery-v3/contracts/rewards/interfaces/IRewardsController.sol"";

import { ERC20 } from ""@openzeppelin/contracts/token/ERC20/ERC20.sol"";
import { IERC20 } from ""@openzeppelin/contracts/token/ERC20/IERC20.sol"";
import { SafeERC20 } from ""@openzeppelin/contracts/token/ERC20/utils/SafeERC20.sol"";
import { SafeMath } from ""@openzeppelin/contracts/utils/math/SafeMath.sol"";
import { ReentrancyGuard } from ""@openzeppelin/contracts/security/ReentrancyGuard.sol"";

import { Manageable, Ownable } from ""@pooltogether/owner-manager-contracts/contracts/Manageable.sol"";
import { IYieldSource } from ""@pooltogether/yield-source-interface/contracts/IYieldSource.sol"";

/**
 * @title Aave V3 Yield Source contract, implementing PoolTogether's generic yield source interface.
 * @dev This contract inherits from the ERC20 implementation to keep track of users deposits.
 * @notice Yield Source for a PoolTogether prize pool that generates yield by depositing into Aave V3.
 */
contract AaveV3YieldSource is ERC20, IYieldSource, Manageable, ReentrancyGuard {
  using SafeMath for uint256;
  using SafeERC20 for IERC20;

  /* ============ Events ============ */

  /**
   * @notice Emitted when the yield source is initialized.
   * @param aToken Aave aToken address
   * @param rewardsController Aave rewardsController address
   * @param poolAddressesProviderRegistry Aave poolAddressesProviderRegistry address
   * @param name Token name for the underlying ERC20 shares
   * @param symbol Token symbol for the underlying ERC20 shares
   * @param decimals Number of decimals the shares (inhereted ERC20) will have. Same as underlying asset to ensure sane exchange rates for shares.
   * @param owner Owner of this contract
   */
  event AaveV3YieldSourceInitialized(
    IAToken indexed aToken,
    IRewardsController rewardsController,
    IPoolAddressesProviderRegistry poolAddressesProviderRegistry,
    string name,
    string symbol,
    uint8 decimals,
    address owner
  );

  /**
   * @notice Emitted when asset tokens are supplied to the yield source.
   * @param from Address that supplied the tokens
   * @param shares Amount of shares minted to the user
   * @param amount Amount of tokens supplied
   * @param to Address that received the shares
   */
  event SuppliedTokenTo(address indexed from, uint256 shares, uint256 amount, address indexed to);

  /**
   * @notice Emitted when asset tokens are redeemed from the yield source.
   * @param from Address who redeemed the tokens
   * @param shares Amount of shares burnt
   * @param amount Amount of tokens redeemed
   */
  event RedeemedToken(address indexed from, uint256 shares, uint256 amount);

  /**
   * @notice Emitted when Aave rewards have been claimed.
   * @param from Address who claimed the rewards
   * @param to Address that received the rewards
   * @param rewardsList List of addresses of the reward tokens
   * @param claimedAmounts List that contains the claimed amount per reward token
   */
  event Claimed(
    address indexed from,
    address indexed to,
    address[] rewardsList,
    uint256[] claimedAmounts
  );

  /**
   * @notice Emitted when decreasing allowance of ERC20 tokens other than yield source's aToken.
   * @param from Address of the caller
   * @param spender Address of the spender
   * @param amount Amount of `token` to decrease allowance by
   * @param token Address of the ERC20 token to decrease allowance for
   */
  event DecreasedERC20Allowance(
    address indexed from,
    address indexed spender,
    uint256 amount,
    IERC20 indexed token
  );

  /**
   * @notice Emitted when increasing allowance of ERC20 tokens other than yield source's aToken.
   * @param from Address of the caller
   * @param spender Address of the spender
   * @param amount Amount of `token` to increase allowance by
   * @param token Address of the ERC20 token to increase allowance for
   */
  event IncreasedERC20Allowance(
    address indexed from,
    address indexed spender,
    uint256 amount,
    IERC20 indexed token
  );

  /**
   * @notice Emitted when ERC20 tokens other than yield source's aToken are withdrawn from the yield source.
   * @param from Address of the caller
   * @param to Address of the recipient
   * @param amount Amount of `token` transferred
   * @param token Address of the ERC20 token transferred
   */
  event TransferredERC20(
    address indexed from,
    address indexed to,
    uint256 amount,
    IERC20 indexed token
  );

  /* ============ Variables ============ */

  /// @notice Yield-bearing Aave aToken address.
  IAToken public aToken;

  /// @notice Aave RewardsController address.
  IRewardsController public rewardsController;

  /// @notice Aave poolAddressesProviderRegistry address.
  IPoolAddressesProviderRegistry public poolAddressesProviderRegistry;

  /// @notice ERC20 token decimals.
  uint8 private immutable _decimals;

  /**
   * @dev Aave genesis market PoolAddressesProvider's ID.
   * @dev This variable could evolve in the future if we decide to support other markets.
   */
  uint256 private constant ADDRESSES_PROVIDER_ID = uint256(0);

  /// @dev PoolTogether's Aave Referral Code
  uint16 private constant REFERRAL_CODE = uint16(188);

  /* ============ Constructor ============ */

  /**
   * @notice Initializes the yield source with Aave aToken.
   * @param _aToken Aave aToken address
   * @param _rewardsController Aave rewardsController address
   * @param _poolAddressesProviderRegistry Aave poolAddressesProviderRegistry address
   * @param _name Token name for the underlying ERC20 shares
   * @param _symbol Token symbol for the underlying ERC20 shares
   * @param decimals_ Number of decimals the shares (inhereted ERC20) will have. Same as underlying asset to ensure sane exchange rates for shares.
   * @param _owner Owner of this contract
   */
  constructor(
    IAToken _aToken,
    IRewardsController _rewardsController,
    IPoolAddressesProviderRegistry _poolAddressesProviderRegistry,
    string memory _name,
    string memory _symbol,
    uint8 decimals_,
    address _owner
  ) Ownable(_owner) ERC20(_name, _symbol) ReentrancyGuard() {
    require(address(_aToken) != address(0), ""AaveV3YS/aToken-not-zero-address"");
    aToken = _aToken;

    require(address(_rewardsController) != address(0), ""AaveV3YS/RC-not-zero-address"");
    rewardsController = _rewardsController;

    require(address(_poolAddressesProviderRegistry) != address(0), ""AaveV3YS/PR-not-zero-address"");
    poolAddressesProviderRegistry = _poolAddressesProviderRegistry;

    require(_owner != address(0), ""AaveV3YS/owner-not-zero-address"");

    require(decimals_ > 0, ""AaveV3YS/decimals-gt-zero"");
    _decimals = decimals_;

    // Approve once for max amount
    IERC20(_tokenAddress()).safeApprove(address(_pool()), type(uint256).max);

    emit AaveV3YieldSourceInitialized(
      _aToken,
      _rewardsController,
      _poolAddressesProviderRegistry,
      _name,
      _symbol,
      decimals_,
      _owner
    );
  }

  /* ============ External Functions ============ */

  /**
   * @notice Returns user total balance (in asset tokens). This includes their deposit and interest.
   * @param _user Address of the user to get balance of token for
   * @return The underlying balance of asset tokens.
   */
  function balanceOfToken(address _user) external override returns (uint256) {
    return _sharesToToken(balanceOf(_user));
  }

  /**
   * @notice Returns the ERC20 asset token used for deposits.
   * @return The ERC20 asset token address.
   */
  function depositToken() public view override returns (address) {
    return _tokenAddress();
  }

  /**
   * @notice Returns the Yield Source ERC20 token decimals.
   * @dev This value should be equal to the decimals of the token used to deposit into the pool.
   * @return The number of decimals.
   */
  function decimals() public view virtual override returns (uint8) {
    return _decimals;
  }

  /**
   * @notice Supplies asset tokens to the yield source.
   * @dev Shares corresponding to the number of tokens supplied are minted to the user's balance.
   * @dev Asset tokens are supplied to the yield source, then deposited into Aave.
   * @param _depositAmount The amount of asset tokens to be supplied
   * @param _to The user whose balance will receive the tokens
   */
  function supplyTokenTo(uint256 _depositAmount, address _to) external override nonReentrant {
    uint256 _shares = _tokenToShares(_depositAmount);
    require(_shares > 0, ""AaveV3YS/shares-gt-zero"");

    address _underlyingAssetAddress = _tokenAddress();
    IERC20(_underlyingAssetAddress).safeTransferFrom(msg.sender, address(this), _depositAmount);
    _pool().supply(_underlyingAssetAddress, _depositAmount, address(this), REFERRAL_CODE);

    _mint(_to, _shares);

    emit SuppliedTokenTo(msg.sender, _shares, _depositAmount, _to);
  }

  /**
   * @notice Redeems asset tokens from the yield source.
   * @dev Shares corresponding to the number of tokens withdrawn are burnt from the user's balance.
   * @dev Asset tokens are withdrawn from Aave, then transferred from the yield source to the user's wallet.
   * @param _redeemAmount The amount of asset tokens to be redeemed
   * @return The actual amount of asset tokens that were redeemed.
   */
  function redeemToken(uint256 _redeemAmount) external override nonReentrant returns (uint256) {
    address _underlyingAssetAddress = _tokenAddress();
    IERC20 _assetToken = IERC20(_underlyingAssetAddress);

    uint256 _shares = _tokenToShares(_redeemAmount);
    _burn(msg.sender, _shares);

    uint256 _beforeBalance = _assetToken.balanceOf(address(this));
    _pool().withdraw(_underlyingAssetAddress, _redeemAmount, address(this));
    uint256 _afterBalance = _assetToken.balanceOf(address(this));

    uint256 _balanceDiff = _afterBalance.sub(_beforeBalance);
    _assetToken.safeTransfer(msg.sender, _balanceDiff);

    emit RedeemedToken(msg.sender, _shares, _redeemAmount);
    return _balanceDiff;
  }

  /**
   * @notice Claims the accrued rewards for the aToken, accumulating any pending rewards.
   * @dev Only callable by the owner or manager.
   * @param _to Address where the claimed rewards will be sent
   * @return True if operation was successful.
   */
  function claimRewards(address _to) external onlyManagerOrOwner returns (bool) {
    require(_to != address(0), ""AaveV3YS/payee-not-zero-address"");

    address[] memory _assets = new address[](1);
    _assets[0] = address(aToken);

    (address[] memory _rewardsList, uint256[] memory _claimedAmounts) = rewardsController
      .claimAllRewards(_assets, _to);

    emit Claimed(msg.sender, _to, _rewardsList, _claimedAmounts);
    return true;
  }

  /**
   * @notice Decrease allowance of ERC20 tokens other than the aTokens held by this contract.
   * @dev This function is only callable by the owner or asset manager.
   * @dev Current allowance should be computed off-chain to avoid any underflow.
   * @param _token Address of the ERC20 token to decrease allowance for
   * @param _spender Address of the spender of the tokens
   * @param _amount Amount of tokens to decrease allowance by
   */
  function decreaseERC20Allowance(
    IERC20 _token,
    address _spender,
    uint256 _amount
  ) external onlyManagerOrOwner {
    _requireNotAToken(address(_token));
    _token.safeDecreaseAllowance(_spender, _amount);
    emit DecreasedERC20Allowance(msg.sender, _spender, _amount, _token);
  }

  /**
   * @notice Increase allowance of ERC20 tokens other than the aTokens held by this contract.
   * @dev This function is only callable by the owner or asset manager.
   * @dev Allows another contract or address to withdraw funds from the yield source.
   * @dev Current allowance should be computed off-chain to avoid any overflow.
   * @param _token Address of the ERC20 token to increase allowance for
   * @param _spender Address of the spender of the tokens
   * @param _amount Amount of tokens to increase allowance by
   */
  function increaseERC20Allowance(
    IERC20 _token,
    address _spender,
    uint256 _amount
  ) external onlyManagerOrOwner {
    _requireNotAToken(address(_token));
    _token.safeIncreaseAllowance(_spender, _amount);
    emit IncreasedERC20Allowance(msg.sender, _spender, _amount, _token);
  }

  /**
   * @notice Transfer ERC20 tokens other than the aTokens held by this contract to the recipient address.
   * @dev This function is only callable by the owner or asset manager.
   * @param _token Address of the ERC20 token to transfer
   * @param _to Address of the recipient of the tokens
   * @param _amount Amount of tokens to transfer
   */
  function transferERC20(
    IERC20 _token,
    address _to,
    uint256 _amount
  ) external onlyManagerOrOwner {
    require(address(_token) != address(aToken), ""AaveV3YS/forbid-aToken-transfer"");
    _token.safeTransfer(_to, _amount);
    emit TransferredERC20(msg.sender, _to, _amount, _token);
  }

  /* ============ Internal Functions ============ */

  /**
   * @notice Check that the token address passed is not the aToken address.
   * @param _token Address of the ERC20 token to check
   */
  function _requireNotAToken(address _token) internal view {
    require(_token != address(aToken), ""AaveV3YS/forbid-aToken-allowance"");
  }

  /**
   * @notice Calculates the number of shares that should be minted or burnt when a user deposit or withdraw.
   * @param _tokens Amount of asset tokens
   * @return Number of shares.
   */
  function _tokenToShares(uint256 _tokens) internal view returns (uint256) {
    uint256 _supply = totalSupply();

    // shares = (tokens * totalShares) / yieldSourceATokenTotalSupply
    return _supply == 0 ? _tokens : _tokens.mul(_supply).div(aToken.balanceOf(address(this)));
  }

  /**
   * @notice Calculates the number of asset tokens a user has in the yield source.
   * @param _shares Amount of shares
   * @return Number of asset tokens.
   */
  function _sharesToToken(uint256 _shares) internal view returns (uint256) {
    uint256 _supply = totalSupply();

    // tokens = (shares * yieldSourceATokenTotalSupply) / totalShares
    return _supply == 0 ? _shares : _shares.mul(aToken.balanceOf(address(this))).div(_supply);
  }

  /**
   * @notice Returns the underlying asset token address.
   * @return Underlying asset token address.
   */
  function _tokenAddress() internal view returns (address) {
    return aToken.UNDERLYING_ASSET_ADDRESS();
  }

  /**
   * @notice Retrieves Aave PoolAddressesProvider address.
   * @return A reference to PoolAddressesProvider interface.
   */
  function _poolProvider() internal view returns (IPoolAddressesProvider) {
    return
      IPoolAddressesProvider(
        poolAddressesProviderRegistry.getAddressesProvidersList()[ADDRESSES_PROVIDER_ID]
      );
  }

  /**
   * @notice Retrieves Aave Pool address.
   * @return A reference to Pool interface.
   */
  function _pool() internal view returns (IPool) {
    return IPool(_poolProvider().getPool());
  }
}",3727,402,"[H-01] A malicious early user/attacker can manipulate the vault's pricePerShare to take an unfair share of future users' deposits
This is a well-known attack vector for new contracts that utilize `pricePerShare` for accounting.
In the function `_tokenToShares`, `_sharesToToken`   [M-01] User fund loss in supplyTokenTo() because of rounding
When user use `supplyTokenTo()` to deposit his tokens and get share in FeildSource because of rounding in division user gets lower amount of `share`.
  [M-02] `_depositAmount` requires to be updated to contract balance increase
Every time transferFrom or transfer function in ERC20 standard is called there is a possibility that underlying smart contract did not transfer the exact amount entered.
  [M-03] Owner or Managers can rug Aave rewards
A malicious owner or manager can steal all Aave rewards that are meant for PoolTogether users. The `claimRewards()` function allows the caller to send the rewards to an arbitrary address.",4,"pragma solidity 0.8.10;

import { IAToken } from ""@aave/core-v3/contracts/interfaces/IAToken.sol"";
import { IPool } from ""@aave/core-v3/contracts/interfaces/IPool.sol"";
import { IPoolAddressesProvider } from ""@aave/core-v3/contracts/interfaces/IPoolAddressesProvider.sol"";
import { IPoolAddressesProviderRegistry } from ""@aave/core-v3/contracts/interfaces/IPoolAddressesProviderRegistry.sol"";
import { IRewardsController } from ""@aave/periphery-v3/contracts/rewards/interfaces/IRewardsController.sol"";

import { ERC20 } from ""@openzeppelin/contracts/token/ERC20/ERC20.sol"";
import { IERC20 } from ""@openzeppelin/contracts/token/ERC20/IERC20.sol"";
import { SafeERC20 } from ""@openzeppelin/contracts/token/ERC20/utils/SafeERC20.sol"";
import { SafeMath } from ""@openzeppelin/contracts/utils/math/SafeMath.sol"";
import { ReentrancyGuard } from ""@openzeppelin/contracts/security/ReentrancyGuard.sol"";

import { Manageable, Ownable } from ""@pooltogether/owner-manager-contracts/contracts/Manageable.sol"";
import { IYieldSource } from ""@pooltogether/yield-source-interface/contracts/IYieldSource.sol"";


contract AaveV3YieldSource is ERC20, IYieldSource, Manageable, ReentrancyGuard {
  using SafeMath for uint256;
  using SafeERC20 for IERC20;

  

  
  event AaveV3YieldSourceInitialized(
    IAToken indexed aToken,
    IRewardsController rewardsController,
    IPoolAddressesProviderRegistry poolAddressesProviderRegistry,
    string name,
    string symbol,
    uint8 decimals,
    address owner
  );

  
  event SuppliedTokenTo(address indexed from, uint256 shares, uint256 amount, address indexed to);

  
  event RedeemedToken(address indexed from, uint256 shares, uint256 amount);

  
  event Claimed(
    address indexed from,
    address indexed to,
    address[] rewardsList,
    uint256[] claimedAmounts
  );

  
  event DecreasedERC20Allowance(
    address indexed from,
    address indexed spender,
    uint256 amount,
    IERC20 indexed token
  );

  
  event IncreasedERC20Allowance(
    address indexed from,
    address indexed spender,
    uint256 amount,
    IERC20 indexed token
  );

  
  event TransferredERC20(
    address indexed from,
    address indexed to,
    uint256 amount,
    IERC20 indexed token
  );

  

  
  IAToken public aToken;

  
  IRewardsController public rewardsController;

  
  IPoolAddressesProviderRegistry public poolAddressesProviderRegistry;

  
  uint8 private immutable _decimals;

  
  uint256 private constant ADDRESSES_PROVIDER_ID = uint256(0);

  
  uint16 private constant REFERRAL_CODE = uint16(188);

  

  
  constructor(
    IAToken _aToken,
    IRewardsController _rewardsController,
    IPoolAddressesProviderRegistry _poolAddressesProviderRegistry,
    string memory _name,
    string memory _symbol,
    uint8 decimals_,
    address _owner
  ) Ownable(_owner) ERC20(_name, _symbol) ReentrancyGuard() {
    require(address(_aToken) != address(0), ""AaveV3YS/aToken-not-zero-address"");
    aToken = _aToken;

    require(address(_rewardsController) != address(0), ""AaveV3YS/RC-not-zero-address"");
    rewardsController = _rewardsController;

    require(address(_poolAddressesProviderRegistry) != address(0), ""AaveV3YS/PR-not-zero-address"");
    poolAddressesProviderRegistry = _poolAddressesProviderRegistry;

    require(_owner != address(0), ""AaveV3YS/owner-not-zero-address"");

    require(decimals_ > 0, ""AaveV3YS/decimals-gt-zero"");
    _decimals = decimals_;

    
    IERC20(_tokenAddress()).safeApprove(address(_pool()), type(uint256).max);

    emit AaveV3YieldSourceInitialized(
      _aToken,
      _rewardsController,
      _poolAddressesProviderRegistry,
      _name,
      _symbol,
      decimals_,
      _owner
    );
  }

  

  
  function balanceOfToken(address _user) external override returns (uint256) {
    return _sharesToToken(balanceOf(_user));
  }

  
  function depositToken() public view override returns (address) {
    return _tokenAddress();
  }

  
  function decimals() public view virtual override returns (uint8) {
    return _decimals;
  }

  
  function supplyTokenTo(uint256 _depositAmount, address _to) external override nonReentrant {
    uint256 _shares = _tokenToShares(_depositAmount);
    require(_shares > 0, ""AaveV3YS/shares-gt-zero"");

    address _underlyingAssetAddress = _tokenAddress();
    IERC20(_underlyingAssetAddress).safeTransferFrom(msg.sender, address(this), _depositAmount);
    _pool().supply(_underlyingAssetAddress, _depositAmount, address(this), REFERRAL_CODE);

    _mint(_to, _shares);

    emit SuppliedTokenTo(msg.sender, _shares, _depositAmount, _to);
  }

  
  function redeemToken(uint256 _redeemAmount) external override nonReentrant returns (uint256) {
    address _underlyingAssetAddress = _tokenAddress();
    IERC20 _assetToken = IERC20(_underlyingAssetAddress);

    uint256 _shares = _tokenToShares(_redeemAmount);
    _burn(msg.sender, _shares);

    uint256 _beforeBalance = _assetToken.balanceOf(address(this));
    _pool().withdraw(_underlyingAssetAddress, _redeemAmount, address(this));
    uint256 _afterBalance = _assetToken.balanceOf(address(this));

    uint256 _balanceDiff = _afterBalance.sub(_beforeBalance);
    _assetToken.safeTransfer(msg.sender, _balanceDiff);

    emit RedeemedToken(msg.sender, _shares, _redeemAmount);
    return _balanceDiff;
  }

  
  function claimRewards(address _to) external onlyManagerOrOwner returns (bool) {
    require(_to != address(0), ""AaveV3YS/payee-not-zero-address"");

    address[] memory _assets = new address[](1);
    _assets[0] = address(aToken);

    (address[] memory _rewardsList, uint256[] memory _claimedAmounts) = rewardsController
      .claimAllRewards(_assets, _to);

    emit Claimed(msg.sender, _to, _rewardsList, _claimedAmounts);
    return true;
  }

  
  function decreaseERC20Allowance(
    IERC20 _token,
    address _spender,
    uint256 _amount
  ) external onlyManagerOrOwner {
    _requireNotAToken(address(_token));
    _token.safeDecreaseAllowance(_spender, _amount);
    emit DecreasedERC20Allowance(msg.sender, _spender, _amount, _token);
  }

  
  function increaseERC20Allowance(
    IERC20 _token,
    address _spender,
    uint256 _amount
  ) external onlyManagerOrOwner {
    _requireNotAToken(address(_token));
    _token.safeIncreaseAllowance(_spender, _amount);
    emit IncreasedERC20Allowance(msg.sender, _spender, _amount, _token);
  }

  
  function transferERC20(
    IERC20 _token,
    address _to,
    uint256 _amount
  ) external onlyManagerOrOwner {
    require(address(_token) != address(aToken), ""AaveV3YS/forbid-aToken-transfer"");
    _token.safeTransfer(_to, _amount);
    emit TransferredERC20(msg.sender, _to, _amount, _token);
  }

  

  
  function _requireNotAToken(address _token) internal view {
    require(_token != address(aToken), ""AaveV3YS/forbid-aToken-allowance"");
  }

  
  function _tokenToShares(uint256 _tokens) internal view returns (uint256) {
    uint256 _supply = totalSupply();

    
    return _supply == 0 ? _tokens : _tokens.mul(_supply).div(aToken.balanceOf(address(this)));
  }

  
  function _sharesToToken(uint256 _shares) internal view returns (uint256) {
    uint256 _supply = totalSupply();

    
    return _supply == 0 ? _shares : _shares.mul(aToken.balanceOf(address(this))).div(_supply);
  }

  
  function _tokenAddress() internal view returns (address) {
    return aToken.UNDERLYING_ASSET_ADDRESS();
  }

  
  function _poolProvider() internal view returns (IPoolAddressesProvider) {
    return
      IPoolAddressesProvider(
        poolAddressesProviderRegistry.getAddressesProvidersList()[ADDRESSES_PROVIDER_ID]
      );
  }

  
  function _pool() internal view returns (IPool) {
    return IPool(_poolProvider().getPool());
  }
}",1963,1,3,"Okay, I need to list all the vulnerabilities in this Aave V3 Yield Source smart contract without suggesting mitigations. Let me start by reading through the code carefully.

First, I know that smart contracts can have various vulnerabilities like reentrancy, overflow, underflow, incorrect logic flows, etc. Let me scan for anything that stands out.

Looking at the constructor, it initializes several variables, but I don't see an immediate issue there. It does check for zero addresses and non-zero decimals, which is good.

The `balanceOfToken` function returns `_sharesToToken(balanceOf(_user))`. Wait, what if `balanceOf(_user)` could be zero? No, because the function already requires `_shares > 0`, so that might not be a problem.

Next, the `supplyTokenTo` function. It takes `_depositAmount` and calls `_pool().supply()`, then mints tokens. The `_pool()` method retrieves an IPool. Hmm, does the pool handle the supply correctly? Not sure yet.

The `redeemToken` function is more complex. It calculates `_shares` based on `_redeemAmount`, then calls `_pool().withdraw()`. Then it calculates the balance difference and transfers it to the user. Here, what if the pool's withdraw doesn't reflect correctly in the balance? Or if the balance calculation has an off-by-one error? That could lead to issues.

Also, since this is a ReentrancyGuard contract, reentrancy shouldn't be a problem, but maybe there's another way it's vulnerable.

Looking at `claimRewards`, it interacts with the rewards controller. If the rewardsController has an issue, like a reentrancy bug, this could be a vector. But I don't have details on that.

Let's check the `decreaseERC20Allowance` and `increaseERC20Allowance` functions. These use OpenZeppelin's SafeERC20 methods, which should be safe, but if the token isn't AToken, which is already checked in `_requireNotAToken`.

The `transferERC20` function does a check that the token isn't AToken. But if someone tries to transfer a non-A token, it could cause problems elsewhere.

Now, looking for potential overflow or underflow. For example, in `_tokenToShares`, there's a calculation involving `aToken.balanceOf(address(this))`. What if `aToken.balanceOf` returns a huge number? Could that cause an overflow in the multiplication?

Also, in `redeemToken`, after withdrawing from the pool, calculating `balance diff` could be an area for issues, like not using proper overflow checks.

Another thing: the `depositToken` and `redeemToken` functions don't have an explicit check for being non-zero, but `supplyTokenTo` does, so maybe that's covered.

What about token decimals? The contract initializes them correctly in the constructor, which is good.

Think about if this contract interacts with any other contracts that might have issues. For example, the pool's `withdraw` method could have its own bugs.

Wait, I also notice the `_shuffle` functions, but looking through the code, the functions are within the contract, so perhaps that's not an issue.

Is there any variable that could overflow because of how it's being used? For example, `uint256 _balances` or anything else stored without overflow checks.

Also, the token's `balanceOf` is called on `address(this)`, which is the contract itself. Are there any cases where this could be mishandled? Like if the token's balance isn't properly tracked.

I think the main issues are:

1. **Reentrancy Risks**: Since the contract is already using ReentrancyGuard, but other external calls like to the pool or rewards controller could be subject to reentrancy if those contracts aren't using similar guards. So, if one of those contracts is vulnerable, this could be affected.

2. **Token Balance Calculations**: The functions that calculate shares and tokens based on the pool's balance might be subject to overflows if those values are too large. For example, in `_tokenToShares`, multiplying `tokens` by `totalSupply` and then by aToken's balance could cause an overflow.

3. **Incorrect Pool Interactions**: If the pool's `supply` or `withdraw` methods don't handle certain cases correctly, it could lead to incorrect token balances or mishandling of funds.

4. **Allowance Handling**: Even though the functions use `_requireNotAToken`, there might be cases where the AToken is involved elsewhere, causing unintended behavior.

So, compiling all these, the vulnerabilities are mainly related to potential reentrancy, overflow/underflow in calculations, incorrect interactions with the Aave pool, and possible mishandling of ERC20 tokens in allowance methods.","Here is a list of potential vulnerabilities identified in the `AaveV3YieldSource` smart contract:

1. **Reentrancy Risks**: 
   - The contract employs the `ReentrancyGuard` mechanism to mitigate reentrancy, but external interactions with the `Pool` and `RewardsController` could expose the contract to reentrancy attacks if those contracts themselves lack sufficient protection.

2. **Potential Overflow/Underflow Issues**:
   - **Token to Shares Calculation**: The function `_tokenToShares` involves multiplying `_tokens` by `totalSupply()` and `aToken.balanceOf(address(this))`. This could lead to overflow if these values are large, potentially causing incorrect share calculations.
   - **Balance Difference Calculation**: In the `redeemToken` function, the calculation of `_balanceDiff` might not properly handle very large values, potentially leading to underflows or incorrect balances.

3. **Incorrect Pool Interactions**:
   - The interaction with the pool's `supply` and `withdraw` functions could lead to issues if these methods are not correctly handling the token transfers, such as not updating the contract's balance accurately.

4. **Allowance Mishandling**:
   - Despite checks to prevent AToken involvement in ERC20 allowance changes, other tokens might be subject to unintended manipulation if their allowance functions are misused, especially in absence of proper checks.

5. **Token Balance Tracking**:
   - The contract's reliance on `balanceOf` calls for the AToken and other tokens could be error-prone if the underlying token balances are not accurately maintained or if there are off-chain updates.

These vulnerabilities, while existing, would require further investigation into specific implementation details and external contract behaviors to fully assess and mitigate.","### Analysis of Alignment Between `issue` and `response_list`

---

#### **[H-01] A malicious early user/attacker can manipulate the vault's `pricePerShare` to take an unfair share of future users' deposits**

**Report Description**:  
This issue highlights a well-known attack vector where an early user or attacker can manipulate the `pricePerShare` in the `_tokenToShares` and `_sharesToToken` functions. This manipulation can lead to an unfair distribution of future users' deposits, compromising the integrity of the vault's accounting system.

**Match in Response List**:  
**No match found**.  
The `response_list` does not address the manipulation of `pricePerShare` or the associated attack vector.

**Validation**:  
**Missed Issue**. The `response_list` fails to identify this critical vulnerability, which is a significant oversight. Manipulation of `pricePerShare` can have severe consequences for the contract's fairness and security.

**Suggestions**:  
The response should include measures to prevent manipulation of `pricePerShare`, such as implementing a minimum deposit requirement for the first user or using a time-weighted average price mechanism.

---

#### **[M-01] User fund loss in `supplyTokenTo()` because of rounding**

**Report Description**:  
When users deposit tokens via `supplyTokenTo()`, rounding errors in the division operation can result in users receiving fewer shares than expected. This can lead to fund loss and dissatisfaction among users.

**Match in Response List**:  
**No match found**.  
The `response_list` does not mention rounding issues in the `supplyTokenTo()` function.

**Validation**:  
**Missed Issue**. Rounding errors are a common issue in token-to-share calculations and should be addressed to ensure fairness and accuracy in share distribution.

**Suggestions**:  
The response should recommend using precise arithmetic operations, such as multiplying before dividing, to minimize rounding errors.

---

#### **[M-02] `_depositAmount` requires to be updated to contract balance increase**

**Report Description**:  
The `_depositAmount` variable may not accurately reflect the contract's balance increase after token transfers. This discrepancy can occur because ERC20 `transferFrom` or `transfer` functions do not guarantee the exact amount specified will be transferred.

**Match in Response List**:  
**Partially matches** with the issue titled **""Token Balance Tracking""**.  
The response mentions that reliance on `balanceOf` calls could be error-prone if underlying token balances are not accurately maintained.

**Validation**:  
**Partially Correct**. While the response identifies the general issue of token balance tracking, it does not specifically address the need to update `_depositAmount` to reflect the actual balance increase after transfers.

**Suggestions**:  
The response should explicitly recommend updating `_depositAmount` based on the actual balance change after token transfers.

---

#### **[M-03] Owner or Managers can rug Aave rewards**

**Report Description**:  
A malicious owner or manager can exploit the `claimRewards()` function to redirect Aave rewards to an arbitrary address, stealing rewards intended for PoolTogether users.

**Match in Response List**:  
**No match found**.  
The `response_list` does not address the risk of rugging Aave rewards by owners or managers.

**Validation**:  
**Missed Issue**. This is a critical access control issue that should be addressed to prevent misuse of the `claimRewards()` function.

**Suggestions**:  
The response should recommend implementing strict access controls, such as multi-signature requirements or timelocks, for the `claimRewards()` function.

---

### **GPT-Generated Potential Issues (May Be Incorrect)**

#### **[R-01] Reentrancy Risks**

**Response Description**:  
The response identifies potential reentrancy risks due to external interactions with the `Pool` and `RewardsController`, even though the contract uses `ReentrancyGuard`.

**Assessment**:  
**Valid Concern**. While the contract employs `ReentrancyGuard`, external interactions with untrusted contracts can still pose reentrancy risks. This is a valid concern that should be addressed.

---

#### **[R-02] Potential Overflow/Underflow Issues**

**Response Description**:  
The response highlights potential overflow/underflow issues in the `_tokenToShares` and `redeemToken` functions.

**Assessment**:  
**Valid Concern**. Overflow/underflow issues are critical vulnerabilities in Solidity, especially in arithmetic operations involving large values. This is a valid concern that should be addressed.

---

#### **[R-03] Incorrect Pool Interactions**

**Response Description**:  
The response mentions that interactions with the pool's `supply` and `withdraw` functions could lead to issues if token transfers are not handled correctly.

**Assessment**:  
**Valid Concern**. Incorrect handling of token transfers in pool interactions can lead to discrepancies in contract balances. This is a valid concern that should be addressed.

---

#### **[R-04] Allowance Mishandling**

**Response Description**:  
The response warns of potential allowance mishandling, especially for tokens other than AToken, if their allowance functions are misused.

**Assessment**:  
**Valid Concern**. Mishandling of allowances can lead to unauthorized token transfers. This is a valid concern that should be addressed.

---

### **Summary of Matches and Gaps**

**Correct Matches**:  
- *None*

**Partially Correct Matches**:  
- **[M-02] `_depositAmount` requires to be updated to contract balance increase**

**Missed Issues from Issue Report**:  
- **[H-01] A malicious early user/attacker can manipulate the vault's `pricePerShare` to take an unfair share of future users' deposits**  
- **[M-01] User fund loss in `supplyTokenTo()` because of rounding**  
- **[M-03] Owner or Managers can rug Aave rewards**

**GPT-Generated Potential Issues (May Be Incorrect)**:  
- **[R-01] Reentrancy Risks**  
- **[R-02] Potential Overflow/Underflow Issues**  
- **[R-03] Incorrect Pool Interactions**  
- **[R-04] Allowance Mishandling**  

--- 

This analysis highlights significant gaps in the `response_list`, particularly in addressing critical vulnerabilities like `pricePerShare` manipulation and rugging of Aave rewards. The GPT-generated issues, while not explicitly mentioned in the `issue` report, identify valid concerns that warrant further investigation.",0,1,3,5,"```
None.
```",0.0
