nameid,code,tokens,loc,issue,vulnumber,code_snippet,processtokens,high_severity_count,medium_severity_count,Reasoning,Findings,Comparison,Correct,Partially,Not Matched,LLM-generated,matchList,MAP
Pair.sol,"// SPDX-License-Identifier: MIT
pragma solidity ^0.8.17;

import ""solmate/tokens/ERC20.sol"";
import ""solmate/tokens/ERC721.sol"";
import ""solmate/utils/MerkleProofLib.sol"";
import ""solmate/utils/SafeTransferLib.sol"";
import ""openzeppelin/utils/math/Math.sol"";

import ""./LpToken.sol"";
import ""./Caviar.sol"";

/// @title Pair
/// @author out.eth (@outdoteth)
/// @notice A pair of an NFT and a base token that can be used to create and trade fractionalized NFTs.
contract Pair is ERC20, ERC721TokenReceiver {
    using SafeTransferLib for address;
    using SafeTransferLib for ERC20;

    uint256 public constant ONE = 1e18;
    uint256 public constant CLOSE_GRACE_PERIOD = 7 days;

    address public immutable nft;
    address public immutable baseToken; // address(0) for ETH
    bytes32 public immutable merkleRoot;
    LpToken public immutable lpToken;
    Caviar public immutable caviar;
    uint256 public closeTimestamp;

    event Add(uint256 baseTokenAmount, uint256 fractionalTokenAmount, uint256 lpTokenAmount);
    event Remove(uint256 baseTokenAmount, uint256 fractionalTokenAmount, uint256 lpTokenAmount);
    event Buy(uint256 inputAmount, uint256 outputAmount);
    event Sell(uint256 inputAmount, uint256 outputAmount);
    event Wrap(uint256[] tokenIds);
    event Unwrap(uint256[] tokenIds);
    event Close(uint256 closeTimestamp);
    event Withdraw(uint256 tokenId);

    constructor(
        address _nft,
        address _baseToken,
        bytes32 _merkleRoot,
        string memory pairSymbol,
        string memory nftName,
        string memory nftSymbol
    ) ERC20(string.concat(nftName, "" fractional token""), string.concat(""f"", nftSymbol), 18) {
        nft = _nft;
        baseToken = _baseToken; // use address(0) for native ETH
        merkleRoot = _merkleRoot;
        lpToken = new LpToken(pairSymbol);
        caviar = Caviar(msg.sender);
    }

    // ************************ //
    //      Core AMM logic      //
    // ***********************  //

    /// @notice Adds liquidity to the pair.
    /// @param baseTokenAmount The amount of base tokens to add.
    /// @param fractionalTokenAmount The amount of fractional tokens to add.
    /// @param minLpTokenAmount The minimum amount of LP tokens to mint.
    /// @return lpTokenAmount The amount of LP tokens minted.
    function add(uint256 baseTokenAmount, uint256 fractionalTokenAmount, uint256 minLpTokenAmount)
        public
        payable
        returns (uint256 lpTokenAmount)
    {
        // *** Checks *** //

        // check the token amount inputs are not zero
        require(baseTokenAmount > 0 && fractionalTokenAmount > 0, ""Input token amount is zero"");

        // check that correct eth input was sent - if the baseToken equals address(0) then native ETH is used
        require(baseToken == address(0) ? msg.value == baseTokenAmount : msg.value == 0, ""Invalid ether input"");

        // calculate the lp token shares to mint
        lpTokenAmount = addQuote(baseTokenAmount, fractionalTokenAmount);

        // check that the amount of lp tokens outputted is greater than the min amount
        require(lpTokenAmount >= minLpTokenAmount, ""Slippage: lp token amount out"");

        // *** Effects *** //

        // transfer fractional tokens in
        _transferFrom(msg.sender, address(this), fractionalTokenAmount);

        // *** Interactions *** //

        // mint lp tokens to sender
        lpToken.mint(msg.sender, lpTokenAmount);

        // transfer base tokens in if the base token is not ETH
        if (baseToken != address(0)) {
            // transfer base tokens in
            ERC20(baseToken).safeTransferFrom(msg.sender, address(this), baseTokenAmount);
        }

        emit Add(baseTokenAmount, fractionalTokenAmount, lpTokenAmount);
    }

    /// @notice Removes liquidity from the pair.
    /// @param lpTokenAmount The amount of LP tokens to burn.
    /// @param minBaseTokenOutputAmount The minimum amount of base tokens to receive.
    /// @param minFractionalTokenOutputAmount The minimum amount of fractional tokens to receive.
    /// @return baseTokenOutputAmount The amount of base tokens received.
    /// @return fractionalTokenOutputAmount The amount of fractional tokens received.
    function remove(uint256 lpTokenAmount, uint256 minBaseTokenOutputAmount, uint256 minFractionalTokenOutputAmount)
        public
        returns (uint256 baseTokenOutputAmount, uint256 fractionalTokenOutputAmount)
    {
        // *** Checks *** //

        // calculate the output amounts
        (baseTokenOutputAmount, fractionalTokenOutputAmount) = removeQuote(lpTokenAmount);

        // check that the base token output amount is greater than the min amount
        require(baseTokenOutputAmount >= minBaseTokenOutputAmount, ""Slippage: base token amount out"");

        // check that the fractional token output amount is greater than the min amount
        require(fractionalTokenOutputAmount >= minFractionalTokenOutputAmount, ""Slippage: fractional token out"");

        // *** Effects *** //

        // transfer fractional tokens to sender
        _transferFrom(address(this), msg.sender, fractionalTokenOutputAmount);

        // *** Interactions *** //

        // burn lp tokens from sender
        lpToken.burn(msg.sender, lpTokenAmount);

        if (baseToken == address(0)) {
            // if base token is native ETH then send ether to sender
            msg.sender.safeTransferETH(baseTokenOutputAmount);
        } else {
            // transfer base tokens to sender
            ERC20(baseToken).safeTransfer(msg.sender, baseTokenOutputAmount);
        }

        emit Remove(baseTokenOutputAmount, fractionalTokenOutputAmount, lpTokenAmount);
    }

    /// @notice Buys fractional tokens from the pair.
    /// @param outputAmount The amount of fractional tokens to buy.
    /// @param maxInputAmount The maximum amount of base tokens to spend.
    /// @return inputAmount The amount of base tokens spent.
    function buy(uint256 outputAmount, uint256 maxInputAmount) public payable returns (uint256 inputAmount) {
        // *** Checks *** //

        // check that correct eth input was sent - if the baseToken equals address(0) then native ETH is used
        require(baseToken == address(0) ? msg.value == maxInputAmount : msg.value == 0, ""Invalid ether input"");

        // calculate required input amount using xyk invariant
        inputAmount = buyQuote(outputAmount);

        // check that the required amount of base tokens is less than the max amount
        require(inputAmount <= maxInputAmount, ""Slippage: amount in"");

        // *** Effects *** //

        // transfer fractional tokens to sender
        _transferFrom(address(this), msg.sender, outputAmount);

        // *** Interactions *** //

        if (baseToken == address(0)) {
            // refund surplus eth
            uint256 refundAmount = maxInputAmount - inputAmount;
            if (refundAmount > 0) msg.sender.safeTransferETH(refundAmount);
        } else {
            // transfer base tokens in
            ERC20(baseToken).safeTransferFrom(msg.sender, address(this), inputAmount);
        }

        emit Buy(inputAmount, outputAmount);
    }

    /// @notice Sells fractional tokens to the pair.
    /// @param inputAmount The amount of fractional tokens to sell.
    /// @param minOutputAmount The minimum amount of base tokens to receive.
    /// @return outputAmount The amount of base tokens received.
    function sell(uint256 inputAmount, uint256 minOutputAmount) public returns (uint256 outputAmount) {
        // *** Checks *** //

        // calculate output amount using xyk invariant
        outputAmount = sellQuote(inputAmount);

        // check that the outputted amount of fractional tokens is greater than the min amount
        require(outputAmount >= minOutputAmount, ""Slippage: amount out"");

        // *** Effects *** //

        // transfer fractional tokens from sender
        _transferFrom(msg.sender, address(this), inputAmount);

        // *** Interactions *** //

        if (baseToken == address(0)) {
            // transfer ether out
            msg.sender.safeTransferETH(outputAmount);
        } else {
            // transfer base tokens out
            ERC20(baseToken).safeTransfer(msg.sender, outputAmount);
        }

        emit Sell(inputAmount, outputAmount);
    }

    // ******************** //
    //      Wrap logic      //
    // ******************** //

    /// @notice Wraps NFTs into fractional tokens.
    /// @param tokenIds The ids of the NFTs to wrap.
    /// @param proofs The merkle proofs for the NFTs proving that they can be used in the pair.
    /// @return fractionalTokenAmount The amount of fractional tokens minted.
    function wrap(uint256[] calldata tokenIds, bytes32[][] calldata proofs)
        public
        returns (uint256 fractionalTokenAmount)
    {
        // *** Checks *** //

        // check that wrapping is not closed
        require(closeTimestamp == 0, ""Wrap: closed"");

        // check the tokens exist in the merkle root
        _validateTokenIds(tokenIds, proofs);

        // *** Effects *** //

        // mint fractional tokens to sender
        fractionalTokenAmount = tokenIds.length * ONE;
        _mint(msg.sender, fractionalTokenAmount);

        // *** Interactions *** //

        // transfer nfts from sender
        for (uint256 i = 0; i < tokenIds.length; i++) {
            ERC721(nft).safeTransferFrom(msg.sender, address(this), tokenIds[i]);
        }

        emit Wrap(tokenIds);
    }

    /// @notice Unwraps fractional tokens into NFTs.
    /// @param tokenIds The ids of the NFTs to unwrap.
    /// @return fractionalTokenAmount The amount of fractional tokens burned.
    function unwrap(uint256[] calldata tokenIds) public returns (uint256 fractionalTokenAmount) {
        // *** Effects *** //

        // burn fractional tokens from sender
        fractionalTokenAmount = tokenIds.length * ONE;
        _burn(msg.sender, fractionalTokenAmount);

        // *** Interactions *** //

        // transfer nfts to sender
        for (uint256 i = 0; i < tokenIds.length; i++) {
            ERC721(nft).safeTransferFrom(address(this), msg.sender, tokenIds[i]);
        }

        emit Unwrap(tokenIds);
    }

    // *********************** //
    //      NFT AMM logic      //
    // *********************** //

    /// @notice nftAdd Adds liquidity to the pair using NFTs.
    /// @param baseTokenAmount The amount of base tokens to add.
    /// @param tokenIds The ids of the NFTs to add.
    /// @param minLpTokenAmount The minimum amount of lp tokens to receive.
    /// @param proofs The merkle proofs for the NFTs.
    /// @return lpTokenAmount The amount of lp tokens minted.
    function nftAdd(
        uint256 baseTokenAmount,
        uint256[] calldata tokenIds,
        uint256 minLpTokenAmount,
        bytes32[][] calldata proofs
    ) public payable returns (uint256 lpTokenAmount) {
        // wrap the incoming NFTs into fractional tokens
        uint256 fractionalTokenAmount = wrap(tokenIds, proofs);

        // add liquidity using the fractional tokens and base tokens
        lpTokenAmount = add(baseTokenAmount, fractionalTokenAmount, minLpTokenAmount);
    }

    /// @notice Removes liquidity from the pair using NFTs.
    /// @param lpTokenAmount The amount of lp tokens to remove.
    /// @param minBaseTokenOutputAmount The minimum amount of base tokens to receive.
    /// @param tokenIds The ids of the NFTs to remove.
    /// @return baseTokenOutputAmount The amount of base tokens received.
    /// @return fractionalTokenOutputAmount The amount of fractional tokens received.
    function nftRemove(uint256 lpTokenAmount, uint256 minBaseTokenOutputAmount, uint256[] calldata tokenIds)
        public
        returns (uint256 baseTokenOutputAmount, uint256 fractionalTokenOutputAmount)
    {
        // remove liquidity and send fractional tokens and base tokens to sender
        (baseTokenOutputAmount, fractionalTokenOutputAmount) =
            remove(lpTokenAmount, minBaseTokenOutputAmount, tokenIds.length * ONE);

        // unwrap the fractional tokens into NFTs and send to sender
        unwrap(tokenIds);
    }

    /// @notice Buys NFTs from the pair using base tokens.
    /// @param tokenIds The ids of the NFTs to buy.
    /// @param maxInputAmount The maximum amount of base tokens to spend.
    /// @return inputAmount The amount of base tokens spent.
    function nftBuy(uint256[] calldata tokenIds, uint256 maxInputAmount) public payable returns (uint256 inputAmount) {
        // buy fractional tokens using base tokens
        inputAmount = buy(tokenIds.length * ONE, maxInputAmount);

        // unwrap the fractional tokens into NFTs and send to sender
        unwrap(tokenIds);
    }

    /// @notice Sells NFTs to the pair for base tokens.
    /// @param tokenIds The ids of the NFTs to sell.
    /// @param minOutputAmount The minimum amount of base tokens to receive.
    /// @param proofs The merkle proofs for the NFTs.
    /// @return outputAmount The amount of base tokens received.
    function nftSell(uint256[] calldata tokenIds, uint256 minOutputAmount, bytes32[][] calldata proofs)
        public
        returns (uint256 outputAmount)
    {
        // wrap the incoming NFTs into fractional tokens
        uint256 inputAmount = wrap(tokenIds, proofs);

        // sell fractional tokens for base tokens
        outputAmount = sell(inputAmount, minOutputAmount);
    }

    // ****************************** //
    //      Emergency exit logic      //
    // ****************************** //

    /// @notice Closes the pair to new wraps.
    /// @dev Can only be called by the caviar owner. This is used as an emergency exit in case
    ///      the caviar owner suspects that the pair has been compromised.
    function close() public {
        // check that the sender is the caviar owner
        require(caviar.owner() == msg.sender, ""Close: not owner"");

        // set the close timestamp with a grace period
        closeTimestamp = block.timestamp + CLOSE_GRACE_PERIOD;

        // remove the pair from the Caviar contract
        caviar.destroy(nft, baseToken, merkleRoot);

        emit Close(closeTimestamp);
    }

    /// @notice Withdraws a particular NFT from the pair.
    /// @dev Can only be called by the caviar owner after the close grace period has passed. This
    ///      is used to auction off the NFTs in the pair in case NFTs get stuck due to liquidity
    ///      imbalances. Proceeds from the auction should be distributed pro rata to fractional
    ///      token holders. See documentation for more details.
    function withdraw(uint256 tokenId) public {
        // check that the sender is the caviar owner
        require(caviar.owner() == msg.sender, ""Withdraw: not owner"");

        // check that the close period has been set
        require(closeTimestamp != 0, ""Withdraw not initiated"");

        // check that the close grace period has passed
        require(block.timestamp >= closeTimestamp, ""Not withdrawable yet"");

        // transfer the nft to the caviar owner
        ERC721(nft).safeTransferFrom(address(this), msg.sender, tokenId);

        emit Withdraw(tokenId);
    }

    // ***************** //
    //      Getters      //
    // ***************** //

    function baseTokenReserves() public view returns (uint256) {
        return _baseTokenReserves();
    }

    function fractionalTokenReserves() public view returns (uint256) {
        return balanceOf[address(this)];
    }

    /// @notice The current price of one fractional token in base tokens with 18 decimals of precision.
    /// @dev Calculated by dividing the base token reserves by the fractional token reserves.
    /// @return price The price of one fractional token in base tokens * 1e18.
    function price() public view returns (uint256) {
        return (_baseTokenReserves() * ONE) / fractionalTokenReserves();
    }

    /// @notice The amount of base tokens required to buy a given amount of fractional tokens.
    /// @dev Calculated using the xyk invariant and a 30bps fee.
    /// @param outputAmount The amount of fractional tokens to buy.
    /// @return inputAmount The amount of base tokens required.
    function buyQuote(uint256 outputAmount) public view returns (uint256) {
        return (outputAmount * 1000 * baseTokenReserves()) / ((fractionalTokenReserves() - outputAmount) * 997);
    }

    /// @notice The amount of base tokens received for selling a given amount of fractional tokens.
    /// @dev Calculated using the xyk invariant and a 30bps fee.
    /// @param inputAmount The amount of fractional tokens to sell.
    /// @return outputAmount The amount of base tokens received.
    function sellQuote(uint256 inputAmount) public view returns (uint256) {
        uint256 inputAmountWithFee = inputAmount * 997;
        return (inputAmountWithFee * baseTokenReserves()) / ((fractionalTokenReserves() * 1000) + inputAmountWithFee);
    }

    /// @notice The amount of lp tokens received for adding a given amount of base tokens and fractional tokens.
    /// @dev Calculated as a share of existing deposits. If there are no existing deposits, then initializes to
    ///      sqrt(baseTokenAmount * fractionalTokenAmount).
    /// @param baseTokenAmount The amount of base tokens to add.
    /// @param fractionalTokenAmount The amount of fractional tokens to add.
    /// @return lpTokenAmount The amount of lp tokens received.
    function addQuote(uint256 baseTokenAmount, uint256 fractionalTokenAmount) public view returns (uint256) {
        uint256 lpTokenSupply = lpToken.totalSupply();
        if (lpTokenSupply > 0) {
            // calculate amount of lp tokens as a fraction of existing reserves
            uint256 baseTokenShare = (baseTokenAmount * lpTokenSupply) / baseTokenReserves();
            uint256 fractionalTokenShare = (fractionalTokenAmount * lpTokenSupply) / fractionalTokenReserves();
            return Math.min(baseTokenShare, fractionalTokenShare);
        } else {
            // if there is no liquidity then init
            return Math.sqrt(baseTokenAmount * fractionalTokenAmount);
        }
    }

    /// @notice The amount of base tokens and fractional tokens received for burning a given amount of lp tokens.
    /// @dev Calculated as a share of existing deposits.
    /// @param lpTokenAmount The amount of lp tokens to burn.
    /// @return baseTokenAmount The amount of base tokens received.
    /// @return fractionalTokenAmount The amount of fractional tokens received.
    function removeQuote(uint256 lpTokenAmount) public view returns (uint256, uint256) {
        uint256 lpTokenSupply = lpToken.totalSupply();
        uint256 baseTokenOutputAmount = (baseTokenReserves() * lpTokenAmount) / lpTokenSupply;
        uint256 fractionalTokenOutputAmount = (fractionalTokenReserves() * lpTokenAmount) / lpTokenSupply;

        return (baseTokenOutputAmount, fractionalTokenOutputAmount);
    }

    // ************************ //
    //      Internal utils      //
    // ************************ //

    function _transferFrom(address from, address to, uint256 amount) internal returns (bool) {
        balanceOf[from] -= amount;

        // Cannot overflow because the sum of all user
        // balances can't exceed the max uint256 value.
        unchecked {
            balanceOf[to] += amount;
        }

        emit Transfer(from, to, amount);

        return true;
    }

    /// @dev Validates that the given tokenIds are valid for the contract's merkle root. Reverts
    ///      if any of the tokenId proofs are invalid.
    function _validateTokenIds(uint256[] calldata tokenIds, bytes32[][] calldata proofs) internal view {
        // if merkle root is not set then all tokens are valid
        if (merkleRoot == bytes23(0)) return;

        // validate merkle proofs against merkle root
        for (uint256 i = 0; i < tokenIds.length; i++) {
            bool isValid = MerkleProofLib.verify(proofs[i], merkleRoot, keccak256(abi.encodePacked(tokenIds[i])));
            require(isValid, ""Invalid merkle proof"");
        }
    }

    /// @dev Returns the current base token reserves. If the base token is ETH then it ignores
    ///      the msg.value that is being sent in the current call context - this is to ensure the
    ///      xyk math is correct in the buy() and add() functions.
    function _baseTokenReserves() internal view returns (uint256) {
        return baseToken == address(0)
            ? address(this).balance - msg.value // subtract the msg.value if the base token is ETH
            : ERC20(baseToken).balanceOf(address(this));
    }
}",4582,482,"[H-01] Reentrancy in buy function for ERC777 tokens allows buying funds with considerable discount
  [H-02] Liquidity providers may lose funds when adding liquidity
Liquidity providers may lose a portion of provided liquidity in either of the pair tokens. While the `minLpTokenAmount protects from slippage when adding liquidity, it doesn't protect from providing liquidity at different K.
In the `add` function, consider calculating optimal token amounts based on the amounts specified by user, current pool reserves, and the minimal LP tokens amount specified by user.    [H-03] First depositor can break minting of shares
  [M-01] Missing deadline checks allow pending transactions to be maliciously executed
The Pair contract does not allow users to submit a deadline for their action. This missing feature enables pending transactions to be maliciously executed at a later point  [M-02] Price will not always be 18 decimals, as expected and outlined in the comments
The `price()` function is expected to return the price of one fractional tokens, represented in base tokens, to 18 decimals of precision.   [M-03] Rounding error in buyQuote might result in free tokens
The function `buyQuote()` calculates the amount of base tokens required to buy a given amount of fractional tokens. However, this function rounds down the required amount, which is in favor of the buyer (i.e. he/she has to provide less base tokens for the amount of receiving fractional tokens.
  [M-04] It's possible to swap NFT token ids without fee and also attacker can wrap unwrap all the NFT token balance of the Pair contract and steal their air drops for those token ids
Users can `wrap()` their NFT tokens (which id is whitelisted) and receive 1e18 fractional token or they can pay 1e18 fractional token and unwrap NFT token.    [M-05] Pair price may be manipulated by direct transfers
An attacker may manipulate the price of a pair by transferring tokens directly to the pair. Since the Pair contract exposes the `price` function, it maybe be used as a price oracle in third-party integrations. Manipulating the price of a pair may allow an attacker to steal funds from such integrations.",8,"pragma solidity ^0.8.17;

import ""solmate/tokens/ERC20.sol"";
import ""solmate/tokens/ERC721.sol"";
import ""solmate/utils/MerkleProofLib.sol"";
import ""solmate/utils/SafeTransferLib.sol"";
import ""openzeppelin/utils/math/Math.sol"";

import ""./LpToken.sol"";
import ""./Caviar.sol"";




contract Pair is ERC20, ERC721TokenReceiver {
    using SafeTransferLib for address;
    using SafeTransferLib for ERC20;

    uint256 public constant ONE = 1e18;
    uint256 public constant CLOSE_GRACE_PERIOD = 7 days;

    address public immutable nft;
    address public immutable baseToken; 
    bytes32 public immutable merkleRoot;
    LpToken public immutable lpToken;
    Caviar public immutable caviar;
    uint256 public closeTimestamp;

    event Add(uint256 baseTokenAmount, uint256 fractionalTokenAmount, uint256 lpTokenAmount);
    event Remove(uint256 baseTokenAmount, uint256 fractionalTokenAmount, uint256 lpTokenAmount);
    event Buy(uint256 inputAmount, uint256 outputAmount);
    event Sell(uint256 inputAmount, uint256 outputAmount);
    event Wrap(uint256[] tokenIds);
    event Unwrap(uint256[] tokenIds);
    event Close(uint256 closeTimestamp);
    event Withdraw(uint256 tokenId);

    constructor(
        address _nft,
        address _baseToken,
        bytes32 _merkleRoot,
        string memory pairSymbol,
        string memory nftName,
        string memory nftSymbol
    ) ERC20(string.concat(nftName, "" fractional token""), string.concat(""f"", nftSymbol), 18) {
        nft = _nft;
        baseToken = _baseToken; 
        merkleRoot = _merkleRoot;
        lpToken = new LpToken(pairSymbol);
        caviar = Caviar(msg.sender);
    }

    
    
    

    
    
    
    
    
    function add(uint256 baseTokenAmount, uint256 fractionalTokenAmount, uint256 minLpTokenAmount)
        public
        payable
        returns (uint256 lpTokenAmount)
    {
        

        
        require(baseTokenAmount > 0 && fractionalTokenAmount > 0, ""Input token amount is zero"");

        
        require(baseToken == address(0) ? msg.value == baseTokenAmount : msg.value == 0, ""Invalid ether input"");

        
        lpTokenAmount = addQuote(baseTokenAmount, fractionalTokenAmount);

        
        require(lpTokenAmount >= minLpTokenAmount, ""Slippage: lp token amount out"");

        

        
        _transferFrom(msg.sender, address(this), fractionalTokenAmount);

        

        
        lpToken.mint(msg.sender, lpTokenAmount);

        
        if (baseToken != address(0)) {
            
            ERC20(baseToken).safeTransferFrom(msg.sender, address(this), baseTokenAmount);
        }

        emit Add(baseTokenAmount, fractionalTokenAmount, lpTokenAmount);
    }

    
    
    
    
    
    
    function remove(uint256 lpTokenAmount, uint256 minBaseTokenOutputAmount, uint256 minFractionalTokenOutputAmount)
        public
        returns (uint256 baseTokenOutputAmount, uint256 fractionalTokenOutputAmount)
    {
        

        
        (baseTokenOutputAmount, fractionalTokenOutputAmount) = removeQuote(lpTokenAmount);

        
        require(baseTokenOutputAmount >= minBaseTokenOutputAmount, ""Slippage: base token amount out"");

        
        require(fractionalTokenOutputAmount >= minFractionalTokenOutputAmount, ""Slippage: fractional token out"");

        

        
        _transferFrom(address(this), msg.sender, fractionalTokenOutputAmount);

        

        
        lpToken.burn(msg.sender, lpTokenAmount);

        if (baseToken == address(0)) {
            
            msg.sender.safeTransferETH(baseTokenOutputAmount);
        } else {
            
            ERC20(baseToken).safeTransfer(msg.sender, baseTokenOutputAmount);
        }

        emit Remove(baseTokenOutputAmount, fractionalTokenOutputAmount, lpTokenAmount);
    }

    
    
    
    
    function buy(uint256 outputAmount, uint256 maxInputAmount) public payable returns (uint256 inputAmount) {
        

        
        require(baseToken == address(0) ? msg.value == maxInputAmount : msg.value == 0, ""Invalid ether input"");

        
        inputAmount = buyQuote(outputAmount);

        
        require(inputAmount <= maxInputAmount, ""Slippage: amount in"");

        

        
        _transferFrom(address(this), msg.sender, outputAmount);

        

        if (baseToken == address(0)) {
            
            uint256 refundAmount = maxInputAmount - inputAmount;
            if (refundAmount > 0) msg.sender.safeTransferETH(refundAmount);
        } else {
            
            ERC20(baseToken).safeTransferFrom(msg.sender, address(this), inputAmount);
        }

        emit Buy(inputAmount, outputAmount);
    }

    
    
    
    
    function sell(uint256 inputAmount, uint256 minOutputAmount) public returns (uint256 outputAmount) {
        

        
        outputAmount = sellQuote(inputAmount);

        
        require(outputAmount >= minOutputAmount, ""Slippage: amount out"");

        

        
        _transferFrom(msg.sender, address(this), inputAmount);

        

        if (baseToken == address(0)) {
            
            msg.sender.safeTransferETH(outputAmount);
        } else {
            
            ERC20(baseToken).safeTransfer(msg.sender, outputAmount);
        }

        emit Sell(inputAmount, outputAmount);
    }

    
    
    

    
    
    
    
    function wrap(uint256[] calldata tokenIds, bytes32[][] calldata proofs)
        public
        returns (uint256 fractionalTokenAmount)
    {
        

        
        require(closeTimestamp == 0, ""Wrap: closed"");

        
        _validateTokenIds(tokenIds, proofs);

        

        
        fractionalTokenAmount = tokenIds.length * ONE;
        _mint(msg.sender, fractionalTokenAmount);

        

        
        for (uint256 i = 0; i < tokenIds.length; i++) {
            ERC721(nft).safeTransferFrom(msg.sender, address(this), tokenIds[i]);
        }

        emit Wrap(tokenIds);
    }

    
    
    
    function unwrap(uint256[] calldata tokenIds) public returns (uint256 fractionalTokenAmount) {
        

        
        fractionalTokenAmount = tokenIds.length * ONE;
        _burn(msg.sender, fractionalTokenAmount);

        

        
        for (uint256 i = 0; i < tokenIds.length; i++) {
            ERC721(nft).safeTransferFrom(address(this), msg.sender, tokenIds[i]);
        }

        emit Unwrap(tokenIds);
    }

    
    
    

    
    
    
    
    
    
    function nftAdd(
        uint256 baseTokenAmount,
        uint256[] calldata tokenIds,
        uint256 minLpTokenAmount,
        bytes32[][] calldata proofs
    ) public payable returns (uint256 lpTokenAmount) {
        
        uint256 fractionalTokenAmount = wrap(tokenIds, proofs);

        
        lpTokenAmount = add(baseTokenAmount, fractionalTokenAmount, minLpTokenAmount);
    }

    
    
    
    
    
    
    function nftRemove(uint256 lpTokenAmount, uint256 minBaseTokenOutputAmount, uint256[] calldata tokenIds)
        public
        returns (uint256 baseTokenOutputAmount, uint256 fractionalTokenOutputAmount)
    {
        
        (baseTokenOutputAmount, fractionalTokenOutputAmount) =
            remove(lpTokenAmount, minBaseTokenOutputAmount, tokenIds.length * ONE);

        
        unwrap(tokenIds);
    }

    
    
    
    
    function nftBuy(uint256[] calldata tokenIds, uint256 maxInputAmount) public payable returns (uint256 inputAmount) {
        
        inputAmount = buy(tokenIds.length * ONE, maxInputAmount);

        
        unwrap(tokenIds);
    }

    
    
    
    
    
    function nftSell(uint256[] calldata tokenIds, uint256 minOutputAmount, bytes32[][] calldata proofs)
        public
        returns (uint256 outputAmount)
    {
        
        uint256 inputAmount = wrap(tokenIds, proofs);

        
        outputAmount = sell(inputAmount, minOutputAmount);
    }

    
    
    

    
    
    
    function close() public {
        
        require(caviar.owner() == msg.sender, ""Close: not owner"");

        
        closeTimestamp = block.timestamp + CLOSE_GRACE_PERIOD;

        
        caviar.destroy(nft, baseToken, merkleRoot);

        emit Close(closeTimestamp);
    }

    
    
    
    
    
    function withdraw(uint256 tokenId) public {
        
        require(caviar.owner() == msg.sender, ""Withdraw: not owner"");

        
        require(closeTimestamp != 0, ""Withdraw not initiated"");

        
        require(block.timestamp >= closeTimestamp, ""Not withdrawable yet"");

        
        ERC721(nft).safeTransferFrom(address(this), msg.sender, tokenId);

        emit Withdraw(tokenId);
    }

    
    
    

    function baseTokenReserves() public view returns (uint256) {
        return _baseTokenReserves();
    }

    function fractionalTokenReserves() public view returns (uint256) {
        return balanceOf[address(this)];
    }

    
    
    
    function price() public view returns (uint256) {
        return (_baseTokenReserves() * ONE) / fractionalTokenReserves();
    }

    
    
    
    
    function buyQuote(uint256 outputAmount) public view returns (uint256) {
        return (outputAmount * 1000 * baseTokenReserves()) / ((fractionalTokenReserves() - outputAmount) * 997);
    }

    
    
    
    
    function sellQuote(uint256 inputAmount) public view returns (uint256) {
        uint256 inputAmountWithFee = inputAmount * 997;
        return (inputAmountWithFee * baseTokenReserves()) / ((fractionalTokenReserves() * 1000) + inputAmountWithFee);
    }

    
    
    
    
    
    
    function addQuote(uint256 baseTokenAmount, uint256 fractionalTokenAmount) public view returns (uint256) {
        uint256 lpTokenSupply = lpToken.totalSupply();
        if (lpTokenSupply > 0) {
            
            uint256 baseTokenShare = (baseTokenAmount * lpTokenSupply) / baseTokenReserves();
            uint256 fractionalTokenShare = (fractionalTokenAmount * lpTokenSupply) / fractionalTokenReserves();
            return Math.min(baseTokenShare, fractionalTokenShare);
        } else {
            
            return Math.sqrt(baseTokenAmount * fractionalTokenAmount);
        }
    }

    
    
    
    
    
    function removeQuote(uint256 lpTokenAmount) public view returns (uint256, uint256) {
        uint256 lpTokenSupply = lpToken.totalSupply();
        uint256 baseTokenOutputAmount = (baseTokenReserves() * lpTokenAmount) / lpTokenSupply;
        uint256 fractionalTokenOutputAmount = (fractionalTokenReserves() * lpTokenAmount) / lpTokenSupply;

        return (baseTokenOutputAmount, fractionalTokenOutputAmount);
    }

    
    
    

    function _transferFrom(address from, address to, uint256 amount) internal returns (bool) {
        balanceOf[from] -= amount;

        
        
        unchecked {
            balanceOf[to] += amount;
        }

        emit Transfer(from, to, amount);

        return true;
    }

    
    
    function _validateTokenIds(uint256[] calldata tokenIds, bytes32[][] calldata proofs) internal view {
        
        if (merkleRoot == bytes23(0)) return;

        
        for (uint256 i = 0; i < tokenIds.length; i++) {
            bool isValid = MerkleProofLib.verify(proofs[i], merkleRoot, keccak256(abi.encodePacked(tokenIds[i])));
            require(isValid, ""Invalid merkle proof"");
        }
    }

    
    
    
    function _baseTokenReserves() internal view returns (uint256) {
        return baseToken == address(0)
            ? address(this).balance - msg.value 
            : ERC20(baseToken).balanceOf(address(this));
    }
}",2469,3,5,"Okay, so I need to analyze this Solidity contract to identify all the vulnerabilities. Let me start by understanding what the contract does. It's called Pair and it's an ERC20 and ERC721TokenReceiver. Looking at the imports, it uses SafeTransferLib for ERC20 and maybe Ether tokens, and also some OpenZeppelin math. 

The constructor sets up several immutable variables like nft, baseToken, merkleRoot, lpToken, and caviar. It also initializes closeTimestamp. The events listed show it's handling adds, removes, buys, sells, wraps, unwraps, closes, and withdrawals.

Looking at the functions, the first one is add, which allows adding tokens to the pair. It checks for zero inputs, validates the ether input, calculates lpTokenAmount using addQuote, then mints lpToken to the sender and transfers the base and fractional tokens. That seems okay, but wait—the addQuote function could be a source of slippage since it uses min(baseTokenShare, fractionalTokenShare), but if slippage is handled in the require statements, maybe that's secure.

Next is remove, which subtracts tokens and burns lpToken. It computes baseTokenOutput and fractionalTokenOutput using removeQuote. It also has a check for slippage. But I need to check the removeQuote function. It calculates outputs as (baseTokenReserves * lpTokenAmount / lpTokenSupply) and similarly for fractional. If lpTokenSupply is zero, it returns maximums. Wait, if lpTokenSupply is zero, it returns baseTokenOutput = baseTokenReserves * lpTokenAmount, which seems like it could cause integer overflows or division by zero.

Then buy and sell functions. The buy function takes maxInput and returns inputAmount. It calls buyQuote, which in turn does baseTokenReserves and then (inputAmount * 1000 * baseTokenReserves) / ((fractionalTokenReserves - output) * 997). Similarly, sell uses 997 and 1000, but these constants could be fixed points for slippage. However, the math here might be okay.

The wrap and unwrap functions are for NFTs. They use MerkleProofLib to validate tokenIds. Here, the _validateTokenIds function is internal and checks the proofs. But if the proofs aren't correctly validated, attackers could transfer invalid NFTs.

The nftAdd, nftRemove, nftBuy, and nftSell functions use these wrap/unwrap and buy/sell functions. They seem okay but rely on the underlying functions being secure.

The close function sets closeTimestamp and destroys caviar. It requires the caller to be the owner. Also, in the withdraw function, it checks the owner and that closeTimestamp is set. It then transfers the NFT.

Looking at the baseTokenReserves function, it's internal and uses balanceOf for the baseToken. Depending on whether baseToken is zero (meaning it's ETH) or not, it calculates differently. But in the constructor, baseToken is set—could that be zero or not? If it's zero, then balance is calculated as address(this).balance - msg.value, which could lead to negative values if not handled properly.

The addQuote and removeQuote functions handle the LP token calculations. In addQuote, if lpTokenSupply is zero, it returns the square root of baseTokenAmount and fractionalTokenAmount. If either is zero, this would cause slippage but is checked in the function.

Another point is that baseToken is both an input to the contract and used in the constructor. If someone could change baseToken after deployment, that could cause issues.

Wait, looking at the constructor, baseToken is immutable, so that's safe.

The _transferFrom function is internal. It uses balanceOf, which is a state variable mapping addresses to uint256. But if any of these transfers don't handle underflows/overflows correctly, that's a problem.

In the add function, after calculating lpTokenAmount, it transfers fractionalTokenAmount to the contract using _transferFrom. Then mints the lpToken. But what if fractionalTokenAmount is larger than the contract's balance? It could cause negative balances, but _transferFrom seems to handle it with unchecked operations.

In remove, it bums lpToken and then transfers tokens. But if the calculations are wrong, like if lpTokenSupply is zero and baseTokenReserves is zero, division by zero could occur.

Also, in the buy function, after transferring, it checks if baseToken is zero and transfers ETH accordingly. But what if the msg.value isn't properly handled? Because buy is payable, so msg.value is passed as input, but it's not clear if the amounts are overflows or underflows.

Looking at the events, they are properly emitted, but the main issue is whether the internal state is correctly managed against overflow.

I should also check for PRG (Primitive Reflection Attack) or reentrancy. The functions are payable, so if any function calls another external function that could lead to reentrancy, that's a risk. The add function uses payable, but in a way that might not allow reentrancy since it doesn't loop.

Another thought: the _baseTokenReserves function calculates the baseToken's balance as address(this).balance - msg.value if baseToken is zero. That seems off because if you have both ETH (baseToken) and other tokens, the balance would be incorrectly calculated. Maybe that's a bug.

In the unwrapping functions, the call to ERC721.nft.safeTransferFrom could be a point of vulnerabilities, especially if the proofs are not correctly validated, leading to transferring bad NFTs.

In the add function, in the case lpTokenSupply is zero, it returns sqrt(baseTokenAmount * fractionalTokenAmount). But if either is zero, that could be an issue. Also, when using sqrt, it could potentially lead to more tokens being minted than expected, causing slippage.

The close function sets closeTimestamp, which is an event, but the withdraw function requires that the timestamp hasn't expired. If the caviar is destroyed, perhaps there's a way to manipulate the contract after close.

Also, the functions rely heavily on lpToken and caviar, which are other contracts. If those contracts are not secure, this contract could have issues. Since lpToken is immutable, but caviar's owner can be the sender—could that be a point of attack?

In the buy function, when baseToken is zero, it's converting ETH to fractional tokens. But the calculation might not handle cases where input is more than maxInput.

In the sell function, it's selling input tokens for output. The slippage is handled but if the math isn't precise, that's an issue.

So, compiling all this, the vulnerabilities I can identify are:

1. **Slippage in add/remove functions**: The add and remove functions use min and max operations. For add, it's fine, but for remove, if baseTokenOutput or fractionalTokenOutput can be zero, it might not be checked. Also, the use of division in remove could lead to incorrect token calculations.

2. **Possible integer overflow in _baseTokenReserves**: When baseToken is zero (i.e., ETH), it calculates the balance as address(this).balance - msg.value. But if multiple transfers happen, this calculation could go wrong.

3. **Potential slippage in buy/sell functions**: Use of fixed multipliers like 997 and 1000 could lead to consistent slippage, though maybe this is intended for some pricing mechanism.

4. **Merkle proof validation**: The functions rely on MerkleProofLib to validate token proofs. If the proofs are fake, tokens could be wrapped or unwrapped incorrectly, leading to mismanagement of the contract.

5. **Denials of service or buffer overflows**: If tokenIds are too long or invalid proofs are provided, it could cause delays or errors, possibly leading to incorrect token balances.

6. **Reentrancy risks**: Since the contract is payable, if any external calls inside a function could lead to reentrancy, attackers could drain funds. However, the functions seem to handle internal transfers properly with unchecked operations, which might prevent reentrancy.

7. **Incorrect balance calculation when baseToken is ETH**: The reserve calculation might not accurately reflect the tokens in the contract if baseToken is zero.

8. **Mitigation of slippage isn't sufficient**: The addQuote and sellQuote functions, especially when lpTokenSupply is zero, might lead to larger discrepancies than intended.

9. **Lack of checks for zero divisor cases in removeQuote**: If lpTokenSupply is zero, the function returns baseTokenReserves * lpTokenAmount, which could be problematic if baseTokenReserves is zero, leading to zero or incorrect token outputs.

10. **AE (Arbitrary Exit) risk**: If closeTimestamp is allowed to be any time, but the withdrawal function requires the timestamp to be >= closeTimestamp. So, after close, the user can withdraw. But the caviar's destroy might finalize the NFT, so it's unclear if exit is possible.

I think the most critical vulnerabilities are slippage in the add and remove functions, potential overflows or incorrect calculations in the reserve functions, and the reliance on MerkleProof without more checks.","The analysis identifies several critical vulnerabilities in the Pair contract, primarily related to slippage, potential overflows, and insufficient validation of external inputs. Here's a structured summary of the vulnerabilities:

1. **Slippage in add/remove Functions**:
   - **Vulnerability**: The `add` and `remove` functions use `min` and `max` operations which might not prevent all slippage, especially in edge cases.
   - **Risk**: Deposits or withdrawals could exceed expected token amounts beyond user control.

2. **Integer Overflow in `_baseTokenReserves`**:
   - **Vulnerability**: The function calculates reserves as `balance - msg.value` for ETH, risking negative values if the balance is less than `msg.value`.
   - **Risk**: Incorrect token reserves could mislead price calculations, leading to inaccurate token exchanges.

3. **Merkle Proof Validation**:
   - **Vulnerability**: The function only checks each proof against its corresponding Merkle root without full chain validation.
   - **Risk**: Invalid proofs could allow incorrect NFT transfers, bypassing intended validation.

4. **Fixed Multipliers in buy/sell Functions**:
   - **Vulnerability**: Use of fixed values (997 and 1000) for slippage could consistently favor one side, reducing price accuracy.
   - **Risk**: Persistent slippage could lead to unintended token appreciation/depreciation.

5. **Potential Denial of Service (DoS) Risks**:
   - **Vulnerability**: Sure, but could origin from excessive or invalid token IDs or proofs, leading to slow processes.
   - **Risk**: This might affect performance but isn't immediately exploitable for gain.

6. **AE (Arbitrary Exit) Risk**:
   - **Vulnerability**: After `close`, users can still withdraw NFTs as long as the timestamp hasn't passed.
   - **Risk**: It introduces a window for unintended exits, though the `Close` event may mitigate this.

7. **Lack of Checks for Zero Divisor**:
   - **Vulnerability**: When `lpTokenSupply` is zero, calculations might fail or produce unexpected results.
   - **Risk**: Could lead to incorrect token transfers or ruined contracts if not handled.

8. **Possibility of Reentrancy**:
   - **Vulnerability**: Payable functions with external calls could be exploited if reentrancy vectors exist.
   - **Risk**: Though the contract's internal transfers seem to use `unchecked` for efficiency, it could leave reentrancy possibilities.

Each of these vulnerabilities could expose the contract to varied forms of exploitation, from slippage to DoS and reentrancy risks. Addressing these would involve implementing stricter checks, safer arithmetic operations, and possibly additional validation layers.","### **Analysis of Alignment Between Issue Report and Response List**

---

#### **[H-01] Reentrancy in buy function for ERC777 tokens allows buying funds with considerable discount**

**Report Description**:  
The `buy` function is vulnerable to reentrancy attacks when interacting with ERC777 tokens. This could allow an attacker to repeatedly call the function and purchase funds at a significant discount, leading to potential loss of funds.

**Match in Response List**:  
Matches with the issue titled **""Possibility of Reentrancy""**.

**Validation**:  
**Partially Correct**. The response identifies the possibility of reentrancy but does not specifically address the context of ERC777 tokens or the discount exploitation scenario. The response should explicitly mention the risks associated with ERC777 tokens and recommend using the `checks-effects-interactions` pattern or a reentrancy guard.

**Suggestions**:  
- Explicitly mention the risks of ERC777 tokens and their callback mechanisms.  
- Recommend implementing a reentrancy guard or adhering to the `checks-effects-interactions` pattern.

---

#### **[H-02] Liquidity providers may lose funds when adding liquidity**

**Report Description**:  
Liquidity providers may lose a portion of their provided liquidity due to discrepancies in the pool's K value. The `minLpTokenAmount` parameter does not protect against this issue, as it only guards against slippage.

**Match in Response List**:  
Matches with the issue titled **""Slippage in add/remove Functions""**.

**Validation**:  
**Partially Correct**. The response mentions slippage but does not address the specific issue of discrepancies in the K value. The response should recommend calculating optimal token amounts based on the current pool reserves and user-specified amounts.

**Suggestions**:  
- Suggest implementing a mechanism to calculate optimal token amounts based on the current pool reserves and user inputs.  
- Highlight the importance of protecting against discrepancies in the K value.

---

#### **[H-03] First depositor can break minting of shares**

**Report Description**:  
The first depositor can manipulate the minting of LP tokens by depositing a small amount of tokens and then inflating the pool's reserves, leading to unfair distribution of LP tokens.

**Match in Response List**:  
**No match found**.

**Validation**:  
**Missed Issue**. This issue is not addressed in the response list. It is a critical vulnerability that requires immediate attention.

**Suggestions**:  
- Recommend implementing a minimum initial deposit requirement to prevent this manipulation.  
- Suggest using a fair LP token minting mechanism that accounts for the initial deposit.

---

#### **[M-01] Missing deadline checks allow pending transactions to be maliciously executed**

**Report Description**:  
The `Pair` contract does not include deadline checks, which allows pending transactions to be executed maliciously at a later time, potentially leading to unfavorable conditions for users.

**Match in Response List**:  
**No match found**.

**Validation**:  
**Missed Issue**. This issue is not addressed in the response list. Deadline checks are a standard security measure to protect users from stale transactions.

**Suggestions**:  
- Recommend adding a `deadline` parameter to relevant functions and validating it against the current block timestamp.

---

#### **[M-02] Price will not always be 18 decimals, as expected and outlined in the comments**

**Report Description**:  
The `price()` function is expected to return the price with 18 decimals of precision, but this is not guaranteed, leading to potential inaccuracies in price calculations.

**Match in Response List**:  
**No match found**.

**Validation**:  
**Missed Issue**. This issue is not addressed in the response list. Ensuring consistent decimal precision is crucial for accurate price calculations.

**Suggestions**:  
- Recommend implementing a mechanism to ensure the price is always returned with 18 decimals of precision.

---

#### **[M-03] Rounding error in buyQuote might result in free tokens**

**Report Description**:  
The `buyQuote()` function rounds down the required amount of base tokens, which could allow buyers to receive fractional tokens for less than the intended amount, potentially leading to free tokens.

**Match in Response List**:  
**No match found**.

**Validation**:  
**Missed Issue**. This issue is not addressed in the response list. Rounding errors can lead to unintended financial losses.

**Suggestions**:  
- Recommend revising the `buyQuote()` function to ensure accurate calculations and prevent rounding errors.

---

#### **[M-04] It's possible to swap NFT token ids without fee and also attacker can wrap unwrap all the NFT token balance of the Pair contract and steal their air drops for those token ids**

**Report Description**:  
Users can swap NFT token IDs without paying fees, and attackers can wrap/unwrap all NFT token balances of the `Pair` contract to steal airdrops associated with those token IDs.

**Match in Response List**:  
**No match found**.

**Validation**:  
**Missed Issue**. This issue is not addressed in the response list. It represents a significant security risk that could lead to loss of airdrops.

**Suggestions**:  
- Recommend implementing fee mechanisms for NFT swaps.  
- Suggest restricting the ability to wrap/unwrap NFT tokens to prevent airdrop theft.

---

#### **[M-05] Pair price may be manipulated by direct transfers**

**Report Description**:  
An attacker can manipulate the price of a pair by directly transferring tokens to the `Pair` contract, which could be exploited in third-party integrations that use the `price` function as an oracle.

**Match in Response List**:  
**No match found**.

**Validation**:  
**Missed Issue**. This issue is not addressed in the response list. Price manipulation is a critical vulnerability that could lead to financial losses.

**Suggestions**:  
- Recommend implementing safeguards to prevent direct token transfers to the `Pair` contract.  
- Suggest using a more robust price oracle mechanism.

---

### **GPT-Generated Potential Issues (May Be Incorrect)**

#### **[R-01] Integer Overflow in `_baseTokenReserves`**

**Response Description**:  
The function calculates reserves as `balance - msg.value` for ETH, risking negative values if the balance is less than `msg.value`.

**Assessment**:  
**Valid Concern**. While this issue was not mentioned in the original `issue` report, integer overflow is a recognized vulnerability in Solidity. It is important to use SafeMath or similar mechanisms to prevent such issues.

---

#### **[R-02] Lack of Checks for Zero Divisor**

**Response Description**:  
When `lpTokenSupply` is zero, calculations might fail or produce unexpected results.

**Assessment**:  
**Valid Concern**. This is a valid issue that could lead to division by zero errors. It is important to handle edge cases where `lpTokenSupply` is zero.

---

### **Summary of Matches and Gaps**

**Correct Matches**:  
- *None*

**Partially Correct Matches**:  
- **[H-01] Reentrancy in buy function for ERC777 tokens allows buying funds with considerable discount**  
- **[H-02] Liquidity providers may lose funds when adding liquidity**

**Missed Issues from Issue Report**:  
- **[H-03] First depositor can break minting of shares**  
- **[M-01] Missing deadline checks allow pending transactions to be maliciously executed**  
- **[M-02] Price will not always be 18 decimals, as expected and outlined in the comments**  
- **[M-03] Rounding error in buyQuote might result in free tokens**  
- **[M-04] It's possible to swap NFT token ids without fee and also attacker can wrap unwrap all the NFT token balance of the Pair contract and steal their air drops for those token ids**  
- **[M-05] Pair price may be manipulated by direct transfers**

--- 

This analysis highlights significant gaps in the response list, particularly in addressing critical vulnerabilities such as reentrancy, price manipulation, and missing deadline checks. The response list also introduces some valid concerns that were not originally identified, such as integer overflow and zero divisor checks.",2,0,6,8,"```
None.
```",0.0
