nameid,code,tokens,loc,issue,vulnumber,code_snippet,processtokens,high_severity_count,medium_severity_count,Reasoning,Findings,Comparison,Correct Matches,Partially Correct,Missed,GPT-generated,matchList,MAP
Identity.sol,"// SPDX-License-Identifier: agpl-3.0
pragma solidity ^0.8.7;

import ""./libs/SignatureValidatorV2.sol"";

contract Identity {
	mapping (address => bytes32) public privileges;
	// The next allowed nonce
	uint public nonce = 0;

	// Events
	event LogPrivilegeChanged(address indexed addr, bytes32 priv);
	event LogErr(address indexed to, uint value, bytes data, bytes returnData); // only used in tryCatch

	// Transaction structure
	// we handle replay protection separately by requiring (address(this), chainID, nonce) as part of the sig
	struct Transaction {
		address to;
		uint value;
		bytes data;
	}

	constructor(address[] memory addrs) {
		uint len = addrs.length;
		for (uint i=0; i<len; i++) {
			// @TODO should we allow setting to any arb value here?
			privileges[addrs[i]] = bytes32(uint(1));
			emit LogPrivilegeChanged(addrs[i], bytes32(uint(1)));
		}
	}

	// This contract can accept ETH without calldata
	receive() external payable {}

	// This contract can accept ETH with calldata
	// However, to support EIP 721 and EIP 1155, we need to respond to those methods with their own method signature
	fallback() external payable {
		bytes4 method = msg.sig;
		if (
			method == 0x150b7a02 // bytes4(keccak256(""onERC721Received(address,address,uint256,bytes)""))
				|| method == 0xf23a6e61 // bytes4(keccak256(""onERC1155Received(address,address,uint256,uint256,bytes)""))
				|| method == 0xbc197c81 // bytes4(keccak256(""onERC1155BatchReceived(address,address,uint256[],uint256[],bytes)""))
		) {
			// Copy back the method
			// solhint-disable-next-line no-inline-assembly
			assembly {
				calldatacopy(0, 0, 0x04)
				return (0, 0x20)
			}
		}
	}

	function setAddrPrivilege(address addr, bytes32 priv)
		external
	{
		require(msg.sender == address(this), 'ONLY_IDENTITY_CAN_CALL');
		// Anti-bricking measure: if the privileges slot is used for special data (not 0x01),
		// don't allow to set it to true
		if (privileges[addr] != bytes32(0) && privileges[addr] != bytes32(uint(1)))
			require(priv != bytes32(uint(1)), 'UNSETTING_SPECIAL_DATA');
		privileges[addr] = priv;
		emit LogPrivilegeChanged(addr, priv);
	}

	function tipMiner(uint amount)
		external
	{
		require(msg.sender == address(this), 'ONLY_IDENTITY_CAN_CALL');
		// See https://docs.flashbots.net/flashbots-auction/searchers/advanced/coinbase-payment/#managing-payments-to-coinbaseaddress-when-it-is-a-contract
		// generally this contract is reentrancy proof cause of the nonce
		executeCall(block.coinbase, amount, new bytes(0));
	}

	function tryCatch(address to, uint value, bytes calldata data)
		external
	{
		require(msg.sender == address(this), 'ONLY_IDENTITY_CAN_CALL');
		(bool success, bytes memory returnData) = to.call{value: value, gas: gasleft()}(data);
		if (!success) emit LogErr(to, value, data, returnData);
	}


	// WARNING: if the signature of this is changed, we have to change IdentityFactory
	function execute(Transaction[] calldata txns, bytes calldata signature)
		external
	{
		require(txns.length > 0, 'MUST_PASS_TX');
		// If we use the naive abi.encode(txn) and have a field of type `bytes`,
		// there is a discrepancy between ethereumjs-abi and solidity
		// @TODO check if this is resolved
		uint currentNonce = nonce;
		// NOTE: abi.encode is safer than abi.encodePacked in terms of collision safety
		bytes32 hash = keccak256(abi.encode(address(this), block.chainid, currentNonce, txns));
		// We have to increment before execution cause it protects from reentrancies
		nonce = currentNonce + 1;

		address signer = SignatureValidator.recoverAddrImpl(hash, signature, true);
		require(privileges[signer] != bytes32(0), 'INSUFFICIENT_PRIVILEGE');
		uint len = txns.length;
		for (uint i=0; i<len; i++) {
			Transaction memory txn = txns[i];
			executeCall(txn.to, txn.value, txn.data);
		}
		// The actual anti-bricking mechanism - do not allow a signer to drop their own priviledges
		require(privileges[signer] != bytes32(0), 'PRIVILEGE_NOT_DOWNGRADED');
	}

	// no need for nonce management here cause we're not dealing with sigs
	function executeBySender(Transaction[] calldata txns) external {
		require(txns.length > 0, 'MUST_PASS_TX');
		require(privileges[msg.sender] != bytes32(0), 'INSUFFICIENT_PRIVILEGE');
		uint len = txns.length;
		for (uint i=0; i<len; i++) {
			Transaction memory txn = txns[i];
			executeCall(txn.to, txn.value, txn.data);
		}
		// again, anti-bricking
		require(privileges[msg.sender] != bytes32(0), 'PRIVILEGE_NOT_DOWNGRADED');
	}

	// we shouldn't use address.call(), cause: https://github.com/ethereum/solidity/issues/2884
	// copied from https://github.com/uport-project/uport-identity/blob/develop/contracts/Proxy.sol
	// there's also
	// https://github.com/gnosis/MultiSigWallet/commit/e1b25e8632ca28e9e9e09c81bd20bf33fdb405ce
	// https://github.com/austintgriffith/bouncer-proxy/blob/master/BouncerProxy/BouncerProxy.sol
	// https://github.com/gnosis/safe-contracts/blob/7e2eeb3328bb2ae85c36bc11ea6afc14baeb663c/contracts/base/Executor.sol
	function executeCall(address to, uint256 value, bytes memory data)
		internal
	{
		assembly {
			let result := call(gas(), to, value, add(data, 0x20), mload(data), 0, 0)

			switch result case 0 {
				let size := returndatasize()
				let ptr := mload(0x40)
				returndatacopy(ptr, 0, size)
				revert(ptr, size)
			}
			default {}
		}
		// A single call consumes around 477 more gas with the pure solidity version, for whatever reason
		//(bool success, bytes memory returnData) = to.call{value: value, gas: gasleft()}(data);
		//if (!success) revert(string(data));
	}

	// EIP 1271 implementation
	// see https://eips.ethereum.org/EIPS/eip-1271
	function isValidSignature(bytes32 hash, bytes calldata signature) external view returns (bytes4) {
		if (privileges[SignatureValidator.recoverAddr(hash, signature)] != bytes32(0)) {
			// bytes4(keccak256(""isValidSignature(bytes32,bytes)"")
			return 0x1626ba7e;
		} else {
			return 0xffffffff;
		}
	}

	// EIP 1155 implementation
	// we pretty much only need to signal that we support the interface for 165, but for 1155 we also need the fallback function
	function supportsInterface(bytes4 interfaceID) external pure returns (bool) {
		return
			interfaceID == 0x01ffc9a7 ||    // ERC-165 support (i.e. `bytes4(keccak256('supportsInterface(bytes4)'))`).
			interfaceID == 0x4e2312e0;      // ERC-1155 `ERC1155TokenReceiver` support (i.e. `bytes4(keccak256(""onERC1155Received(address,address,uint256,uint256,bytes)"")) ^ bytes4(keccak256(""onERC1155BatchReceived(address,address,uint256[],uint256[],bytes)""))`).
	}
}",1880.0,164.0,"[H-01] Prevent execution with invalid signatures
Suppose one of the supplied `addrs[i]` to the constructor of Identity.sol happens to be 0 ( by accident).
In that case: `privileges[0] = 1`
Now suppose you call `execute()` with an invalid signature, then `recoverAddrImpl` will return a value of 0 and thus signer=0. If you then check ""privileges\[signer] !=0"" this will be true and anyone can perform any transaction.

 [H-04] QuickAccManager Smart Contract signature verification can be exploited
Several different signature modes can be used and `Identity.execute` forwards the `signature` parameter to the `SignatureValidator` library. The returned signer is then used for the privileges check:
``` address signer = SignatureValidator.recoverAddrImpl(hash, signature, true);
// signer will be QuickAccountContract
require(privileges[signer] != bytes32(0), 'INSUFFICIENT_PRIVILEGE');
```
It's possible to create a smart contract mode signature (`SignatureMode.SmartWallet`) for arbitrary transactions as the `QuickAccManager.isValidSignature` uses an attacker-controlled `id` identity contract for the privileges check. An attacker can just create an attacker contract returning the desired values and the smart-wallet signature appears to be valid:
```
(address payable id, uint timelock, bytes memory sig1, bytes memory sig2) = abi.decode(signature, (address, uint, bytes, bytes));
// @audit this may not be used for authorization, attacker can return desired value
if (Identity(id).privileges(address(this)) == accHash) {
  // bytes4(keccak256(""isValidSignature(bytes32,bytes)"")
  return 0x1626ba7e;
} else {
  return 0xffffffff;
} ```",2.0,"pragma solidity ^0.8.7;

import ""./libs/SignatureValidatorV2.sol"";

contract Identity {
	mapping (address => bytes32) public privileges;
	
	uint public nonce = 0;

	
	event LogPrivilegeChanged(address indexed addr, bytes32 priv);
	event LogErr(address indexed to, uint value, bytes data, bytes returnData); 

	
	
	struct Transaction {
		address to;
		uint value;
		bytes data;
	}

	constructor(address[] memory addrs) {
		uint len = addrs.length;
		for (uint i=0; i<len; i++) {
			
			privileges[addrs[i]] = bytes32(uint(1));
			emit LogPrivilegeChanged(addrs[i], bytes32(uint(1)));
		}
	}

	
	receive() external payable {}

	
	
	fallback() external payable {
		bytes4 method = msg.sig;
		if (
			method == 0x150b7a02 
				|| method == 0xf23a6e61 
				|| method == 0xbc197c81 
		) {
			
			
			assembly {
				calldatacopy(0, 0, 0x04)
				return (0, 0x20)
			}
		}
	}

	function setAddrPrivilege(address addr, bytes32 priv)
		external
	{
		require(msg.sender == address(this), 'ONLY_IDENTITY_CAN_CALL');
		
		
		if (privileges[addr] != bytes32(0) && privileges[addr] != bytes32(uint(1)))
			require(priv != bytes32(uint(1)), 'UNSETTING_SPECIAL_DATA');
		privileges[addr] = priv;
		emit LogPrivilegeChanged(addr, priv);
	}

	function tipMiner(uint amount)
		external
	{
		require(msg.sender == address(this), 'ONLY_IDENTITY_CAN_CALL');
		
		
		executeCall(block.coinbase, amount, new bytes(0));
	}

	function tryCatch(address to, uint value, bytes calldata data)
		external
	{
		require(msg.sender == address(this), 'ONLY_IDENTITY_CAN_CALL');
		(bool success, bytes memory returnData) = to.call{value: value, gas: gasleft()}(data);
		if (!success) emit LogErr(to, value, data, returnData);
	}


	
	function execute(Transaction[] calldata txns, bytes calldata signature)
		external
	{
		require(txns.length > 0, 'MUST_PASS_TX');
		
		
		
		uint currentNonce = nonce;
		
		bytes32 hash = keccak256(abi.encode(address(this), block.chainid, currentNonce, txns));
		
		nonce = currentNonce + 1;

		address signer = SignatureValidator.recoverAddrImpl(hash, signature, true);
		require(privileges[signer] != bytes32(0), 'INSUFFICIENT_PRIVILEGE');
		uint len = txns.length;
		for (uint i=0; i<len; i++) {
			Transaction memory txn = txns[i];
			executeCall(txn.to, txn.value, txn.data);
		}
		
		require(privileges[signer] != bytes32(0), 'PRIVILEGE_NOT_DOWNGRADED');
	}

	
	function executeBySender(Transaction[] calldata txns) external {
		require(txns.length > 0, 'MUST_PASS_TX');
		require(privileges[msg.sender] != bytes32(0), 'INSUFFICIENT_PRIVILEGE');
		uint len = txns.length;
		for (uint i=0; i<len; i++) {
			Transaction memory txn = txns[i];
			executeCall(txn.to, txn.value, txn.data);
		}
		
		require(privileges[msg.sender] != bytes32(0), 'PRIVILEGE_NOT_DOWNGRADED');
	}

	
	
	
	
	
	
	function executeCall(address to, uint256 value, bytes memory data)
		internal
	{
		assembly {
			let result := call(gas(), to, value, add(data, 0x20), mload(data), 0, 0)

			switch result case 0 {
				let size := returndatasize()
				let ptr := mload(0x40)
				returndatacopy(ptr, 0, size)
				revert(ptr, size)
			}
			default {}
		}
		
		
		
	}

	
	
	function isValidSignature(bytes32 hash, bytes calldata signature) external view returns (bytes4) {
		if (privileges[SignatureValidator.recoverAddr(hash, signature)] != bytes32(0)) {
			
			return 0x1626ba7e;
		} else {
			return 0xffffffff;
		}
	}

	
	
	function supportsInterface(bytes4 interfaceID) external pure returns (bool) {
		return
			interfaceID == 0x01ffc9a7 ||    
			interfaceID == 0x4e2312e0;      
	}
}",1047.0,2,0,"Alright, I'm looking at this smart contract to identify vulnerabilities. Let me start by going through each function and understanding its purpose and potential issues.

First, the constructor initializes a mapping called 'privileges' with each address in 'addrs' having a value of 0x01. It also emits an event. The 'receive' method is payable, which is good for accepting Ether, but no further action is taken unless the fallback is used. The fallback function checks if the message signature matches certain values, and if so, executes some assembly code, which might be a way to handle certain operations without external calls.

Looking at the 'setAddrPrivilege' function, it checks if the caller is the contract itself and if the address isn't already '0' or '0x01'. If the privilege isn't those, it requires the new value to be '0x01'. This seems to control write access to the privileges mapping, but what if an attacker can set it to a different value bypassing this check?

The 'tipMiner' function allows sending Ether to 'block.coinbase'. Since it's internal, it's only called within the contract, but could this be a point of manipulation if someone can manipulate the block context?

The 'tryCatch' function tries to call another address and logs an error if it fails. The issue here is that an attacker could exploit this by causing a failure, but the error is just logged and doesn't prevent future attacks.

Now, the 'execute' function is critical. It processes multiple transactions, computes a hash using the contract's address, chainID, nonce, and the transaction array. Then it recovers the signer using SignatureValidator's recoverAddrImpl. The problem is that nonce is incremented after computing the hash, which could cause nonce reuse if the function is called multiple times quickly. Also, the 'executeCall' function is internal, but might have some assembly issues that could lead to reentrancy or errors.

The 'executeBySender' function allows any sender with sufficient privileges to execute transactions. If the privileges aren't checked correctly, this could lead to abuse.

Looking deeper, the 'executeCall' assembly code uses call and returndatacopy. The code could have issues with how it handles errors, especially if the external call reverts without handling it, which might cause the internal function to misbehave.

The 'isValidSignature' function checks if the recovered address has non-zero privileges. If someone can manipulate the hash or signature, they might bypass this check. Additionally, since the function is view, it's only for checking, but the method used might not be secure.

The 'supportsInterface' function checks for two specific interfaces. Not having it incorrectly could cause issues, but it's more about expected behavior than vulnerabilities.

Putting it all together, the main vulnerabilities I see are around the nonce handling, the possibility of bypassing privilege checks, and potential issues with error handling in executeCall and tryCatch. Also, the use of internalcalldatacopy might not be secure. Additionally, tipMiner could be used to manipulate the miner's rewards, but that's in the contract's control.

I'm also considering if there's any reentrancy possibility, especially since many functions have external payable functions and handle calls internally. The fallback function's assembly code might haveintent to prevent some attacks but is a bit unclear.

So, the key vulnerabilities would be in the execute function's nonce handling and the privilege check mechanism, which might be bypassable. There's also thepotential for malicious use of the tryCatch and tipMiner functions if not properly controlled.

I should make sure to list these points clearly without providing Mitigation steps as per the instructions.","Here is a list of vulnerabilities identified in the smart contract:

1. **Nonce Handling in `execute` Function**:
   - **Issue**: The `execute` function computes the nonce before incrementing it. If the function is called multiple times within the same block, the same nonce could be reused, potentially leading to reentrancy attacks or invalid transactions.
   - **Impact**: Duplicate nonce usage could break the integrity of the transaction sequence, allowing malicious actors to exploit the contract.

2. ** Privilege Bypass in `setAddrPrivilege` Function**:
   - **Issue**: The function includes a condition that checks if the current privilege for an address is not `0` or `0x01` before allowing a new privilege to be set to `0x01`. However, an attacker can set any privilege if it's not these two values, allowing potential bypass of intended access controls.
   - **Impact**: This could allow attackers to set malicious privileges for addresses, leading to unintended contract behavior.

3. ** Error Handling in `executeCall` Function**:
   - **Issue**: The internal `executeCall` function uses assembly to handle the return data but fails to check if external calls might revert. If an external call reverts, it could leave the state of the contract in an inconsistent or malicious state.
   - **Impact**: Reentrancy attacks could occur if the contract doesn't properly handle failed external calls.

4. ** Potential Manipulation in `tipMiner` Function**:
   - **Issue**: The function directly sends Ether to `block.coinbase`, which is typically the miner's address. However, if the miner's address can be manipulated, this could be used to steal Ether.
   - **Impact**: Malicious manipulation of the miner's address (though unlikely) could lead to funds being sent to an external address.

5. ** Inadequate Privilege Checks in `executeBySender` Function**:
   - **Issue**: The function only checks if the current caller has sufficient privileges but doesn't enforce any downward grading of privileges after executing the transactions. This could allow the caller to repeatedly use the contract without losing their privileges.
   - **Impact**: This could lead to abuse where a single caller repeatedly executes high-privilege operations without their privileges being reduced.

6. ** Signature Validation in `isValidSignature` Function**:
   - **Issue**: The function checks if the recovered address has non-zero privileges, but it doesn't verify the chain ID or nonce, which are part of the transaction context. This could lead to signature manipulation if any of these components are tampered with.
   - **Impact**: Malicious actors could potentially bypass this check by altering the chain ID or nonce used in the hash computation.

7. ** Fallback Function Assembly Code**:
   - **Issue**: The fallback function uses assembly to copy data and return, but it lacks sufficient checks to ensure that the data being copied is valid or that the function isn't being manipulated.
   - **Impact**: This could be used to trigger malicious behavior or extract sensitive information by exploiting the fallback mechanism.

8. ** Reentrancy Risk in `tryCatch` Function**:
   - **Issue**: The `tryCatch` function attempts to handle errors by logging them, but it doesn't prevent reentrancy. If an external call inside `tryCatch` could cause a reentrancy attack, the contract could be exploited.
   - **Impact**: Reentrancy attacks could lead to unintended transactions and loss of funds if the attacker can trigger recursive calls.

9. ** Malicious Use of Multiple Transactions in `execute` Function**:
   - **Issue**: The `execute` function processes multiple transactions in a single call. Without proper checks between each transaction, an attacker could craft malicious transactions that collectively cause unintended effects.
   - **Impact**: This could lead to multiple state changes in a single call, potentially breaking the contract's invariants and allowing for382f3e# malicious behavior.

10. **Potentialassembly issues in `executeCall` Function**:
    - **Issue**: The assembly code in `executeCall` might not correctly handle all possible error scenarios, such as when an external call reverts. Additionally, it doesn't check the size of the return data, which could lead to buffer overflows or inconsistent state.
    - **Impact**: This could cause the contract to misbehave or leave smart contract mortgages, leading to potential losses for ether holders.

Each of these issues represents a potential vulnerability that could be exploited by malicious actors, leading to a variety of impacts including financial losses, contract misbehavior, or unauthorized privilege escalation.","### **Analysis of Alignment Between `issue` and `response_list`**

---

#### **[H-01] Prevent execution with invalid signatures**

**Report Description**:  
If one of the supplied `addrs[i]` in the constructor of `Identity.sol` is `0`, the `privileges[0]` is set to `1`. When `execute()` is called with an invalid signature, `recoverAddrImpl` returns `0`, and the check `privileges[signer] != 0` evaluates to `true`. This allows anyone to perform any transaction, bypassing signature validation.

**Match in Response List**:  
**No match found**.  

**Validation**:  
The issue is not addressed in the `response_list`. The vulnerability allows privilege escalation and unauthorized transactions, which is a critical security concern. The response list does not mention or provide a fix for this issue.

**Suggestions**:  
Add a check in the constructor to ensure that none of the `addrs[i]` is `0`. Additionally, modify the `execute()` function to explicitly reject `signer = 0` as a valid address.

---

#### **[H-04] QuickAccManager Smart Contract signature verification can be exploited**

**Report Description**:  
The `Identity.execute` function forwards the `signature` parameter to the `SignatureValidator` library, which returns a `signer` address. The `privileges[signer]` check can be bypassed if an attacker creates a smart contract mode signature (`SignatureMode.SmartWallet`) and manipulates the `id` identity contract to return desired values. This allows the attacker to make arbitrary transactions appear valid.

**Match in Response List**:  
**No match found**.  

**Validation**:  
The issue is not addressed in the `response_list`. The vulnerability allows attackers to bypass signature validation and execute arbitrary transactions, which is a severe security risk.

**Suggestions**:  
Implement stricter validation for smart contract mode signatures. Ensure that the `id` identity contract is trusted and cannot be manipulated by an attacker. Additionally, consider adding additional checks, such as verifying the chain ID and nonce, to prevent signature manipulation.

---

### **GPT-Generated Potential Issues (May Be Incorrect)**

#### **[R-01] Nonce Handling in `execute` Function**

**Response Description**:  
The `execute` function computes the nonce before incrementing it, which could lead to duplicate nonce usage if the function is called multiple times within the same block. This could result in reentrancy attacks or invalid transactions.

**Assessment**:  
**Valid Concern**. While this issue was not mentioned in the original `issue` report, it highlights a potential vulnerability in nonce handling that could lead to reentrancy or transaction integrity issues. Proper nonce management is a best practice in Solidity.

---

#### **[R-02] Privilege Bypass in `setAddrPrivilege` Function**

**Response Description**:  
The `setAddrPrivilege` function allows an attacker to set any privilege if the current privilege is not `0` or `0x01`. This could bypass intended access controls.

**Assessment**:  
**Valid Concern**. This issue was not mentioned in the original `issue` report but represents a potential access control vulnerability. Proper privilege management is critical to prevent unauthorized privilege escalation.

---

#### **[R-03] Error Handling in `executeCall` Function**

**Response Description**:  
The `executeCall` function uses assembly to handle return data but fails to check if external calls might revert. This could leave the contract in an inconsistent state.

**Assessment**:  
**Valid Concern**. While not mentioned in the original `issue` report, this issue highlights a potential reentrancy risk and improper error handling, which are important considerations in Solidity.

---

#### **[R-04] Potential Manipulation in `tipMiner` Function**

**Response Description**:  
The `tipMiner` function sends Ether directly to `block.coinbase`, which could be manipulated to steal Ether.

**Assessment**:  
**Valid Concern**. This issue was not mentioned in the original `issue` report but represents a potential risk if the miner's address can be manipulated. Direct Ether transfers should be carefully validated.

---

#### **[R-05] Inadequate Privilege Checks in `executeBySender` Function**

**Response Description**:  
The `executeBySender` function does not enforce downward grading of privileges after executing transactions, allowing repeated high-privilege operations.

**Assessment**:  
**Valid Concern**. This issue was not mentioned in the original `issue` report but highlights a potential privilege escalation risk. Proper privilege management is essential to prevent abuse.

---

### **Summary of Matches and Gaps**

**Correct Matches**:  
- *None*

**Partially Correct Matches**:  
- *None*

**Missed Issues from Issue Report**:  
- **[H-01] Prevent execution with invalid signatures**  
- **[H-04] QuickAccManager Smart Contract signature verification can be exploited**

**GPT-Generated Potential Issues (May Be Incorrect)**:  
- **[R-01] Nonce Handling in `execute` Function**  
- **[R-02] Privilege Bypass in `setAddrPrivilege` Function**  
- **[R-03] Error Handling in `executeCall` Function**  
- **[R-04] Potential Manipulation in `tipMiner` Function**  
- **[R-05] Inadequate Privilege Checks in `executeBySender` Function**  

---

### **Conclusion**  
The `response_list` does not address the critical issues identified in the `issue` report, particularly those related to invalid signature handling and signature verification bypass. Additionally, the `response_list` introduces several potential issues that, while not mentioned in the original report, represent valid concerns. To improve the security of the smart contract, the issues from both the `issue` report and the `response_list` should be addressed comprehensively.",0,0,2,10,"```
None.
```",0.0
QuickAccManager.sol,"// SPDX-License-Identifier: agpl-3.0
pragma solidity ^0.8.7;

import ""../Identity.sol"";
import ""../interfaces/IERC20.sol"";

contract QuickAccManager {
	// Note: nonces are scoped by identity rather than by accHash - the reason for this is that there's no reason to scope them by accHash,
	// we merely need them for replay protection
	mapping (address => uint) nonces;
	mapping (bytes32 => uint) scheduled;

	bytes4 immutable CANCEL_PREFIX = 0xc47c3100;

	// Events
	// we only need those for timelocked stuff so we can show scheduled txns to the user; the oens that get executed immediately do not need logs
	event LogScheduled(bytes32 indexed txnHash, bytes32 indexed accHash, address indexed signer, uint nonce, uint time, Identity.Transaction[] txns);
	event LogCancelled(bytes32 indexed txnHash, bytes32 indexed accHash, address indexed signer, uint time);
	event LogExecScheduled(bytes32 indexed txnHash, bytes32 indexed accHash, uint time);

	// EIP 2612
	bytes32 public DOMAIN_SEPARATOR;
	constructor() {
		DOMAIN_SEPARATOR = keccak256(
			abi.encode(
				keccak256('EIP712Domain(string name,string version,uint256 chainId,address verifyingContract)'),
				// @TODO: maybe we should use a more user friendly name here?
				keccak256(bytes('QuickAccManager')),
				keccak256(bytes('1')),
				block.chainid,
				address(this)
			)
		);
	}

	struct QuickAccount {
		uint timelock;
		address one;
		address two;
		// We decided to not allow certain options here such as ability to skip the second sig for send(), but leaving this a struct rather than a tuple
		// for clarity and to ensure it's future proof
	}
	struct DualSig {
		bool isBothSigned;
		bytes one;
		bytes two;
	}

	// NOTE: a single accHash can control multiple identities, as long as those identities set it's hash in privileges[address(this)]
	// this is by design

	// isBothSigned is hashed in so that we don't allow signatures from two-sig txns to be reused for single sig txns,
	// ...potentially frontrunning a normal two-sig transaction and making it wait
	// WARNING: if the signature of this is changed, we have to change IdentityFactory
	function send(Identity identity, QuickAccount calldata acc, DualSig calldata sigs, Identity.Transaction[] calldata txns) external {
		bytes32 accHash = keccak256(abi.encode(acc));
		require(identity.privileges(address(this)) == accHash, 'WRONG_ACC_OR_NO_PRIV');
		uint initialNonce = nonces[address(identity)];
		// Security: we must also hash in the hash of the QuickAccount, otherwise the sig of one key can be reused across multiple accs
		bytes32 hash = keccak256(abi.encode(
			address(this),
			block.chainid,
			accHash,
			nonces[address(identity)]++,
			txns,
			sigs.isBothSigned
		));
		if (sigs.isBothSigned) {
			require(acc.one == SignatureValidator.recoverAddr(hash, sigs.one), 'SIG_ONE');
			require(acc.two == SignatureValidator.recoverAddr(hash, sigs.two), 'SIG_TWO');
			identity.executeBySender(txns);
		} else {
			address signer = SignatureValidator.recoverAddr(hash, sigs.one);
			require(acc.one == signer || acc.two == signer, 'SIG');
			// no need to check whether `scheduled[hash]` is already set here cause of the incrementing nonce
			scheduled[hash] = block.timestamp + acc.timelock;
			emit LogScheduled(hash, accHash, signer, initialNonce, block.timestamp, txns);
		}
	}

	function cancel(Identity identity, QuickAccount calldata acc, uint nonce, bytes calldata sig, Identity.Transaction[] calldata txns) external {
		bytes32 accHash = keccak256(abi.encode(acc));
		require(identity.privileges(address(this)) == accHash, 'WRONG_ACC_OR_NO_PRIV');

		bytes32 hash = keccak256(abi.encode(CANCEL_PREFIX, address(this), block.chainid, accHash, nonce, txns, false));
		address signer = SignatureValidator.recoverAddr(hash, sig);
		require(signer == acc.one || signer == acc.two, 'INVALID_SIGNATURE');

		// @NOTE: should we allow cancelling even when it's matured? probably not, otherwise there's a minor grief
		// opportunity: someone wants to cancel post-maturity, and you front them with execScheduled
		bytes32 hashTx = keccak256(abi.encode(address(this), block.chainid, accHash, nonce, txns));
		require(scheduled[hashTx] != 0 && block.timestamp < scheduled[hashTx], 'TOO_LATE');
		delete scheduled[hashTx];

		emit LogCancelled(hashTx, accHash, signer, block.timestamp);
	}

	function execScheduled(Identity identity, bytes32 accHash, uint nonce, Identity.Transaction[] calldata txns) external {
		require(identity.privileges(address(this)) == accHash, 'WRONG_ACC_OR_NO_PRIV');

		bytes32 hash = keccak256(abi.encode(address(this), block.chainid, accHash, nonce, txns, false));
		require(scheduled[hash] != 0 && block.timestamp >= scheduled[hash], 'NOT_TIME');
		delete scheduled[hash];
		identity.executeBySender(txns);

		emit LogExecScheduled(hash, accHash, block.timestamp);
	}

	// EIP 1271 implementation
	// see https://eips.ethereum.org/EIPS/eip-1271
	function isValidSignature(bytes32 hash, bytes calldata signature) external view returns (bytes4) {
		(address payable id, uint timelock, bytes memory sig1, bytes memory sig2) = abi.decode(signature, (address, uint, bytes, bytes));
		bytes32 accHash = keccak256(abi.encode(QuickAccount({
			timelock: timelock,
			one: SignatureValidator.recoverAddr(hash, sig1),
			two: SignatureValidator.recoverAddr(hash, sig2)
		})));
		if (Identity(id).privileges(address(this)) == accHash) {
			// bytes4(keccak256(""isValidSignature(bytes32,bytes)"")
			return 0x1626ba7e;
		} else {
			return 0xffffffff;
		}
	}

	// EIP 712 methods
	// all of the following are 2/2 only
	bytes32 private TRANSFER_TYPEHASH = keccak256('Transfer(address tokenAddr,address to,uint256 value,uint256 fee,uint256 nonce)');
	struct Transfer { address token; address to; uint amount; uint fee; }
	// WARNING: if the signature of this is changed, we have to change IdentityFactory
	function sendTransfer(Identity identity, QuickAccount calldata acc, bytes calldata sigOne, bytes calldata sigTwo, Transfer calldata t) external {
		require(identity.privileges(address(this)) == keccak256(abi.encode(acc)), 'WRONG_ACC_OR_NO_PRIV');

		bytes32 hash = keccak256(abi.encodePacked(
			'\x19\x01',
			DOMAIN_SEPARATOR,
			keccak256(abi.encode(TRANSFER_TYPEHASH, t.token, t.to, t.amount, t.fee, nonces[address(identity)]++))
		));
		require(acc.one == SignatureValidator.recoverAddr(hash, sigOne), 'SIG_ONE');
		require(acc.two == SignatureValidator.recoverAddr(hash, sigTwo), 'SIG_TWO');
		Identity.Transaction[] memory txns = new Identity.Transaction[](2);
		txns[0].to = t.token;
		txns[0].data = abi.encodeWithSelector(IERC20.transfer.selector, t.to, t.amount);
		txns[1].to = t.token;
		txns[1].data = abi.encodeWithSelector(IERC20.transfer.selector, msg.sender, t.fee);
		identity.executeBySender(txns);
	}

	// Reference for arrays: https://github.com/sportx-bet/smart-contracts/blob/e36965a0c4748bf73ae15ed3cab5660c9cf722e1/contracts/impl/trading/EIP712FillHasher.sol
	// and https://eips.ethereum.org/EIPS/eip-712
	// and for signTypedData_v4: https://gist.github.com/danfinlay/750ce1e165a75e1c3387ec38cf452b71
	struct Txn { string description; address to; uint value; bytes data; }
	bytes32 private TXNS_TYPEHASH = keccak256('Txn(string description,address to,uint256 value,bytes data)');
	bytes32 private BUNDLE_TYPEHASH = keccak256('Bundle(uint256 nonce,Txn[] transactions)');
	// WARNING: if the signature of this is changed, we have to change IdentityFactory
	function sendTxns(Identity identity, QuickAccount calldata acc, bytes calldata sigOne, bytes calldata sigTwo, Txn[] calldata txns) external {
		require(identity.privileges(address(this)) == keccak256(abi.encode(acc)), 'WRONG_ACC_OR_NO_PRIV');

		// hashing + prepping args
		bytes32[] memory txnBytes = new bytes32[](txns.length);
		Identity.Transaction[] memory identityTxns = new Identity.Transaction[](txns.length);
		for (uint256 i = 0; i < txns.length; i++) {
			txnBytes[i] = keccak256(abi.encode(TXNS_TYPEHASH, txns[i].description, txns[i].to, txns[i].value, txns[i].data));
			identityTxns[i].to = txns[i].to;
			identityTxns[i].value = txns[i].value;
			identityTxns[i].data = txns[i].data;
		}
		bytes32 txnsHash = keccak256(abi.encodePacked(txnBytes));
		bytes32 hash = keccak256(abi.encodePacked(
			'\x19\x01',
			DOMAIN_SEPARATOR,
			keccak256(abi.encode(BUNDLE_TYPEHASH, nonces[address(identity)]++, txnsHash))
		));
		require(acc.one == SignatureValidator.recoverAddr(hash, sigOne), 'SIG_ONE');
		require(acc.two == SignatureValidator.recoverAddr(hash, sigTwo), 'SIG_TWO');
		identity.executeBySender(identityTxns);
	}

}",2281.0,179.0,"[H-02] QuickAccManager.sol#cancel() Wrong hashTx makes it impossible to cancel a scheduled transaction
In the function `cancel()`, the `hashTx` to identify the transaction to be canceled is wrong. The last parameter is missing.
As a result, users will be unable to cancel a scheduled transaction.
```
function cancel(Identity identity, QuickAccount calldata acc, uint nonce, bytes calldata sig, Identity.Transaction[] calldata txns) external {
  bytes32 accHash = keccak256(abi.encode(acc));
  require(identity.privileges(address(this)) == accHash, 'WRONG_ACC_OR_NO_PRIV');

  bytes32 hash = keccak256(abi.encode(CANCEL_PREFIX, address(this), block.chainid, accHash, nonce, txns, false));
  address signer = SignatureValidator.recoverAddr(hash, sig);
  require(signer == acc.one || signer == acc.two, 'INVALID_SIGNATURE');

  // @NOTE: should we allow cancelling even when it's matured? probably not, otherwise there's a minor grief
  // opportunity: someone wants to cancel post-maturity, and you front them with execScheduled
  bytes32 hashTx = keccak256(abi.encode(address(this), block.chainid, accHash, nonce, txns));
  require(scheduled[hashTx] != 0 && block.timestamp < scheduled[hashTx], 'TOO_LATE');
  delete scheduled[hashTx];

  emit LogCancelled(hashTx, accHash, signer, block.timestamp);
}
```  [H-03] Signature replay attacks for different identities (nonce on wrong party)
A single `QuickAccount` can serve as the ""privilege"" for multiple identities, see the comment in QuickAccManager.sol:
“NOTE: a single accHash can control multiple identities, as long as those identities set it's hash in privileges[address(this)]. this is by design”
If there exist two different identities that both share the same QuickAccount (`identity1.privileges(address(this)) == identity2.privileges(address(this)) == accHash`) the following attack is possible in `QuickAccManager.send`:
Upon observing a valid `send` on the first identity, the same transactions can be replayed on the second identity by an attacker calling send with the same arguments and just changing the identity to the second identity.
This is because the `identity` is not part of the `hash`. Including the nonce of the identity in the hash is not enough.
Two fresh identities will both take on nonces on zero and lead to the same hash.",2.0,"pragma solidity ^0.8.7;

import ""../Identity.sol"";
import ""../interfaces/IERC20.sol"";

contract QuickAccManager {
	
	
	mapping (address => uint) nonces;
	mapping (bytes32 => uint) scheduled;

	bytes4 immutable CANCEL_PREFIX = 0xc47c3100;

	
	event LogScheduled(bytes32 indexed txnHash, bytes32 indexed accHash, address indexed signer, uint nonce, uint time, Identity.Transaction[] txns);
	event LogCancelled(bytes32 indexed txnHash, bytes32 indexed accHash, address indexed signer, uint time);
	event LogExecScheduled(bytes32 indexed txnHash, bytes32 indexed accHash, uint time);

	
	bytes32 public DOMAIN_SEPARATOR;
	constructor() {
		DOMAIN_SEPARATOR = keccak256(
			abi.encode(
				keccak256('EIP712Domain(string name,string version,uint256 chainId,address verifyingContract)'),
				
				keccak256(bytes('QuickAccManager')),
				keccak256(bytes('1')),
				block.chainid,
				address(this)
			)
		);
	}

	struct QuickAccount {
		uint timelock;
		address one;
		address two;
		
		
	}
	struct DualSig {
		bool isBothSigned;
		bytes one;
		bytes two;
	}

	
	function send(Identity identity, QuickAccount calldata acc, DualSig calldata sigs, Identity.Transaction[] calldata txns) external {
		bytes32 accHash = keccak256(abi.encode(acc));
		require(identity.privileges(address(this)) == accHash, 'WRONG_ACC_OR_NO_PRIV');
		uint initialNonce = nonces[address(identity)];
		
		bytes32 hash = keccak256(abi.encode(
			address(this),
			block.chainid,
			accHash,
			nonces[address(identity)]++,
			txns,
			sigs.isBothSigned
		));
		if (sigs.isBothSigned) {
			require(acc.one == SignatureValidator.recoverAddr(hash, sigs.one), 'SIG_ONE');
			require(acc.two == SignatureValidator.recoverAddr(hash, sigs.two), 'SIG_TWO');
			identity.executeBySender(txns);
		} else {
			address signer = SignatureValidator.recoverAddr(hash, sigs.one);
			require(acc.one == signer || acc.two == signer, 'SIG');
			
			scheduled[hash] = block.timestamp + acc.timelock;
			emit LogScheduled(hash, accHash, signer, initialNonce, block.timestamp, txns);
		}
	}

	function cancel(Identity identity, QuickAccount calldata acc, uint nonce, bytes calldata sig, Identity.Transaction[] calldata txns) external {
		bytes32 accHash = keccak256(abi.encode(acc));
		require(identity.privileges(address(this)) == accHash, 'WRONG_ACC_OR_NO_PRIV');

		bytes32 hash = keccak256(abi.encode(CANCEL_PREFIX, address(this), block.chainid, accHash, nonce, txns, false));
		address signer = SignatureValidator.recoverAddr(hash, sig);
		require(signer == acc.one || signer == acc.two, 'INVALID_SIGNATURE');

		
		
		bytes32 hashTx = keccak256(abi.encode(address(this), block.chainid, accHash, nonce, txns));
		require(scheduled[hashTx] != 0 && block.timestamp < scheduled[hashTx], 'TOO_LATE');
		delete scheduled[hashTx];

		emit LogCancelled(hashTx, accHash, signer, block.timestamp);
	}

	function execScheduled(Identity identity, bytes32 accHash, uint nonce, Identity.Transaction[] calldata txns) external {
		require(identity.privileges(address(this)) == accHash, 'WRONG_ACC_OR_NO_PRIV');

		bytes32 hash = keccak256(abi.encode(address(this), block.chainid, accHash, nonce, txns, false));
		require(scheduled[hash] != 0 && block.timestamp >= scheduled[hash], 'NOT_TIME');
		delete scheduled[hash];
		identity.executeBySender(txns);

		emit LogExecScheduled(hash, accHash, block.timestamp);
	}

	
	
	function isValidSignature(bytes32 hash, bytes calldata signature) external view returns (bytes4) {
		(address payable id, uint timelock, bytes memory sig1, bytes memory sig2) = abi.decode(signature, (address, uint, bytes, bytes));
		bytes32 accHash = keccak256(abi.encode(QuickAccount({
			timelock: timelock,
			one: SignatureValidator.recoverAddr(hash, sig1),
			two: SignatureValidator.recoverAddr(hash, sig2)
		})));
		if (Identity(id).privileges(address(this)) == accHash) {
			
			return 0x1626ba7e;
		} else {
			return 0xffffffff;
		}
	}

	
	
	bytes32 private TRANSFER_TYPEHASH = keccak256('Transfer(address tokenAddr,address to,uint256 value,uint256 fee,uint256 nonce)');
	struct Transfer { address token; address to; uint amount; uint fee; }
	
	function sendTransfer(Identity identity, QuickAccount calldata acc, bytes calldata sigOne, bytes calldata sigTwo, Transfer calldata t) external {
		require(identity.privileges(address(this)) == keccak256(abi.encode(acc)), 'WRONG_ACC_OR_NO_PRIV');

		bytes32 hash = keccak256(abi.encodePacked(
			'\x19\x01',
			DOMAIN_SEPARATOR,
			keccak256(abi.encode(TRANSFER_TYPEHASH, t.token, t.to, t.amount, t.fee, nonces[address(identity)]++))
		));
		require(acc.one == SignatureValidator.recoverAddr(hash, sigOne), 'SIG_ONE');
		require(acc.two == SignatureValidator.recoverAddr(hash, sigTwo), 'SIG_TWO');
		Identity.Transaction[] memory txns = new Identity.Transaction[](2);
		txns[0].to = t.token;
		txns[0].data = abi.encodeWithSelector(IERC20.transfer.selector, t.to, t.amount);
		txns[1].to = t.token;
		txns[1].data = abi.encodeWithSelector(IERC20.transfer.selector, msg.sender, t.fee);
		identity.executeBySender(txns);
	}


	struct Txn { string description; address to; uint value; bytes data; }
	bytes32 private TXNS_TYPEHASH = keccak256('Txn(string description,address to,uint256 value,bytes data)');
	bytes32 private BUNDLE_TYPEHASH = keccak256('Bundle(uint256 nonce,Txn[] transactions)');
	
	function sendTxns(Identity identity, QuickAccount calldata acc, bytes calldata sigOne, bytes calldata sigTwo, Txn[] calldata txns) external {
		require(identity.privileges(address(this)) == keccak256(abi.encode(acc)), 'WRONG_ACC_OR_NO_PRIV');

		
		bytes32[] memory txnBytes = new bytes32[](txns.length);
		Identity.Transaction[] memory identityTxns = new Identity.Transaction[](txns.length);
		for (uint256 i = 0; i < txns.length; i++) {
			txnBytes[i] = keccak256(abi.encode(TXNS_TYPEHASH, txns[i].description, txns[i].to, txns[i].value, txns[i].data));
			identityTxns[i].to = txns[i].to;
			identityTxns[i].value = txns[i].value;
			identityTxns[i].data = txns[i].data;
		}
		bytes32 txnsHash = keccak256(abi.encodePacked(txnBytes));
		bytes32 hash = keccak256(abi.encodePacked(
			'\x19\x01',
			DOMAIN_SEPARATOR,
			keccak256(abi.encode(BUNDLE_TYPEHASH, nonces[address(identity)]++, txnsHash))
		));
		require(acc.one == SignatureValidator.recoverAddr(hash, sigOne), 'SIG_ONE');
		require(acc.two == SignatureValidator.recoverAddr(hash, sigTwo), 'SIG_TWO');
		identity.executeBySender(identityTxns);
	}

}",1704.0,2,0,"Okay, so I'm trying to identify vulnerabilities in this smart contract. Let me start by reading through the code carefully. I know that vulnerabilities in smart contracts often involve issues like overflow, incorrect access controls, or attacks on the system's integrity. 

Looking at the contract, the first thing that stands out is the use of mappings called 'nonces' and 'scheduled'. The 'nonces' mapping maps addresses to uints, which is typical for tracking the number of transactions each address has participated in. The 'scheduled' mapping is a bit more complex; it maps bytes32 hashes to uint timestamps, which are used to track the execution time of certain functions.

In the 'send' function, I see that it uses a nonce counter for each address. Every time 'send' is called, the nonce is incremented, which seems okay because it's a standard way to ensure each transaction has a unique identifier. However, the 'scheduled' mapping is used in two places: when a signature is one of the two required, and it's set to a future timestamp. Then, when 'execScheduled' is called, it checks if the current block timestamp is equal or later than the scheduled time and deletes it from 'scheduled'. 

Wait, in the 'send' function, when the signature isn't both signed, it schedules an event in 'scheduled' with a timestamp plus the timelock. The timelock seems to be stored in the QuickAccount struct. But in the 'execScheduled' function, it only checks if the current timestamp is >= the scheduled timestamp. So if the scheduled timestamp is set to, say, 10 seconds from now, and after that, the timelock is not checked or enforced, maybe users can exploit this by having a transaction that shouldn't execute after the timelock.

Another thing I notice is the 'scheduled' mapping's key is a bytes32 hash generated using parameters that include the address, chain ID, and 'accHash' which is derived from the account. So each uniquely identified transaction is stored in 'scheduled' until it's executed or canceled. But if multiple users can trigger this, could there be a race condition where one user's transaction is processed before another, leading to reentrancy or double-execution? That might be a problem.

The 'cancel' function checks the scheduled hash and ensures that the current timestamp is before the scheduled one. It deletes it and emits a log. But is the scheduled time stored correctly? For example, if the timelock in the account is set to 10 seconds, but by the time the transaction is canceled, the timestamp is after the scheduled time, then it wouldn't cancel. That seems okay since it requires the current time to be less than the scheduled time.

In the 'isValidSignature' function, it seems to recover the possible signers and check if the account hash matches. That logic might be flawed because it assumes that the signature corresponds to two addresses, but if the signature is incorrectly formed or if the recovered address is not one of the two, this might not catch all cases. However, since this is a helper function, it's using standard signature validation from the SignatureValidator, which I assume does handle malicious cases correctly.

Looking at the sendTransfer and sendTxns functions, they handle the transfer of tokens and a fee. In both functions, after validating the signatures, they construct a hash and execute the transfer using Identity.executeBySender. In sendTxns, they're using multiple transactions, creating an array. The problem here is that each transaction in the array uses a similar structure, and if any one of them fails, they might not be handled correctly, but since it's an array, they need to be executed in sequence, which could be a vector vulnerability if the system doesn't handle partial transaction failures.

There's a lot of use of mapping and possibly mutable state that could be exploited if not properly controlled. For example, the 'scheduled' could potentially have multiple entries that refer to the same transaction, leading to conflicts when one is executed before the other. Also, since the mappings are not protected by any access control beyond the initial privileges check, maybe the functions are inadvertently exposed to public use.

Wait, the 'send' function has a condition where it checks if the identity's privileges match the account hash. So 'send' is protected for the specific account. But what about other unintended uses? Maybe any address can call 'execScheduled' as long as the hash is present, which might not be properly safeguarded.

Looking at the 'execScheduled' function, it doesn't verify the signature, so if the hash is valid, any address can call it. So there might be a scenario where a malicious actor could trigger a scheduled transaction without the intended signers, potentially bypassing the signature checks. Because the hash is pre-signed and stored, an attacker can cause the system to execute the transaction without the actual users. That's a major issue.

Another thing is that the 'scheduled' mapping doesn't check the timelock in 'execScheduled'. It only deletes the entry if the timestamp is past the scheduled time. However, the 'timelock' is part of the account's data, and if the timelock has been set but the scheduled transaction's time hasn't passed, an attacker could try to cancel it early, but the 'cancel' function correctly checks the timestamp. So maybe the main issue is elsewhere.

I'm also considering if there are any off-by-one errors in the nonce handling. The 'nonces' map is incremented by 'initialNonce++', which is correct, but if multiple threads or processes are involved, it could lead to inconsistent states. However, since it's within a single contract, and Solidity handles the state correctly, maybe not an issue here.

The 'send' function doesn't check for any transfer limits or token balances before executing the transactions. So if the contract has no checks and the tokens are already processed, it could lead to further issues like underflow or negative balances, which would require additional checks.

Another potential issue is the way the 'scheduled' entries are being stored and retrieved. Since each hash is unique, but the same hash could be generated if the same parameters are used again, leading to overwrites. But each call to 'send' creates a unique hash, so that might not be a problem unless multiple transactions are tried with the same parameters, which is more theoretical.

In summary, the two major vulnerabilities I spot are:

1. The 'execScheduled' function allows any address to execute a transaction, bypassing the intended signature checks because it's using a pre-signed hash. So even if the hash exists in the 'scheduled' mapping, any attacker can trigger the execution without the necessary signers.

2. The 'send' function doesn't have proper checks to prevent multiple transactions from being executed if a transaction fails partway. However, since all transactions are part of an array and are executed by the Identity, which likely handles them atomically, this might not be an issue. But I'm not entirely sure if there's reentrancy or partial execution possible.

3. There might be an issue with timelocks not being enforced correctly, but the functions do check the timestamps before execution.

So the main vulnerabilities would be around the 'execScheduled' function allowing unauthorized execution based on a pre-signed hash, and potentially allowing multiple transactions to be executed without proper safeguards.","The smart contract has been analyzed, and several vulnerabilities have been identified. Here's a breakdown of the key issues and their potential impacts:

1. **Unrestricted Scheduled Transaction Execution**  
   - **Issue**: The `execScheduled` function allows any address to trigger a transaction if its hash exists in the `scheduled` mapping. This bypasses the signature checks intended to verify the transaction's authenticity.
   - **Impact**: A malicious actor can execute pending transactions without the required signers, leading to unauthorized actions.

2. **Insufficient Transaction Safeguards**  
   - **Issue**: The `sendTxns` function processes an array of transactions. If any transaction in the array fails, it could leave the contract in an inconsistent state due to partial execution, though the Identity system may handle this.
   - **Impact**: Possible reentrancy or partial execution, but depending on the Identity system's atomicity, this might be mitigated.

3. **Timelock Enforcement Absence**  
   - **Issue**: While the timelock is part of the transaction data, the `execScheduled` function only checks if the current timestamp meets the scheduled time but doesn't invalidate early cancellations.
   - **Impact**: Risk of processing transactions before the timelock, but existing checks in `cancel` mitigate this.

4. **Lack of Transfer Checks**  
   - **Issue**: Transactions send via `sendTransfer` and `sendTxns` do not verify token balances or limits before execution, potentially causing overflows or negative balances.
   - **Impact**: Transactions could fail unexpectedly, leading to unintended outcomes.

**Recommendations**:
- Restrict access to the `execScheduled` function to only the intended signers by requiring verification of the transaction's authenticity.
- Implement additional checks before executing transactions to ensure sufficient funds and proper authorization.
- Review the `sendTxns` function for atomicity and potential reentrancy risks.
- Enforce timelock checks more strictly if the current system's cancellation logic isn't sufficient.","### **[H-02] QuickAccManager.sol#cancel() Wrong hashTx makes it impossible to cancel a scheduled transaction**

**Report Description**:  
In the `cancel()` function, the `hashTx` used to identify the transaction to be canceled is incorrect because the last parameter (`false`) is missing. As a result, users will be unable to cancel a scheduled transaction, leading to potential issues with transaction management and user experience.

**Match in Response List**:  
**No match found**. The response list does not address this issue.

**Validation**:  
The issue is **unaddressed**. The response list does not mention the incorrect `hashTx` calculation in the `cancel()` function, which is a critical logical error. This oversight could prevent users from canceling scheduled transactions, leading to potential misuse or unintended consequences.

**Suggestions**:  
The `hashTx` calculation in the `cancel()` function should include the `false` parameter to ensure consistency with the transaction identification logic. For example:
```solidity
bytes32 hashTx = keccak256(abi.encode(address(this), block.chainid, accHash, nonce, txns, false));
```

---

### **[H-03] Signature replay attacks for different identities (nonce on wrong party)**

**Report Description**:  
A single `QuickAccount` can serve as the ""privilege"" for multiple identities. If two different identities share the same `QuickAccount`, an attacker can replay a valid `send` transaction from one identity to another by simply changing the `identity` parameter. This is because the `identity` is not part of the transaction hash, and the `nonce` of the identity is insufficient to prevent replay attacks.

**Match in Response List**:  
**No match found**. The response list does not address this issue.

**Validation**:  
The issue is **unaddressed**. The response list does not mention the potential for signature replay attacks due to the shared `QuickAccount` design. This is a significant security vulnerability that could allow attackers to replay transactions across different identities.

**Suggestions**:  
To mitigate this issue, the transaction hash should include the `identity` parameter to ensure uniqueness across identities. For example:
```solidity
bytes32 hash = keccak256(abi.encode(SEND_PREFIX, address(this), block.chainid, accHash, nonce, txns, identity));
```

---

### **GPT-Generated Potential Issues (May Be Incorrect)**

**[R-01] Unrestricted Scheduled Transaction Execution**

**Response Description**:  
The `execScheduled` function allows any address to trigger a transaction if its hash exists in the `scheduled` mapping, bypassing signature checks.

**Assessment**:  
**Valid Concern**. While this issue was not mentioned in the original `issue` report, it highlights a potential security vulnerability where unauthorized users could execute scheduled transactions. This aligns with best practices for access control and transaction verification.

---

**[R-02] Insufficient Transaction Safeguards**

**Response Description**:  
The `sendTxns` function processes an array of transactions, and if any transaction fails, it could leave the contract in an inconsistent state due to partial execution.

**Assessment**:  
**Partially Valid Concern**. While partial execution is a potential issue, the response does not provide sufficient context on how the Identity system handles atomicity. This concern may be mitigated by the existing system design.

---

**[R-03] Timelock Enforcement Absence**

**Response Description**:  
The `execScheduled` function does not invalidate early cancellations, potentially allowing transactions to be processed before the timelock.

**Assessment**:  
**Partially Valid Concern**. The response correctly identifies a potential issue with timelock enforcement but does not fully explore the implications or provide a clear solution. The existing cancellation logic may mitigate this risk.

---

**[R-04] Lack of Transfer Checks**

**Response Description**:  
Transactions sent via `sendTransfer` and `sendTxns` do not verify token balances or limits before execution, potentially causing overflows or negative balances.

**Assessment**:  
**Valid Concern**. This issue highlights a potential oversight in transaction validation, which could lead to unexpected failures or vulnerabilities. Implementing balance and limit checks is a recognized best practice.

---

### **Summary of Matches and Gaps**

**Correct Matches**:  
- *None*

**Partially Correct Matches**:  
- **[R-02] Insufficient Transaction Safeguards**  
- **[R-03] Timelock Enforcement Absence**

**Missed Issues from Issue Report**:  
- **[H-02] QuickAccManager.sol#cancel() Wrong hashTx makes it impossible to cancel a scheduled transaction**  
- **[H-03] Signature replay attacks for different identities (nonce on wrong party)**

--- 

**Conclusion**:  
The response list partially addresses some potential issues but misses critical vulnerabilities identified in the `issue` report, such as the incorrect `hashTx` calculation and signature replay attacks. Additionally, the GPT-generated issues highlight valid concerns but require further analysis to determine their relevance and accuracy.",0,0,2,4,"```
None.
```","The **Average Precision (AP)** for the query is **0.0**. 

Since there are no true positives in the ranked list of predictions, the AP is calculated as 0."
,,,,,,,,4,0,,,,0,0,4,14,,
