nameid,code,tokens,loc,issue,vulnumber,code_snippet,processtokens,high_severity_count,medium_severity_count,Reasoning,Findings,Comparison,Correct Matches,Partially Correct,Missed,GPT-generated,Final Findings,Detecting aspects,matchList,MAP
NestedFactory.sol,"// SPDX-License-Identifier: GPL-3.0-or-later
pragma solidity 0.8.9;

import ""@openzeppelin/contracts/security/ReentrancyGuard.sol"";
import ""@openzeppelin/contracts/access/Ownable.sol"";
import ""@openzeppelin/contracts/utils/Multicall.sol"";
import ""@openzeppelin/contracts/token/ERC20/utils/SafeERC20.sol"";
import ""./libraries/ExchangeHelpers.sol"";
import ""./libraries/OperatorHelpers.sol"";
import ""./interfaces/external/IWETH.sol"";
import ""./interfaces/INestedFactory.sol"";
import ""./FeeSplitter.sol"";
import ""./MixinOperatorResolver.sol"";
import ""./NestedReserve.sol"";
import ""./NestedAsset.sol"";
import ""./NestedRecords.sol"";

/// @title Creates, updates and destroys NestedAssets.
/// @notice Responsible for the business logic of the protocol and interaction with operators
contract NestedFactory is INestedFactory, ReentrancyGuard, Ownable, MixinOperatorResolver, Multicall {
    using SafeERC20 for IERC20;
    address private constant ETH = 0xEeeeeEeeeEeEeeEeEeEeeEEEeeeeEeeeeeeeEEeE;

    /// @dev Supported operators by the factory contract
    bytes32[] private operators;

    /// @dev Current feeSplitter contract/address
    FeeSplitter public feeSplitter;

    /// @dev Current reserve contract/address
    NestedReserve public reserve;

    NestedAsset public immutable nestedAsset;
    IWETH public immutable weth;
    NestedRecords public immutable nestedRecords;

    constructor(
        NestedAsset _nestedAsset,
        NestedRecords _nestedRecords,
        FeeSplitter _feeSplitter,
        IWETH _weth,
        address _operatorResolver
    ) MixinOperatorResolver(_operatorResolver) {
        nestedAsset = _nestedAsset;
        nestedRecords = _nestedRecords;
        feeSplitter = _feeSplitter;
        weth = _weth;
    }

    /// @dev Reverts the transaction if the caller is not the token owner
    /// @param _nftId The NFT Id
    modifier onlyTokenOwner(uint256 _nftId) {
        require(nestedAsset.ownerOf(_nftId) == _msgSender(), ""NestedFactory: Not the token owner"");
        _;
    }

    /// @dev Reverts the transaction if the nft is locked (hold by design).
    /// The block.timestamp must be greater than NFT record lock timestamp
    /// @param _nftId The NFT Id
    modifier isUnlocked(uint256 _nftId) {
        require(block.timestamp > nestedRecords.getLockTimestamp(_nftId), ""NestedFactory: The NFT is currently locked"");
        _;
    }

    /// @dev Receive function
    receive() external payable {}

    /// @notice Get the required operator addresses
    function resolverAddressesRequired() public view override returns (bytes32[] memory addresses) {
        return operators;
    }

    /// @inheritdoc INestedFactory
    function addOperator(bytes32 operator) external override onlyOwner {
        operators.push(operator);
    }

    /// @inheritdoc INestedFactory
    function removeOperator(bytes32 operator) external override onlyOwner {
        uint256 i = 0;
        while (operators[i] != operator) {
            i++;
        }
        require(i > 0, ""NestedFactory::removeOperator: Cant remove non-existent operator"");
        delete operators[i];
    }

    /// @inheritdoc INestedFactory
    function setReserve(NestedReserve _reserve) external override onlyOwner {
        require(address(reserve) == address(0), ""NestedFactory::setReserve: Reserve is immutable"");
        reserve = _reserve;
        emit ReserveUpdated(address(_reserve));
    }

    /// @inheritdoc INestedFactory
    function setFeeSplitter(FeeSplitter _feeSplitter) external override onlyOwner {
        require(address(_feeSplitter) != address(0), ""NestedFactory::setFeeSplitter: Invalid feeSplitter address"");
        feeSplitter = _feeSplitter;
        emit FeeSplitterUpdated(address(_feeSplitter));
    }

    /// @inheritdoc INestedFactory
    function create(
        uint256 _originalTokenId,
        IERC20 _sellToken,
        uint256 _sellTokenAmount,
        Order[] calldata _orders
    ) external payable override nonReentrant {
        require(_orders.length > 0, ""NestedFactory::create: Missing orders"");

        uint256 nftId = nestedAsset.mint(_msgSender(), _originalTokenId);
        (uint256 fees, IERC20 tokenSold) = _submitInOrders(nftId, _sellToken, _sellTokenAmount, _orders, true, false);

        _transferFeeWithRoyalty(fees, tokenSold, nftId);
        emit NftCreated(nftId, _originalTokenId);
    }

    /// @inheritdoc INestedFactory
    function addTokens(
        uint256 _nftId,
        IERC20 _sellToken,
        uint256 _sellTokenAmount,
        Order[] calldata _orders
    ) external payable override nonReentrant onlyTokenOwner(_nftId) {
        require(_orders.length > 0, ""NestedFactory::addTokens: Missing orders"");

        (uint256 fees, IERC20 tokenSold) = _submitInOrders(_nftId, _sellToken, _sellTokenAmount, _orders, true, false);
        _transferFeeWithRoyalty(fees, tokenSold, _nftId);
        emit NftUpdated(_nftId);
    }

    /// @inheritdoc INestedFactory
    function swapTokenForTokens(
        uint256 _nftId,
        IERC20 _sellToken,
        uint256 _sellTokenAmount,
        Order[] calldata _orders
    ) external override nonReentrant onlyTokenOwner(_nftId) isUnlocked(_nftId) {
        require(_orders.length > 0, ""NestedFactory::swapTokenForTokens: Missing orders"");
        require(
            nestedRecords.getAssetReserve(_nftId) == address(reserve),
            ""NestedFactory::swapTokenForTokens: Assets in different reserve""
        );

        (uint256 fees, IERC20 tokenSold) = _submitInOrders(_nftId, _sellToken, _sellTokenAmount, _orders, true, true);
        _transferFeeWithRoyalty(fees, tokenSold, _nftId);

        emit NftUpdated(_nftId);
    }

    /// @inheritdoc INestedFactory
    function sellTokensToNft(
        uint256 _nftId,
        IERC20 _buyToken,
        uint256[] memory _sellTokensAmount,
        Order[] calldata _orders
    ) external override nonReentrant onlyTokenOwner(_nftId) isUnlocked(_nftId) {
        require(_orders.length > 0, ""NestedFactory::sellTokensToNft: Missing orders"");
        require(_sellTokensAmount.length == _orders.length, ""NestedFactory::sellTokensToNft: Input lengths must match"");
        require(
            nestedRecords.getAssetReserve(_nftId) == address(reserve),
            ""NestedFactory::sellTokensToNft: Assets in different reserve""
        );

        (uint256 feesAmount, ) = _submitOutOrders(_nftId, _buyToken, _sellTokensAmount, _orders, true, true);
        _transferFeeWithRoyalty(feesAmount, _buyToken, _nftId);

        emit NftUpdated(_nftId);
    }

    /// @inheritdoc INestedFactory
    function sellTokensToWallet(
        uint256 _nftId,
        IERC20 _buyToken,
        uint256[] memory _sellTokensAmount,
        Order[] calldata _orders
    ) external override nonReentrant onlyTokenOwner(_nftId) isUnlocked(_nftId) {
        require(_orders.length > 0, ""NestedFactory::sellTokensToWallet: Missing orders"");
        require(
            _sellTokensAmount.length == _orders.length,
            ""NestedFactory::sellTokensToWallet: Input lengths must match""
        );
        require(
            nestedRecords.getAssetReserve(_nftId) == address(reserve),
            ""NestedFactory::sellTokensToWallet: Assets in different reserve""
        );

        (uint256 feesAmount, uint256 amountBought) = _submitOutOrders(
            _nftId,
            _buyToken,
            _sellTokensAmount,
            _orders,
            false,
            true
        );
        _transferFeeWithRoyalty(feesAmount, _buyToken, _nftId);
        _safeTransferAndUnwrap(_buyToken, amountBought - feesAmount, _msgSender());

        emit NftUpdated(_nftId);
    }

    /// @inheritdoc INestedFactory
    function destroy(
        uint256 _nftId,
        IERC20 _buyToken,
        Order[] calldata _orders
    ) external override nonReentrant onlyTokenOwner(_nftId) isUnlocked(_nftId) {
        address[] memory tokens = nestedRecords.getAssetTokens(_nftId);
        require(_orders.length > 0, ""NestedFactory::destroy: Missing orders"");
        require(tokens.length == _orders.length, ""NestedFactory::destroy: Missing sell args"");
        require(
            nestedRecords.getAssetReserve(_nftId) == address(reserve),
            ""NestedFactory::destroy: Assets in different reserve""
        );

        uint256 buyTokenInitialBalance = _buyToken.balanceOf(address(this));

        for (uint256 i = 0; i < tokens.length; i++) {
            NestedRecords.Holding memory holding = nestedRecords.getAssetHolding(_nftId, tokens[i]);
            reserve.withdraw(IERC20(holding.token), holding.amount);

            _safeSubmitOrder(tokens[i], address(_buyToken), holding.amount, _nftId, _orders[i]);
            nestedRecords.freeHolding(_nftId, tokens[i]);
        }

        // Amount calculation to send fees and tokens
        uint256 amountBought = _buyToken.balanceOf(address(this)) - buyTokenInitialBalance;
        uint256 amountFees = _calculateFees(_msgSender(), amountBought);
        amountBought = amountBought - amountFees;

        _transferFeeWithRoyalty(amountFees, _buyToken, _nftId);
        _safeTransferAndUnwrap(_buyToken, amountBought, _msgSender());

        // Burn NFT
        nestedRecords.removeNFT(_nftId);
        nestedAsset.burn(_msgSender(), _nftId);
        emit NftBurned(_nftId);
    }

    /// @inheritdoc INestedFactory
    function withdraw(uint256 _nftId, uint256 _tokenIndex)
        external
        override
        nonReentrant
        onlyTokenOwner(_nftId)
        isUnlocked(_nftId)
    {
        uint256 assetTokensLength = nestedRecords.getAssetTokensLength(_nftId);
        require(assetTokensLength > _tokenIndex, ""NestedFactory::withdraw: Invalid token index"");
        // Use destroy instead if NFT has a single holding
        require(assetTokensLength > 1, ""NestedFactory::withdraw: Can't withdraw the last asset"");

        NestedRecords.Holding memory holding = nestedRecords.getAssetHolding(
            _nftId,
            nestedRecords.getAssetTokens(_nftId)[_tokenIndex]
        );
        reserve.withdraw(IERC20(holding.token), holding.amount);
        _safeTransferWithFees(IERC20(holding.token), holding.amount, _msgSender(), _nftId);

        nestedRecords.deleteAsset(_nftId, _tokenIndex);

        emit NftUpdated(_nftId);
    }

    /// @inheritdoc INestedFactory
    function increaseLockTimestamp(uint256 _nftId, uint256 _timestamp) external override onlyTokenOwner(_nftId) {
        nestedRecords.updateLockTimestamp(_nftId, _timestamp);
    }

    /// @inheritdoc INestedFactory
    function unlockTokens(IERC20 _token) external override onlyOwner {
        _token.transfer(owner(), _token.balanceOf(address(this)));
    }

    /// @dev For every orders, call the operator with the calldata
    /// to submit buy orders (where the input is one asset).
    /// @param _nftId The id of the NFT impacted by the orders
    /// @param _inputToken Token used to make the orders
    /// @param _inputTokenAmount Amount of input tokens to use
    /// @param _orders Orders calldata
    /// @param _reserved True if the output is store in the reserve/records, false if not.
    /// @param _fromReserve True if the input tokens are from the reserve
    /// @return feesAmount The total amount of fees
    /// @return tokenSold The ERC20 token sold (in case of ETH to WETH)
    function _submitInOrders(
        uint256 _nftId,
        IERC20 _inputToken,
        uint256 _inputTokenAmount,
        Order[] calldata _orders,
        bool _reserved,
        bool _fromReserve
    ) private returns (uint256 feesAmount, IERC20 tokenSold) {
        _inputToken = _transferInputTokens(_nftId, _inputToken, _inputTokenAmount, _fromReserve);
        uint256 amountSpent;
        for (uint256 i = 0; i < _orders.length; i++) {
            amountSpent += _submitOrder(address(_inputToken), _orders[i].token, _nftId, _orders[i], _reserved);
        }
        feesAmount = _calculateFees(_msgSender(), amountSpent);
        assert(amountSpent <= _inputTokenAmount - feesAmount); // overspent

        // If input is from the reserve, update the records
        if (_fromReserve) {
            _decreaseHoldingAmount(_nftId, address(_inputToken), _inputTokenAmount);
        }

        _handleUnderSpending(_inputTokenAmount - feesAmount, amountSpent, _inputToken);

        tokenSold = _inputToken;
    }

    /// @dev For every orders, call the operator with the calldata
    /// to submit sell orders (where the output is one asset).
    /// @param _nftId The id of the NFT impacted by the orders
    /// @param _outputToken Token received for every orders
    /// @param _inputTokenAmounts Amounts of tokens to use (respectively with Orders)
    /// @param _orders Orders calldata
    /// @param _reserved True if the output is store in the reserve/records, false if not.
    /// @param _fromReserve True if the input tokens are from the reserve
    /// @return feesAmount The total amount of fees
    /// @return amountBought The total amount bought
    function _submitOutOrders(
        uint256 _nftId,
        IERC20 _outputToken,
        uint256[] memory _inputTokenAmounts,
        Order[] calldata _orders,
        bool _reserved,
        bool _fromReserve
    ) private returns (uint256 feesAmount, uint256 amountBought) {
        uint256 _outputTokenInitialBalance = _outputToken.balanceOf(address(this));

        for (uint256 i = 0; i < _orders.length; i++) {
            IERC20 _inputToken = _transferInputTokens(
                _nftId,
                IERC20(_orders[i].token),
                _inputTokenAmounts[i],
                _fromReserve
            );

            // Submit order and update holding of spent token
            uint256 amountSpent = _submitOrder(address(_inputToken), address(_outputToken), _nftId, _orders[i], false);
            assert(amountSpent <= _inputTokenAmounts[i]);

            if (_fromReserve) {
                _decreaseHoldingAmount(_nftId, address(_inputToken), _inputTokenAmounts[i]);
            }

            // Under spent input amount send to fee splitter
            if (_inputTokenAmounts[i] - amountSpent > 0) {
                _transferFeeWithRoyalty(_inputTokenAmounts[i] - amountSpent, _inputToken, _nftId);
            }
        }

        amountBought = _outputToken.balanceOf(address(this)) - _outputTokenInitialBalance;
        feesAmount = _calculateFees(_msgSender(), amountBought);

        if (_reserved) {
            _transferToReserveAndStore(address(_outputToken), amountBought - feesAmount, _nftId);
        }
    }

    /// @dev Call the operator to submit the order (commit/revert) and add the output
    /// assets to the reserve (if needed).
    /// @param _inputToken Token used to make the orders
    /// @param _outputToken Expected output token
    /// @param _nftId The nftId
    /// @param _order The order calldata
    /// @param _reserved True if the output is store in the reserve/records, false if not.
    function _submitOrder(
        address _inputToken,
        address _outputToken,
        uint256 _nftId,
        Order calldata _order,
        bool _reserved
    ) private returns (uint256 amountSpent) {
        address operator = requireAndGetAddress(_order.operator);
        (bool success, bytes memory data) = OperatorHelpers.callOperator(operator, _order.commit, _order.callData);
        require(success, ""NestedFactory::_submitOrder: Operator call failed"");

        (uint256[] memory amounts, address[] memory tokens) = OperatorHelpers.decodeDataAndRequire(
            data,
            _inputToken,
            _outputToken
        );

        if (_reserved) {
            _transferToReserveAndStore(_outputToken, amounts[0], _nftId);
        }
        amountSpent = amounts[1];
    }

    /// @dev Call the operator to submit the order (commit/revert) but dont stop if
    /// the call to the operator fail. It will send the input token back to the msg.sender.
    /// Note : The _reserved Boolean has been removed (compare to _submitOrder) since it was
    ///        useless for the only use case (destroy).
    /// @param _inputToken Token used to make the orders
    /// @param _outputToken Expected output token
    /// @param _amountToSpend The input amount available (to spend)
    /// @param _nftId The nftId
    /// @param _order The order calldata
    function _safeSubmitOrder(
        address _inputToken,
        address _outputToken,
        uint256 _amountToSpend,
        uint256 _nftId,
        Order calldata _order
    ) private {
        address operator = requireAndGetAddress(_order.operator);
        (bool success, bytes memory data) = OperatorHelpers.callOperator(operator, _order.commit, _order.callData);
        if (success) {
            (uint256[] memory amounts, address[] memory tokens) = OperatorHelpers.decodeDataAndRequire(
                data,
                _inputToken,
                _outputToken
            );
            _handleUnderSpending(_amountToSpend, amounts[1], IERC20(_inputToken));
        } else {
            _safeTransferWithFees(IERC20(_inputToken), _amountToSpend, _msgSender(), _nftId);
        }
    }

    /// @dev Transfer tokens to the reserve, and compute the amount received to store
    /// in the records. We need to know the amount received in case of deflationary tokens.
    /// @param _token The token address
    /// @param _amount The amount to send to the reserve
    /// @param _nftId The Token ID to store the assets
    function _transferToReserveAndStore(
        address _token,
        uint256 _amount,
        uint256 _nftId
    ) private {
        uint256 balanceReserveBefore = IERC20(_token).balanceOf(address(reserve));

        // Send output to reserve
        IERC20(_token).safeTransfer(address(reserve), _amount);

        uint256 balanceReserveAfter = IERC20(_token).balanceOf(address(reserve));

        nestedRecords.store(_nftId, _token, balanceReserveAfter - balanceReserveBefore, address(reserve));
    }

    /// @dev Choose between ERC20 (safeTransfer) and ETH (deposit), to transfer from the Reserve
    ///      or the user wallet, to the factory.
    /// @param _nftId The NFT id
    /// @param _inputToken The token to receive
    /// @param _inputTokenAmount Amount to transfer
    /// @param _fromReserve True to transfer from the reserve
    /// @return tokenUsed Token transfered (in case of ETH)
    function _transferInputTokens(
        uint256 _nftId,
        IERC20 _inputToken,
        uint256 _inputTokenAmount,
        bool _fromReserve
    ) private returns (IERC20 tokenUsed) {
        if (_fromReserve) {
            NestedRecords.Holding memory holding = nestedRecords.getAssetHolding(_nftId, address(_inputToken));
            require(holding.amount >= _inputTokenAmount, ""NestedFactory:_transferInputTokens: Insufficient amount"");

            // Get input from reserve
            reserve.withdraw(IERC20(holding.token), _inputTokenAmount);
        } else if (address(_inputToken) == ETH) {
            require(msg.value == _inputTokenAmount, ""NestedFactory::_transferInputTokens: Insufficient amount in"");
            weth.deposit{ value: msg.value }();
            _inputToken = IERC20(address(weth));
        } else {
            _inputToken.safeTransferFrom(_msgSender(), address(this), _inputTokenAmount);
        }
        tokenUsed = _inputToken;
    }

    /// @dev Send the under spent amount to the FeeSplitter without the royalties.
    ///      The ""under spent"" amount is the positive difference between the amount supposed
    ///      to be spent and the amount really spent.
    /// @param _amountToSpent The amount supposed to be spent
    /// @param _amountSpent The amount really spent
    /// @param _token The amount-related token
    function _handleUnderSpending(
        uint256 _amountToSpent,
        uint256 _amountSpent,
        IERC20 _token
    ) private {
        if (_amountToSpent - _amountSpent > 0) {
            ExchangeHelpers.setMaxAllowance(_token, address(feeSplitter));
            feeSplitter.sendFees(_token, _amountToSpent - _amountSpent);
        }
    }

    /// @dev Send a fee to the FeeSplitter, royalties will be paid to the owner of the original asset
    /// @param _amount Amount to send
    /// @param _token Token to send
    /// @param _nftId User portfolio ID used to find a potential royalties recipient
    function _transferFeeWithRoyalty(
        uint256 _amount,
        IERC20 _token,
        uint256 _nftId
    ) private {
        address originalOwner = nestedAsset.originalOwner(_nftId);
        ExchangeHelpers.setMaxAllowance(_token, address(feeSplitter));
        if (originalOwner != address(0)) {
            feeSplitter.sendFeesWithRoyalties(originalOwner, _token, _amount);
        } else {
            feeSplitter.sendFees(_token, _amount);
        }
    }

    /// @dev Decrease the amount of a NFT holding
    /// @param _nftId The NFT id
    /// @param _inputToken The token holding
    /// @param _amount The amount to subtract from the actual holding amount
    function _decreaseHoldingAmount(
        uint256 _nftId,
        address _inputToken,
        uint256 _amount
    ) private {
        NestedRecords.Holding memory holding = nestedRecords.getAssetHolding(_nftId, _inputToken);
        nestedRecords.updateHoldingAmount(_nftId, _inputToken, holding.amount - _amount);
    }

    /// @dev Transfer a token amount from the factory to the recipient.
    ///      The token is unwrapped if WETH.
    /// @param _token The token to transfer
    /// @param _amount The amount to transfer
    /// @param _dest The address receiving the funds
    function _safeTransferAndUnwrap(
        IERC20 _token,
        uint256 _amount,
        address _dest
    ) private {
        // if buy token is WETH, unwrap it instead of transferring it to the sender
        if (address(_token) == address(weth)) {
            IWETH(weth).withdraw(_amount);
            (bool success, ) = _dest.call{ value: _amount }("""");
            require(success, ""ETH_TRANSFER_ERROR"");
        } else {
            _token.safeTransfer(_dest, _amount);
        }
    }

    /// @dev Transfer from factory and collect fees
    /// @param _token The token to transfer
    /// @param _amount The amount (with fees) to transfer
    /// @param _dest The address receiving the funds
    function _safeTransferWithFees(
        IERC20 _token,
        uint256 _amount,
        address _dest,
        uint256 _nftId
    ) private {
        uint256 feeAmount = _calculateFees(_dest, _amount);
        _transferFeeWithRoyalty(feeAmount, _token, _nftId);
        _token.safeTransfer(_dest, _amount - feeAmount);
    }

    /// @dev Calculate the fees for a specific user and amount (1%)
    /// @param _user The user address
    /// @param _amount The amount
    /// @return The fees amount
    function _calculateFees(address _user, uint256 _amount) private view returns (uint256) {
        return _amount / 100;
    }
}",5567.0,562.0,"[H-01] Copy your own portfolio to keep earning royalties
In NestedFactory.sol going through the `create()` function which leads to the `sendFeesWithRoyalties()` => `addShares()` function, Im not seeing any checks preventing someone from copying their own portfolio and receiving royalty shares for it and simply repeating the process over and over again.
 
[M-01] setReserve() can be front-run
The `reserve` address variable in NestedFactory.sol remains equal to 0 before the `setReserve()` function is called by an owner. This may lead to incorrect transfers of tokens or invalid comparison with e.g., the asset reserve (`nestedRecords.getAssetReserve(_nftId) == address(reserve)`), should they occur before the value for reserve was set. In addition, the immutabiliy of the `reserve` variable requires extra caution when setting the value.
Proof of Concept

 [M-06] NestedFactory.sol#_submitInOrders() Wrong implementation cause users to be overcharged
Function `_submitInOrders`
When executing orders, the actual `amountSpent + feesAmount` can be lower than `_inputTokenAmount`, the unspent amount should be returned to the user.
However, in the current implementation, the unspent amount will be taken as part of the fee. NestedFactory.sol L285-L309
  [M-07] Ensure on-chain that cache is synced
Currently, many core operations (like `NestedFactory.create()`, `NestedFactory.swapTokenForTokens()`) are dependent on the assumption that the cache is synced before these functions are executed however this may not necessarily be the case.
  [M-08] Passing multiple ETH deposits in orders array will use the same `msg.value` many times
Contract holdings can be emptied as malicious user will do deposit/withdraw to extract value. This is possible because after `transferInputTokens` system uses contract balance for user's operations, assuming that equivalent value was transferred. `msg.value` persist over calls, so passing 'Order[] calldata _orders' holding multiple ETH deposits will use the same msg.value in each of them, resulting in multiple deposits, that sums up to much bigger accounted value than actually deposited value, up to contract's ETH holdings.",5.0,"pragma solidity 0.8.9;

import ""@openzeppelin/contracts/security/ReentrancyGuard.sol"";
import ""@openzeppelin/contracts/access/Ownable.sol"";
import ""@openzeppelin/contracts/utils/Multicall.sol"";
import ""@openzeppelin/contracts/token/ERC20/utils/SafeERC20.sol"";
import ""./libraries/ExchangeHelpers.sol"";
import ""./libraries/OperatorHelpers.sol"";
import ""./interfaces/external/IWETH.sol"";
import ""./interfaces/INestedFactory.sol"";
import ""./FeeSplitter.sol"";
import ""./MixinOperatorResolver.sol"";
import ""./NestedReserve.sol"";
import ""./NestedAsset.sol"";
import ""./NestedRecords.sol"";



contract NestedFactory is INestedFactory, ReentrancyGuard, Ownable, MixinOperatorResolver, Multicall {
    using SafeERC20 for IERC20;
    address private constant ETH = 0xEeeeeEeeeEeEeeEeEeEeeEEEeeeeEeeeeeeeEEeE;

    
    bytes32[] private operators;

    
    FeeSplitter public feeSplitter;

    
    NestedReserve public reserve;

    NestedAsset public immutable nestedAsset;
    IWETH public immutable weth;
    NestedRecords public immutable nestedRecords;

    constructor(
        NestedAsset _nestedAsset,
        NestedRecords _nestedRecords,
        FeeSplitter _feeSplitter,
        IWETH _weth,
        address _operatorResolver
    ) MixinOperatorResolver(_operatorResolver) {
        nestedAsset = _nestedAsset;
        nestedRecords = _nestedRecords;
        feeSplitter = _feeSplitter;
        weth = _weth;
    }

    
    
    modifier onlyTokenOwner(uint256 _nftId) {
        require(nestedAsset.ownerOf(_nftId) == _msgSender(), ""NestedFactory: Not the token owner"");
        _;
    }

    
    
    
    modifier isUnlocked(uint256 _nftId) {
        require(block.timestamp > nestedRecords.getLockTimestamp(_nftId), ""NestedFactory: The NFT is currently locked"");
        _;
    }

    
    receive() external payable {}

    
    function resolverAddressesRequired() public view override returns (bytes32[] memory addresses) {
        return operators;
    }

    
    function addOperator(bytes32 operator) external override onlyOwner {
        operators.push(operator);
    }

    
    function removeOperator(bytes32 operator) external override onlyOwner {
        uint256 i = 0;
        while (operators[i] != operator) {
            i++;
        }
        require(i > 0, ""NestedFactory::removeOperator: Cant remove non-existent operator"");
        delete operators[i];
    }

    
    function setReserve(NestedReserve _reserve) external override onlyOwner {
        require(address(reserve) == address(0), ""NestedFactory::setReserve: Reserve is immutable"");
        reserve = _reserve;
        emit ReserveUpdated(address(_reserve));
    }

    
    function setFeeSplitter(FeeSplitter _feeSplitter) external override onlyOwner {
        require(address(_feeSplitter) != address(0), ""NestedFactory::setFeeSplitter: Invalid feeSplitter address"");
        feeSplitter = _feeSplitter;
        emit FeeSplitterUpdated(address(_feeSplitter));
    }

    
    function create(
        uint256 _originalTokenId,
        IERC20 _sellToken,
        uint256 _sellTokenAmount,
        Order[] calldata _orders
    ) external payable override nonReentrant {
        require(_orders.length > 0, ""NestedFactory::create: Missing orders"");

        uint256 nftId = nestedAsset.mint(_msgSender(), _originalTokenId);
        (uint256 fees, IERC20 tokenSold) = _submitInOrders(nftId, _sellToken, _sellTokenAmount, _orders, true, false);

        _transferFeeWithRoyalty(fees, tokenSold, nftId);
        emit NftCreated(nftId, _originalTokenId);
    }

    
    function addTokens(
        uint256 _nftId,
        IERC20 _sellToken,
        uint256 _sellTokenAmount,
        Order[] calldata _orders
    ) external payable override nonReentrant onlyTokenOwner(_nftId) {
        require(_orders.length > 0, ""NestedFactory::addTokens: Missing orders"");

        (uint256 fees, IERC20 tokenSold) = _submitInOrders(_nftId, _sellToken, _sellTokenAmount, _orders, true, false);
        _transferFeeWithRoyalty(fees, tokenSold, _nftId);
        emit NftUpdated(_nftId);
    }

    
    function swapTokenForTokens(
        uint256 _nftId,
        IERC20 _sellToken,
        uint256 _sellTokenAmount,
        Order[] calldata _orders
    ) external override nonReentrant onlyTokenOwner(_nftId) isUnlocked(_nftId) {
        require(_orders.length > 0, ""NestedFactory::swapTokenForTokens: Missing orders"");
        require(
            nestedRecords.getAssetReserve(_nftId) == address(reserve),
            ""NestedFactory::swapTokenForTokens: Assets in different reserve""
        );

        (uint256 fees, IERC20 tokenSold) = _submitInOrders(_nftId, _sellToken, _sellTokenAmount, _orders, true, true);
        _transferFeeWithRoyalty(fees, tokenSold, _nftId);

        emit NftUpdated(_nftId);
    }

    
    function sellTokensToNft(
        uint256 _nftId,
        IERC20 _buyToken,
        uint256[] memory _sellTokensAmount,
        Order[] calldata _orders
    ) external override nonReentrant onlyTokenOwner(_nftId) isUnlocked(_nftId) {
        require(_orders.length > 0, ""NestedFactory::sellTokensToNft: Missing orders"");
        require(_sellTokensAmount.length == _orders.length, ""NestedFactory::sellTokensToNft: Input lengths must match"");
        require(
            nestedRecords.getAssetReserve(_nftId) == address(reserve),
            ""NestedFactory::sellTokensToNft: Assets in different reserve""
        );

        (uint256 feesAmount, ) = _submitOutOrders(_nftId, _buyToken, _sellTokensAmount, _orders, true, true);
        _transferFeeWithRoyalty(feesAmount, _buyToken, _nftId);

        emit NftUpdated(_nftId);
    }

    
    function sellTokensToWallet(
        uint256 _nftId,
        IERC20 _buyToken,
        uint256[] memory _sellTokensAmount,
        Order[] calldata _orders
    ) external override nonReentrant onlyTokenOwner(_nftId) isUnlocked(_nftId) {
        require(_orders.length > 0, ""NestedFactory::sellTokensToWallet: Missing orders"");
        require(
            _sellTokensAmount.length == _orders.length,
            ""NestedFactory::sellTokensToWallet: Input lengths must match""
        );
        require(
            nestedRecords.getAssetReserve(_nftId) == address(reserve),
            ""NestedFactory::sellTokensToWallet: Assets in different reserve""
        );

        (uint256 feesAmount, uint256 amountBought) = _submitOutOrders(
            _nftId,
            _buyToken,
            _sellTokensAmount,
            _orders,
            false,
            true
        );
        _transferFeeWithRoyalty(feesAmount, _buyToken, _nftId);
        _safeTransferAndUnwrap(_buyToken, amountBought - feesAmount, _msgSender());

        emit NftUpdated(_nftId);
    }

    
    function destroy(
        uint256 _nftId,
        IERC20 _buyToken,
        Order[] calldata _orders
    ) external override nonReentrant onlyTokenOwner(_nftId) isUnlocked(_nftId) {
        address[] memory tokens = nestedRecords.getAssetTokens(_nftId);
        require(_orders.length > 0, ""NestedFactory::destroy: Missing orders"");
        require(tokens.length == _orders.length, ""NestedFactory::destroy: Missing sell args"");
        require(
            nestedRecords.getAssetReserve(_nftId) == address(reserve),
            ""NestedFactory::destroy: Assets in different reserve""
        );

        uint256 buyTokenInitialBalance = _buyToken.balanceOf(address(this));

        for (uint256 i = 0; i < tokens.length; i++) {
            NestedRecords.Holding memory holding = nestedRecords.getAssetHolding(_nftId, tokens[i]);
            reserve.withdraw(IERC20(holding.token), holding.amount);

            _safeSubmitOrder(tokens[i], address(_buyToken), holding.amount, _nftId, _orders[i]);
            nestedRecords.freeHolding(_nftId, tokens[i]);
        }

        
        uint256 amountBought = _buyToken.balanceOf(address(this)) - buyTokenInitialBalance;
        uint256 amountFees = _calculateFees(_msgSender(), amountBought);
        amountBought = amountBought - amountFees;

        _transferFeeWithRoyalty(amountFees, _buyToken, _nftId);
        _safeTransferAndUnwrap(_buyToken, amountBought, _msgSender());

        
        nestedRecords.removeNFT(_nftId);
        nestedAsset.burn(_msgSender(), _nftId);
        emit NftBurned(_nftId);
    }

    
    function withdraw(uint256 _nftId, uint256 _tokenIndex)
        external
        override
        nonReentrant
        onlyTokenOwner(_nftId)
        isUnlocked(_nftId)
    {
        uint256 assetTokensLength = nestedRecords.getAssetTokensLength(_nftId);
        require(assetTokensLength > _tokenIndex, ""NestedFactory::withdraw: Invalid token index"");
        
        require(assetTokensLength > 1, ""NestedFactory::withdraw: Can't withdraw the last asset"");

        NestedRecords.Holding memory holding = nestedRecords.getAssetHolding(
            _nftId,
            nestedRecords.getAssetTokens(_nftId)[_tokenIndex]
        );
        reserve.withdraw(IERC20(holding.token), holding.amount);
        _safeTransferWithFees(IERC20(holding.token), holding.amount, _msgSender(), _nftId);

        nestedRecords.deleteAsset(_nftId, _tokenIndex);

        emit NftUpdated(_nftId);
    }

    
    function increaseLockTimestamp(uint256 _nftId, uint256 _timestamp) external override onlyTokenOwner(_nftId) {
        nestedRecords.updateLockTimestamp(_nftId, _timestamp);
    }

    
    function unlockTokens(IERC20 _token) external override onlyOwner {
        _token.transfer(owner(), _token.balanceOf(address(this)));
    }

    
    
    
    
    
    
    
    
    
    
    function _submitInOrders(
        uint256 _nftId,
        IERC20 _inputToken,
        uint256 _inputTokenAmount,
        Order[] calldata _orders,
        bool _reserved,
        bool _fromReserve
    ) private returns (uint256 feesAmount, IERC20 tokenSold) {
        _inputToken = _transferInputTokens(_nftId, _inputToken, _inputTokenAmount, _fromReserve);
        uint256 amountSpent;
        for (uint256 i = 0; i < _orders.length; i++) {
            amountSpent += _submitOrder(address(_inputToken), _orders[i].token, _nftId, _orders[i], _reserved);
        }
        feesAmount = _calculateFees(_msgSender(), amountSpent);
        assert(amountSpent <= _inputTokenAmount - feesAmount); 

        
        if (_fromReserve) {
            _decreaseHoldingAmount(_nftId, address(_inputToken), _inputTokenAmount);
        }

        _handleUnderSpending(_inputTokenAmount - feesAmount, amountSpent, _inputToken);

        tokenSold = _inputToken;
    }

    
    
    
    
    
    
    
    
    
    
    function _submitOutOrders(
        uint256 _nftId,
        IERC20 _outputToken,
        uint256[] memory _inputTokenAmounts,
        Order[] calldata _orders,
        bool _reserved,
        bool _fromReserve
    ) private returns (uint256 feesAmount, uint256 amountBought) {
        uint256 _outputTokenInitialBalance = _outputToken.balanceOf(address(this));

        for (uint256 i = 0; i < _orders.length; i++) {
            IERC20 _inputToken = _transferInputTokens(
                _nftId,
                IERC20(_orders[i].token),
                _inputTokenAmounts[i],
                _fromReserve
            );

            
            uint256 amountSpent = _submitOrder(address(_inputToken), address(_outputToken), _nftId, _orders[i], false);
            assert(amountSpent <= _inputTokenAmounts[i]);

            if (_fromReserve) {
                _decreaseHoldingAmount(_nftId, address(_inputToken), _inputTokenAmounts[i]);
            }

            
            if (_inputTokenAmounts[i] - amountSpent > 0) {
                _transferFeeWithRoyalty(_inputTokenAmounts[i] - amountSpent, _inputToken, _nftId);
            }
        }

        amountBought = _outputToken.balanceOf(address(this)) - _outputTokenInitialBalance;
        feesAmount = _calculateFees(_msgSender(), amountBought);

        if (_reserved) {
            _transferToReserveAndStore(address(_outputToken), amountBought - feesAmount, _nftId);
        }
    }

    
    
    
    
    
    
    
    function _submitOrder(
        address _inputToken,
        address _outputToken,
        uint256 _nftId,
        Order calldata _order,
        bool _reserved
    ) private returns (uint256 amountSpent) {
        address operator = requireAndGetAddress(_order.operator);
        (bool success, bytes memory data) = OperatorHelpers.callOperator(operator, _order.commit, _order.callData);
        require(success, ""NestedFactory::_submitOrder: Operator call failed"");

        (uint256[] memory amounts, address[] memory tokens) = OperatorHelpers.decodeDataAndRequire(
            data,
            _inputToken,
            _outputToken
        );

        if (_reserved) {
            _transferToReserveAndStore(_outputToken, amounts[0], _nftId);
        }
        amountSpent = amounts[1];
    }

    
    
    
    
    
    
    
    
    
    function _safeSubmitOrder(
        address _inputToken,
        address _outputToken,
        uint256 _amountToSpend,
        uint256 _nftId,
        Order calldata _order
    ) private {
        address operator = requireAndGetAddress(_order.operator);
        (bool success, bytes memory data) = OperatorHelpers.callOperator(operator, _order.commit, _order.callData);
        if (success) {
            (uint256[] memory amounts, address[] memory tokens) = OperatorHelpers.decodeDataAndRequire(
                data,
                _inputToken,
                _outputToken
            );
            _handleUnderSpending(_amountToSpend, amounts[1], IERC20(_inputToken));
        } else {
            _safeTransferWithFees(IERC20(_inputToken), _amountToSpend, _msgSender(), _nftId);
        }
    }

    
    
    
    
    
    function _transferToReserveAndStore(
        address _token,
        uint256 _amount,
        uint256 _nftId
    ) private {
        uint256 balanceReserveBefore = IERC20(_token).balanceOf(address(reserve));

        
        IERC20(_token).safeTransfer(address(reserve), _amount);

        uint256 balanceReserveAfter = IERC20(_token).balanceOf(address(reserve));

        nestedRecords.store(_nftId, _token, balanceReserveAfter - balanceReserveBefore, address(reserve));
    }

    
    
    
    
    
    
    
    function _transferInputTokens(
        uint256 _nftId,
        IERC20 _inputToken,
        uint256 _inputTokenAmount,
        bool _fromReserve
    ) private returns (IERC20 tokenUsed) {
        if (_fromReserve) {
            NestedRecords.Holding memory holding = nestedRecords.getAssetHolding(_nftId, address(_inputToken));
            require(holding.amount >= _inputTokenAmount, ""NestedFactory:_transferInputTokens: Insufficient amount"");

            
            reserve.withdraw(IERC20(holding.token), _inputTokenAmount);
        } else if (address(_inputToken) == ETH) {
            require(msg.value == _inputTokenAmount, ""NestedFactory::_transferInputTokens: Insufficient amount in"");
            weth.deposit{ value: msg.value }();
            _inputToken = IERC20(address(weth));
        } else {
            _inputToken.safeTransferFrom(_msgSender(), address(this), _inputTokenAmount);
        }
        tokenUsed = _inputToken;
    }

    
    
    
    
    
    
    function _handleUnderSpending(
        uint256 _amountToSpent,
        uint256 _amountSpent,
        IERC20 _token
    ) private {
        if (_amountToSpent - _amountSpent > 0) {
            ExchangeHelpers.setMaxAllowance(_token, address(feeSplitter));
            feeSplitter.sendFees(_token, _amountToSpent - _amountSpent);
        }
    }

    
    
    
    
    function _transferFeeWithRoyalty(
        uint256 _amount,
        IERC20 _token,
        uint256 _nftId
    ) private {
        address originalOwner = nestedAsset.originalOwner(_nftId);
        ExchangeHelpers.setMaxAllowance(_token, address(feeSplitter));
        if (originalOwner != address(0)) {
            feeSplitter.sendFeesWithRoyalties(originalOwner, _token, _amount);
        } else {
            feeSplitter.sendFees(_token, _amount);
        }
    }

    
    
    
    
    function _decreaseHoldingAmount(
        uint256 _nftId,
        address _inputToken,
        uint256 _amount
    ) private {
        NestedRecords.Holding memory holding = nestedRecords.getAssetHolding(_nftId, _inputToken);
        nestedRecords.updateHoldingAmount(_nftId, _inputToken, holding.amount - _amount);
    }

    
    
    
    
    
    function _safeTransferAndUnwrap(
        IERC20 _token,
        uint256 _amount,
        address _dest
    ) private {
        
        if (address(_token) == address(weth)) {
            IWETH(weth).withdraw(_amount);
            (bool success, ) = _dest.call{ value: _amount }("""");
            require(success, ""ETH_TRANSFER_ERROR"");
        } else {
            _token.safeTransfer(_dest, _amount);
        }
    }

    
    
    
    
    function _safeTransferWithFees(
        IERC20 _token,
        uint256 _amount,
        address _dest,
        uint256 _nftId
    ) private {
        uint256 feeAmount = _calculateFees(_dest, _amount);
        _transferFeeWithRoyalty(feeAmount, _token, _nftId);
        _token.safeTransfer(_dest, _amount - feeAmount);
    }

    
    
    
    
    function _calculateFees(address _user, uint256 _amount) private view returns (uint256) {
        return _amount / 100;
    }
}",4148.0,1,4,"Okay, so I need to list all the vulnerabilities in this NestedFactory smart contract. I'm not an expert, but I'll try to think through this step by step.

First, I'll go through the code and see what it's doing. The contract is a nested factory, which I think means it's for creating and managing NFTs with multiple layers, possibly for something like fractal NFTs or recursive assets. It's using several OpenZeppelin contracts, which is good for security, but maybe it's passing some critical points.

Looking at the modifiers, there's `onlyTokenOwner`, `isUnlocked`, and `nonReentrant`. The `onlyTokenOwner` checks if the caller is the token's owner before allowing a function to proceed. `isUnlocked` checks if an NFT's lock timestamp has passed, so it's unlocked if the timestamp is in the past. `nonReentrant` is from OpenZeppelin's ReentrancyGuard, so it helps prevent reentrancy attacks.

Now, I'll check the `receiver` function. It's external and payable, which means it can receive ETH. That could be a point of vulnerability since accepting ETH directly might bypass some checks, but since the contract is using ReentrancyGuard, maybe that's mitigated.

Next, the `addOperator` function adds an operator by pushing to an array. There's no cap on how many operators it can add, and there's a `removeOperator` that deletes by index, which could be a problem if someone gets the index wrong or if the array isn't properly checked. But without an additional check, like verifying the operator exists, before deletion, this could lead to operators not being properly removed.

The `setReserve` and `setFeeSplitter` functions allow the owner to replace these contracts. But since the constructor already initializes them with 0, and they're set externally, there might be a problem if these addresses aren't properly checked or if they can be set multiple times by malicious users. The constructor's parameters are public or private, so I can't tell for sure without seeing how they're used.

In the `create` function, it mints an NFT using `_originalTokenId` and then submits orders. It uses `submitInOrders`, which is a private function. The problem is if `submitInOrders` doesn't handle something correctly, maybe, but I can't tell without looking at that function.

Looking at `submitInOrders`, it transfers input tokens and processes orders. It has a `nonReentrant` modifier, but I'm not sure if each step is protected. The `submitOutOrders` function might have similar issues.

In `submitOutOrders`, there's a for loop that calls `submitOrder`. Each call might be an entry point for reentrancy. Also, in the for loop, they directly call the operator's function, which might be危险的 if the operator isn't trusted.

In `_submitOrder`, it directly calls a user-provided operator function. Operators are supposed to handle transactions, but if an operator is malicious, it could execute arbitrary code or steal funds. The function doesn't verify the operator's integrity beyond what was set in the contract, which is a risk because operators should be trusted.

Moving on to `withdraw`, which allows owners to withdraw an asset token. It checks that there are remaining tokens and that the asset isn't the last one. But if an attacker can manipulate the `nestedRecords`, they might change the holdings after the `withdraw` check, leading to issues. However, since `nestedRecords` are private and only the contract can manipulate them, perhaps it's safe.

In `destroy`, the function handles destroying an NFT by swapping all tokens to another asset. It loops through tokens and calls `submitOrder`, but since each `submitOrder` might call an external operator, if any of these calls are not safe, the contract could be manipulated.

The `_transferInputTokens` function handles moving tokens into or out of the reserve. If `_fromReserve` is true, it uses reserve, otherwise, it's handled as a regular token. But if the input token isn't handled correctly, especially when it's ETH or a direct transfer, this could lead to issues.

In `_handleUnderSpending`, it calculates fees and sends them via `feeSplitter.sendFees`. If the fee splitter isn't properly secured, this could allow theft.

In `_transferFeeWithRoyalty`, it sends fees to the original owner or the fee splitter. If the original owner is set incorrectly, or the contract doesn't verify the caller, this could transfer funds to the wrong address.

In `_safeSubmitOrder`, it again calls the operator's function, which could be a point of attack.

In `_transferToReserveAndStore`, it moves tokens directly to the reserve without checking if the token is allowed, which is a problem because reserve should only accept certain tokens.

In `_transferInputTokens`, when handling ETH, it deposits directly, which could be a reentrancy risk since `deposit` may trigger a withdraw event. But OpenZeppelin's WETH contract is an ERC20 token, so maybe that's okay.

In `_safeTransferAndUnwrap`, it checks if the token is WETH and calls `withdraw`, which could be a point of failure if the WETH contract allows reentrancy.

In `_safeTransferWithFees`, it subtracts fees before sending, which is correct, but if fees are calculated incorrectly, it could result in loss-of-funds.

The `_calculateFees` function just divides by 100, which is a fixed 1% fee. If the fee isn't represented as a fraction, like 1000000000000000 (which is 1% in Solidity), then this could be a miscalculation leading to missing fees. However, since it's using a fixed value, it might not be as flexible as needed.

Potential issues:
1. Operator functions can execute arbitrary code, which isn't safe unless operators are fully trusted.
2. Modifiers like `onlyTokenOwner` and `isUnlocked` might not be sufficient if they don't check the caller properly.
3. The fee splitter's `sendFees` and `sendFeesWithRoyalties` might not have proper checks on the caller.
4. Direct handling of ETH in `_transferInputTokens` without additional checks could be risky.
5. The `rx` variable isn't used, but that's not a vulnerability.
6. Reentrancy vulnerabilities due to multiple calls without proper protection, although the ReentrancyGuard might mitigate this.

I'll also note that OpenZeppelin contracts have their own vulnerabilities that could be applicable, like in how `dp` is calculated or if any functions aren't properly protected.

So, based on all these points, the vulnerabilities I can identify are:

- Potential reentrancy attacks from operator calls.
- Risk of untrusted operators executing malicious code.
- Possible issues with fee calculation not scaling.
- Risk in direct ETH handling without proper checks.
- Trusting the fee splitter and royalty recipient without validation.
","

The identified vulnerabilities in the `NestedFactory` smart contract are as follows:

1. **Untrusted Operator Function Calls**  
   The contract allows operators to execute arbitrary code via their functions. If operators aren't fully trusted, this could lead to malicious activities such as stealing funds or manipulating on-chain data.

2. **Fixed Fee Calculation**  
   The fee calculation uses a fixed `1%` value (1000000000000000), which doesn't allow for dynamic or configurable fees, potentially leading to misallocation if fees need to change.

3. **Direct ETH Handling**  
   The `_transferInputTokens` function directly handles ETH and other tokens without sufficient checks, which could expose the contract to reentrancy or other attacks when tokens are transferred.

4. **Potential Reentrancy Risks**  
   While the contract uses `ReentrancyGuard`, certain functions like `submitOrder` or `transferInputTokens` might allow reentrancy if not properly guarded, despite the modifier presence.

5. **Insecure Token Handling in `_transferToReserveAndStore`**  
   The function transfers tokens directly to the reserve without verifying if the token is allowed or if the transfer is secure, which could lead to token misuse.

6. **Depiction of Non-Existent Operator**  
   The `removeOperator` function assumes the caller can correctly specify an operator by index, without a mechanism to verify the operator's existence before deletion, leading to potential operator index errors.

7. **Risky Ether Deposit**  
   The contract allows ether deposits via `weth.deposit{ value: msg.value }()` which could be a reentrancy vector if the WETH contract's `withdraw` function isn't secure.

**Suggested Mitigations:**

- **Check Operator Integrity**: Ensure that operator addresses are verified and only trusted under strict review.
- **Dynamic Fee Calculation**: Implement a more flexible fee calculation mechanism that's configurable without hardcoding.
- **Reentrancy Protections**: Enhance all functions that interact with external calls to further protect against reentrancy.
- **Secure Token Transfers**: Add checks in `_transferToReserveAndStore` to ensure tokens are of allowed types and transfers are authorized.
- **Operator Index Validation**: Add a helper function to verify operators before attempts to remove them, preventingIndex errors.

By addressing these points, the contract can be made more secure against common vulnerabilities.","### **Analysis of Alignment Between `issue` and `response_list`**

---

#### **[H-01] Copy your own portfolio to keep earning royalties**

**Report Description**:  
The `create()` function in `NestedFactory.sol` leads to `sendFeesWithRoyalties()` and `addShares()`. There are no checks preventing users from copying their own portfolio and receiving royalty shares repeatedly, which could lead to abuse and unfair earnings.

**Match in Response List**:  
**No match found**.

**Validation**:  
The issue is **completely unaddressed** in the `response_list`. The response list does not mention or provide any mitigation for the potential abuse of royalty shares through portfolio copying.

**Suggestions**:  
Implement checks in the `create()` function to ensure that users cannot copy their own portfolios. This could include verifying that the portfolio being copied is not owned by the same user or adding a cooldown period for portfolio creation.

---

#### **[M-01] setReserve() can be front-run**

**Report Description**:  
The `reserve` address in `NestedFactory.sol` remains uninitialized (set to `0`) until `setReserve()` is called by the owner. This could lead to incorrect token transfers or invalid comparisons (e.g., `nestedRecords.getAssetReserve(_nftId) == address(reserve)`) if operations occur before the `reserve` is set. Additionally, the immutability of `reserve` requires careful handling.

**Match in Response List**:  
**No match found**.

**Validation**:  
The issue is **completely unaddressed** in the `response_list`. The response list does not mention the front-running risk or the need for careful initialization of the `reserve` address.

**Suggestions**:  
Initialize the `reserve` address during contract deployment or implement a mechanism to prevent front-running, such as using a commit-reveal scheme for setting the `reserve` address.

---

#### **[M-06] NestedFactory.sol#_submitInOrders() Wrong implementation cause users to be overcharged**

**Report Description**:  
In the `_submitInOrders` function, the actual `amountSpent + feesAmount` can be lower than `_inputTokenAmount`. The unspent amount should be returned to the user, but the current implementation takes it as part of the fee, leading to overcharging.

**Match in Response List**:  
**No match found**.

**Validation**:  
The issue is **completely unaddressed** in the `response_list`. The response list does not mention the overcharging problem or suggest returning unspent amounts to users.

**Suggestions**:  
Modify the `_submitInOrders` function to calculate and return the unspent amount to the user, ensuring fairness in fee calculations.

---

#### **[M-07] Ensure on-chain that cache is synced**

**Report Description**:  
Core operations like `NestedFactory.create()` and `NestedFactory.swapTokenForTokens()` rely on the assumption that the cache is synced before execution. However, there is no on-chain mechanism to ensure this, which could lead to incorrect behavior if the cache is out of sync.

**Match in Response List**:  
**No match found**.

**Validation**:  
The issue is **completely unaddressed** in the `response_list`. The response list does not mention the need for cache synchronization or suggest any mitigations.

**Suggestions**:  
Implement an on-chain mechanism to verify cache synchronization before executing critical functions. This could include a check or a synchronization function that ensures the cache is up-to-date.

---

#### **[M-08] Passing multiple ETH deposits in orders array will use the same `msg.value` many times**

**Report Description**:  
The contract allows multiple ETH deposits in the `orders` array, but the same `msg.value` is reused for each deposit. This could lead to malicious users extracting value from the contract by depositing and withdrawing repeatedly, as the system assumes the equivalent value was transferred.

**Match in Response List**:  
**No match found**.

**Validation**:  
The issue is **completely unaddressed** in the `response_list`. The response list does not mention the risk of reusing `msg.value` or suggest any mitigations.

**Suggestions**:  
Modify the contract to track and validate `msg.value` for each deposit separately, ensuring that the correct amount of ETH is transferred for each operation.

---

### **GPT-Generated Potential Issues (May Be Incorrect)**

#### **[R-01] Untrusted Operator Function Calls**

**Response Description**:  
The contract allows operators to execute arbitrary code via their functions. If operators are not fully trusted, this could lead to malicious activities such as stealing funds or manipulating on-chain data.

**Assessment**:  
**Valid Concern**. While this issue was not mentioned in the original `issue` report, it highlights a significant risk in the contract's design. Untrusted operator function calls can indeed lead to security vulnerabilities, especially if operators are not properly vetted.

---

#### **[R-02] Fixed Fee Calculation**

**Response Description**:  
The fee calculation uses a fixed `1%` value (1000000000000000), which does not allow for dynamic or configurable fees, potentially leading to misallocation if fees need to change.

**Assessment**:  
**Valid Concern**. Fixed fee calculations can limit the contract's flexibility and adaptability. While not mentioned in the `issue` report, this is a valid design consideration that could impact the contract's long-term usability.

---

#### **[R-03] Direct ETH Handling**

**Response Description**:  
The `_transferInputTokens` function directly handles ETH and other tokens without sufficient checks, which could expose the contract to reentrancy or other attacks when tokens are transferred.

**Assessment**:  
**Valid Concern**. Direct ETH handling without proper checks can indeed expose the contract to reentrancy attacks. This is a valid security concern, even though it was not explicitly mentioned in the `issue` report.

---

#### **[R-04] Potential Reentrancy Risks**

**Response Description**:  
While the contract uses `ReentrancyGuard`, certain functions like `submitOrder` or `transferInputTokens` might allow reentrancy if not properly guarded, despite the modifier presence.

**Assessment**:  
**Valid Concern**. Reentrancy risks are a critical security consideration in Solidity contracts. The response correctly identifies potential vulnerabilities, even though they were not explicitly mentioned in the `issue` report.

---

#### **[R-05] Insecure Token Handling in `_transferToReserveAndStore`**

**Response Description**:  
The function transfers tokens directly to the reserve without verifying if the token is allowed or if the transfer is secure, which could lead to token misuse.

**Assessment**:  
**Valid Concern**. Insecure token handling can lead to significant vulnerabilities, including token theft or misuse. This is a valid concern, even though it was not explicitly mentioned in the `issue` report.

---

#### **[R-06] Depiction of Non-Existent Operator**

**Response Description**:  
The `removeOperator` function assumes the caller can correctly specify an operator by index, without a mechanism to verify the operator's existence before deletion, leading to potential operator index errors.

**Assessment**:  
**Valid Concern**. This issue highlights a potential logical error in the contract's design. While not mentioned in the `issue` report, it is a valid concern that could lead to unintended behavior.

---

#### **[R-07] Risky Ether Deposit**

**Response Description**:  
The contract allows ether deposits via `weth.deposit{ value: msg.value }()` which could be a reentrancy vector if the WETH contract's `withdraw` function isn't secure.

**Assessment**:  
**Valid Concern**. Ether deposits can indeed be a reentrancy vector if not handled properly. This is a valid security concern, even though it was not explicitly mentioned in the `issue` report.

---

### **Summary of Matches and Gaps**

**Correct Matches**:  
- *None*

**Partially Correct Matches**:  
- *None*

**Missed Issues from Issue Report**:  
- **[H-01] Copy your own portfolio to keep earning royalties**  
- **[M-01] setReserve() can be front-run**  
- **[M-06] NestedFactory.sol#_submitInOrders() Wrong implementation cause users to be overcharged**  
- **[M-07] Ensure on-chain that cache is synced**  
- **[M-08] Passing multiple ETH deposits in orders array will use the same `msg.value` many times**

---

**GPT-Generated Potential Issues (May Be Incorrect)**:  
- **[R-01] Untrusted Operator Function Calls**  
- **[R-02] Fixed Fee Calculation**  
- **[R-03] Direct ETH Handling**  
- **[R-04] Potential Reentrancy Risks**  
- **[R-05] Insecure Token Handling in `_transferToReserveAndStore`**  
- **[R-06] Depiction of Non-Existent Operator**  
- **[R-07] Risky Ether Deposit**",1,1,3,1,5,27,"```
None.
```",0.0
FeeSplitter.sol,"// SPDX-License-Identifier: GPL-3.0-or-later
pragma solidity 0.8.9;

import ""@openzeppelin/contracts/token/ERC20/IERC20.sol"";
import ""@openzeppelin/contracts/access/Ownable.sol"";
import ""@openzeppelin/contracts/security/ReentrancyGuard.sol"";
import ""@openzeppelin/contracts/token/ERC20/utils/SafeERC20.sol"";

import ""./interfaces/external/IWETH.sol"";

/// @title Manage the fees between shareholders
/// @notice Receives fees collected by the NestedFactory, and splits the income among
/// shareholders (the NFT owners, Nested treasury and a NST buybacker contract).
contract FeeSplitter is Ownable, ReentrancyGuard {
    using SafeERC20 for IERC20;

    address private constant ETH = 0xEeeeeEeeeEeEeeEeEeEeeEEEeeeeEeeeeeeeEEeE;

    /// @dev Emitted when a payment is released
    /// @param to The address receiving the payment
    /// @param token The token transfered
    /// @param amount The amount paid
    event PaymentReleased(address to, address token, uint256 amount);

    /// @dev Emitted when a payment is released
    /// @param from The address sending the tokens
    /// @param token The token received
    /// @param amount The amount received
    event PaymentReceived(address from, address token, uint256 amount);

    /// @dev Represent a shareholder
    /// @param account Shareholders address that can receive income
    /// @param weight Determines share allocation
    struct Shareholder {
        address account;
        uint256 weight;
    }

    /// @dev Registers shares and amount release for a specific token or ETH
    struct TokenRecords {
        uint256 totalShares;
        uint256 totalReleased;
        mapping(address => uint256) shares;
        mapping(address => uint256) released;
    }

    /// @dev Map of tokens with the tokenRecords
    mapping(address => TokenRecords) private tokenRecords;

    /// @dev All the shareholders (array)
    Shareholder[] private shareholders;

    /// @dev Royalties part weights when applicable
    uint256 public royaltiesWeight;

    uint256 public totalWeights;

    address public immutable weth;

    constructor(
        address[] memory _accounts,
        uint256[] memory _weights,
        uint256 _royaltiesWeight,
        address _weth
    ) {
        // Initial shareholders addresses and weights
        setShareholders(_accounts, _weights);
        setRoyaltiesWeight(_royaltiesWeight);
        weth = _weth;
    }

    /// @dev Receive ether after a WETH withdraw call
    receive() external payable {
        require(_msgSender() == weth, ""FeeSplitter: ETH_SENDER_NOT_WETH"");
    }

    /// @notice Returns the amount due to an account. Call releaseToken to withdraw the amount.
    /// @param _account Account address to check the amount due for
    /// @param _token ERC20 payment token address (or ETH_ADDR)
    /// @return The total amount due for the requested currency
    function getAmountDue(address _account, IERC20 _token) public view returns (uint256) {
        TokenRecords storage _tokenRecords = tokenRecords[address(_token)];
        uint256 totalReceived = _tokenRecords.totalReleased;
        if (_tokenRecords.totalShares == 0) return 0;
        else totalReceived += _token.balanceOf(address(this));
        uint256 amountDue = (totalReceived * _tokenRecords.shares[_account]) /
            _tokenRecords.totalShares -
            _tokenRecords.released[_account];
        return amountDue;
    }

    /// @notice Sets the weight assigned to the royalties part for the fee
    /// @param _weight The new royalties weight
    function setRoyaltiesWeight(uint256 _weight) public onlyOwner {
        totalWeights -= royaltiesWeight;
        royaltiesWeight = _weight;
        totalWeights += _weight;
    }

    /// @notice Sets a new list of shareholders
    /// @param _accounts Shareholders accounts list
    /// @param _weights Weight for each shareholder. Determines part of the payment allocated to them
    function setShareholders(address[] memory _accounts, uint256[] memory _weights) public onlyOwner {
        delete shareholders;
        require(_accounts.length > 0 && _accounts.length == _weights.length, ""FeeSplitter: ARRAY_LENGTHS_ERR"");
        totalWeights = royaltiesWeight;

        for (uint256 i = 0; i < _accounts.length; i++) {
            _addShareholder(_accounts[i], _weights[i]);
        }
    }

    /// @notice Triggers a transfer to `msg.sender` of the amount of token they are owed, according to
    /// the amount of shares they own and their previous withdrawals.
    /// @param _token Payment token address
    function releaseToken(IERC20 _token) public nonReentrant {
        uint256 amount = _releaseToken(_msgSender(), _token);
        _token.safeTransfer(_msgSender(), amount);
        emit PaymentReleased(_msgSender(), address(_token), amount);
    }

    /// @notice Call releaseToken() for multiple tokens
    /// @param _tokens ERC20 tokens to release
    function releaseTokens(IERC20[] memory _tokens) external {
        for (uint256 i = 0; i < _tokens.length; i++) {
            releaseToken(_tokens[i]);
        }
    }

    /// @dev Triggers a transfer to `msg.sender` of the amount of Ether they are owed, according to
    /// the amount of shares they own and their previous withdrawals.
    function releaseETH() external nonReentrant {
        uint256 amount = _releaseToken(_msgSender(), IERC20(weth));
        IWETH(weth).withdraw(amount);
        (bool success, ) = _msgSender().call{ value: amount }("""");
        require(success, ""FeeSplitter: ETH_TRANFER_ERROR"");
        emit PaymentReleased(_msgSender(), ETH, amount);
    }

    /// @notice Sends a fee to this contract for splitting, as an ERC20 token. No royalties are expected.
    /// @param _token Currency for the fee as an ERC20 token
    /// @param _amount Amount of token as fee to be claimed by this contract
    function sendFees(IERC20 _token, uint256 _amount) external nonReentrant {
        uint256 weights = totalWeights - royaltiesWeight;
        _sendFees(_token, _amount, weights);
    }

    /// @notice Sends a fee to this contract for splitting, as an ERC20 token
    /// @param _royaltiesTarget The account that can claim royalties
    /// @param _token Currency for the fee as an ERC20 token
    /// @param _amount Amount of token as fee to be claimed by this contract
    function sendFeesWithRoyalties(
        address _royaltiesTarget,
        IERC20 _token,
        uint256 _amount
    ) external nonReentrant {
        require(_royaltiesTarget != address(0), ""FeeSplitter: INVALID_ROYALTIES_TARGET_ADDRESS"");

        _sendFees(_token, _amount, totalWeights);
        _addShares(_royaltiesTarget, _computeShareCount(_amount, royaltiesWeight, totalWeights), address(_token));
    }

    /// @notice Updates weight for a shareholder
    /// @param _accountIndex Account to change the weight of
    /// @param _weight The new weight
    function updateShareholder(uint256 _accountIndex, uint256 _weight) external onlyOwner {
        require(_accountIndex + 1 <= shareholders.length, ""FeeSplitter: INVALID_ACCOUNT_INDEX"");
        uint256 _totalWeights = totalWeights;
        _totalWeights -= shareholders[_accountIndex].weight;
        shareholders[_accountIndex].weight = _weight;
        _totalWeights += _weight;
        require(_totalWeights > 0, ""FeeSplitter: TOTAL_WEIGHTS_ZERO"");
        totalWeights = _totalWeights;
    }

    /// @notice Getter for the total shares held by shareholders.
    /// @param _token Payment token address, use ETH_ADDR for ETH
    /// @return The total shares count
    function totalShares(address _token) external view returns (uint256) {
        return tokenRecords[_token].totalShares;
    }

    /// @notice Getter for the total amount of token already released.
    /// @param _token Payment token address, use ETH_ADDR for ETH
    /// @return The total amount release to shareholders
    function totalReleased(address _token) external view returns (uint256) {
        return tokenRecords[_token].totalReleased;
    }

    /// @notice Getter for the amount of shares held by an account.
    /// @param _account Account the shares belong to
    /// @param _token Payment token address, use ETH_ADDR for ETH
    /// @return The shares owned by the account
    function shares(address _account, address _token) external view returns (uint256) {
        return tokenRecords[_token].shares[_account];
    }

    /// @notice Getter for the amount of Ether already released to a shareholders.
    /// @param _account The target account for this request
    /// @param _token Payment token address, use ETH_ADDR for ETH
    /// @return The amount already released to this account
    function released(address _account, address _token) external view returns (uint256) {
        return tokenRecords[_token].released[_account];
    }

    /// @notice Finds a shareholder and return its index
    /// @param _account Account to find
    /// @return The shareholder index in the storage array
    function findShareholder(address _account) external view returns (uint256) {
        for (uint256 i = 0; i < shareholders.length; i++) {
            if (shareholders[i].account == _account) return i;
        }
        revert(""FeeSplitter: NOT_FOUND"");
    }

    /// @dev Transfers a fee to this contract
    /// @param _token Currency for the fee
    /// @param _amount Amount of token as fee
    /// @param _totalWeights Total weights to determine the share count to allocate
    function _sendFees(
        IERC20 _token,
        uint256 _amount,
        uint256 _totalWeights
    ) private {
        IERC20(_token).safeTransferFrom(_msgSender(), address(this), _amount);

        for (uint256 i = 0; i < shareholders.length; i++) {
            _addShares(
                shareholders[i].account,
                _computeShareCount(_amount, shareholders[i].weight, _totalWeights),
                address(_token)
            );
        }
        emit PaymentReceived(_msgSender(), address(_token), _amount);
    }

    /// @dev Increase the shares of a shareholder
    /// @param _account The shareholder address
    /// @param _shares The shares of the holder
    /// @param _token The updated token
    function _addShares(
        address _account,
        uint256 _shares,
        address _token
    ) private {
        TokenRecords storage _tokenRecords = tokenRecords[_token];
        _tokenRecords.shares[_account] += _shares;
        _tokenRecords.totalShares = _tokenRecords.totalShares + _shares;
    }

    function _releaseToken(address _account, IERC20 _token) private returns (uint256) {
        TokenRecords storage _tokenRecords = tokenRecords[address(_token)];
        uint256 amountToRelease = getAmountDue(_account, _token);
        require(amountToRelease != 0, ""FeeSplitter: NO_PAYMENT_DUE"");

        _tokenRecords.released[_account] = _tokenRecords.released[_account] + amountToRelease;
        _tokenRecords.totalReleased = _tokenRecords.totalReleased + amountToRelease;

        return amountToRelease;
    }

    function _addShareholder(address _account, uint256 _weight) private {
        require(_weight > 0, ""FeeSplitter: ZERO_WEIGHT"");
        shareholders.push(Shareholder(_account, _weight));
        totalWeights += _weight;
    }

    function _computeShareCount(
        uint256 _amount,
        uint256 _weight,
        uint256 _totalWeights
    ) private pure returns (uint256) {
        return (_amount * _weight) / _totalWeights;
    }
}",2615.0,277.0,"[M-02] FeeSplitter: No sanity check to prevent shareholder from being added twice.
It is possible for duplicate shareholders to be added. These shareholders will get more than intended when `_sendFee()` is called.
  [M-04] FeeSplitter: Unbounded number of shareholders can cause DOS
There is no limit to the number of shareholders. It is therefore possible to set a large number of shareholders such that `_sendFees()` will run out of gas when adding shares to each shareholder. This will cause denial of service to all NestedFactory functions, especially the ones that will remove funds like `withdraw()` and `destroy()`.",2.0,"pragma solidity 0.8.9;

import ""@openzeppelin/contracts/token/ERC20/IERC20.sol"";
import ""@openzeppelin/contracts/access/Ownable.sol"";
import ""@openzeppelin/contracts/security/ReentrancyGuard.sol"";
import ""@openzeppelin/contracts/token/ERC20/utils/SafeERC20.sol"";

import ""./interfaces/external/IWETH.sol"";




contract FeeSplitter is Ownable, ReentrancyGuard {
    using SafeERC20 for IERC20;

    address private constant ETH = 0xEeeeeEeeeEeEeeEeEeEeeEEEeeeeEeeeeeeeEEeE;

    
    
    
    
    event PaymentReleased(address to, address token, uint256 amount);

    
    
    
    
    event PaymentReceived(address from, address token, uint256 amount);

    
    
    
    struct Shareholder {
        address account;
        uint256 weight;
    }

    
    struct TokenRecords {
        uint256 totalShares;
        uint256 totalReleased;
        mapping(address => uint256) shares;
        mapping(address => uint256) released;
    }

    
    mapping(address => TokenRecords) private tokenRecords;

    
    Shareholder[] private shareholders;

    
    uint256 public royaltiesWeight;

    uint256 public totalWeights;

    address public immutable weth;

    constructor(
        address[] memory _accounts,
        uint256[] memory _weights,
        uint256 _royaltiesWeight,
        address _weth
    ) {
        
        setShareholders(_accounts, _weights);
        setRoyaltiesWeight(_royaltiesWeight);
        weth = _weth;
    }

    
    receive() external payable {
        require(_msgSender() == weth, ""FeeSplitter: ETH_SENDER_NOT_WETH"");
    }

    
    
    
    
    function getAmountDue(address _account, IERC20 _token) public view returns (uint256) {
        TokenRecords storage _tokenRecords = tokenRecords[address(_token)];
        uint256 totalReceived = _tokenRecords.totalReleased;
        if (_tokenRecords.totalShares == 0) return 0;
        else totalReceived += _token.balanceOf(address(this));
        uint256 amountDue = (totalReceived * _tokenRecords.shares[_account]) /
            _tokenRecords.totalShares -
            _tokenRecords.released[_account];
        return amountDue;
    }

    
    
    function setRoyaltiesWeight(uint256 _weight) public onlyOwner {
        totalWeights -= royaltiesWeight;
        royaltiesWeight = _weight;
        totalWeights += _weight;
    }

    
    
    
    function setShareholders(address[] memory _accounts, uint256[] memory _weights) public onlyOwner {
        delete shareholders;
        require(_accounts.length > 0 && _accounts.length == _weights.length, ""FeeSplitter: ARRAY_LENGTHS_ERR"");
        totalWeights = royaltiesWeight;

        for (uint256 i = 0; i < _accounts.length; i++) {
            _addShareholder(_accounts[i], _weights[i]);
        }
    }

    
    
    
    function releaseToken(IERC20 _token) public nonReentrant {
        uint256 amount = _releaseToken(_msgSender(), _token);
        _token.safeTransfer(_msgSender(), amount);
        emit PaymentReleased(_msgSender(), address(_token), amount);
    }

    
    
    function releaseTokens(IERC20[] memory _tokens) external {
        for (uint256 i = 0; i < _tokens.length; i++) {
            releaseToken(_tokens[i]);
        }
    }

    
    
    function releaseETH() external nonReentrant {
        uint256 amount = _releaseToken(_msgSender(), IERC20(weth));
        IWETH(weth).withdraw(amount);
        (bool success, ) = _msgSender().call{ value: amount }("""");
        require(success, ""FeeSplitter: ETH_TRANFER_ERROR"");
        emit PaymentReleased(_msgSender(), ETH, amount);
    }

    
    
    
    function sendFees(IERC20 _token, uint256 _amount) external nonReentrant {
        uint256 weights = totalWeights - royaltiesWeight;
        _sendFees(_token, _amount, weights);
    }

    
    
    
    
    function sendFeesWithRoyalties(
        address _royaltiesTarget,
        IERC20 _token,
        uint256 _amount
    ) external nonReentrant {
        require(_royaltiesTarget != address(0), ""FeeSplitter: INVALID_ROYALTIES_TARGET_ADDRESS"");

        _sendFees(_token, _amount, totalWeights);
        _addShares(_royaltiesTarget, _computeShareCount(_amount, royaltiesWeight, totalWeights), address(_token));
    }

    
    
    
    function updateShareholder(uint256 _accountIndex, uint256 _weight) external onlyOwner {
        require(_accountIndex + 1 <= shareholders.length, ""FeeSplitter: INVALID_ACCOUNT_INDEX"");
        uint256 _totalWeights = totalWeights;
        _totalWeights -= shareholders[_accountIndex].weight;
        shareholders[_accountIndex].weight = _weight;
        _totalWeights += _weight;
        require(_totalWeights > 0, ""FeeSplitter: TOTAL_WEIGHTS_ZERO"");
        totalWeights = _totalWeights;
    }

    
    
    
    function totalShares(address _token) external view returns (uint256) {
        return tokenRecords[_token].totalShares;
    }

    
    
    
    function totalReleased(address _token) external view returns (uint256) {
        return tokenRecords[_token].totalReleased;
    }

    
    
    
    
    function shares(address _account, address _token) external view returns (uint256) {
        return tokenRecords[_token].shares[_account];
    }

    
    
    
    
    function released(address _account, address _token) external view returns (uint256) {
        return tokenRecords[_token].released[_account];
    }

    
    
    
    function findShareholder(address _account) external view returns (uint256) {
        for (uint256 i = 0; i < shareholders.length; i++) {
            if (shareholders[i].account == _account) return i;
        }
        revert(""FeeSplitter: NOT_FOUND"");
    }

    
    
    
    
    function _sendFees(
        IERC20 _token,
        uint256 _amount,
        uint256 _totalWeights
    ) private {
        IERC20(_token).safeTransferFrom(_msgSender(), address(this), _amount);

        for (uint256 i = 0; i < shareholders.length; i++) {
            _addShares(
                shareholders[i].account,
                _computeShareCount(_amount, shareholders[i].weight, _totalWeights),
                address(_token)
            );
        }
        emit PaymentReceived(_msgSender(), address(_token), _amount);
    }

    
    
    
    
    function _addShares(
        address _account,
        uint256 _shares,
        address _token
    ) private {
        TokenRecords storage _tokenRecords = tokenRecords[_token];
        _tokenRecords.shares[_account] += _shares;
        _tokenRecords.totalShares = _tokenRecords.totalShares + _shares;
    }

    function _releaseToken(address _account, IERC20 _token) private returns (uint256) {
        TokenRecords storage _tokenRecords = tokenRecords[address(_token)];
        uint256 amountToRelease = getAmountDue(_account, _token);
        require(amountToRelease != 0, ""FeeSplitter: NO_PAYMENT_DUE"");

        _tokenRecords.released[_account] = _tokenRecords.released[_account] + amountToRelease;
        _tokenRecords.totalReleased = _tokenRecords.totalReleased + amountToRelease;

        return amountToRelease;
    }

    function _addShareholder(address _account, uint256 _weight) private {
        require(_weight > 0, ""FeeSplitter: ZERO_WEIGHT"");
        shareholders.push(Shareholder(_account, _weight));
        totalWeights += _weight;
    }

    function _computeShareCount(
        uint256 _amount,
        uint256 _weight,
        uint256 _totalWeights
    ) private pure returns (uint256) {
        return (_amount * _weight) / _totalWeights;
    }
}",1677.0,0,2,"Okay, I need to list all the vulnerabilities in this smart contract. Let me go through each part carefully. 

First, I see that the contract uses ReentrancyGuard, so that's good for preventing reentrancy attacks. But maybe there are other issues.

Looking at the constructor, it takes an array of accounts and their weights. It also sets the WETH address. I wonder if there are any checks on the WETH address being valid. If someone passes an invalid address, maybe it could cause problems.

In the receive() function, it's only allowing transfers from WETH. But is there a way to bypass this? Oh, wait, the receive() function is the main ETH receiver, and it's marked payable, so any ETH sent to the contract goes here. But it only accepts if the sender is WETH. That seems secure for ETH, but maybe not if other tokens are involved.

The getAmountDue function calculates the amount due based on shares. But it's a public function. If someone can manipulate this, they might be able to compute the exact amount a shareholder should get. Not sure how that's a vulnerability, but I'll note it.

SetRoyaltiesWeight and setShareholders are owner-only functions, which is good. But in setShareholders, there's a require that accounts and weights have the same length, but no check that the weights are non-zero or valid. So if a zero weight is used, that might cause issues.

The releaseToken function is nonReentrant, which is good. But when it transfers the token, does it check if the _msgSender() is allowed to call it? Maybe it's okay since it's within the contract's logic.

In sendFees, it's external and nonReentrant. It uses safeTransfer, but if another contract calls it with fake tokens, the balances might not update properly. Maybe that's a concern.

The sendFeesWithRoyalties function allows specifying a royalties target. If the target is an external address, there might not be sufficient checks. For example, if the target is a malicious contract, it could steal funds or cause reentrancy.

The updateShareholder function allows changing an account's weight. It requires the account index is within bounds, but doesn't check if the new weight is valid. So someone could set a zero weight, making that shareholder effectively block earning fees.

Looking at the share structures, the shares are stored as an array without any validation on each entry. So adding invalid entries could cause issues.

In the _sendFees function, it transfers from the caller and then distributes shares. But if the caller is a contract with a malleable address, it could alter the caller's address, leading to unexpected behavior.

The _addShares function increments shares, but doesn't check if the total shares or per account limits are respected. So someone could overflow a mapping if they add too many shares.

In _releaseToken, it computes the amount due based on the current totals. But if these totals are manipulated, like if someone calls _releaseToken multiple times, it might not account for that correctly.

The getAmountDue function is public, which might expose some internal calculations. An adversary could use this information to calculate exact amounts and possibly manipulate share distributions.

The findShareholder function loops through an array to find a matching account. If the array is large, this could cause lag or allow for slow attacks, though I'm not sure if that's a traditional vulnerability.

Overall, the main issues seem to be around missing input validations, especially around setting weights, handling token releases, and potential lack of reentrancy checks in certain functions. Also, the information exposed in public getter functions might not be a direct vulnerability but could affect the system's transparency and possibly lead to more sophisticated attacks if combined with other data.
","

The smart contract analysis reveals several potential vulnerabilities, primarily related to input validations, potential reentrancy risks, and exposed sensitive information. Here is the list of identified issues:

1. **Missing WETH Address Validation**: The constructor and receive() function do not validate that the WETH address is a valid ERC20 token contract address. This could lead to unexpected behavior if an invalid address is provided.

2. **Unprotected Token Releases**: The `releaseToken` and `releaseTokens` functions allow token releases without validating the caller's authority, potentially leading to reentrancy attacks or unintended token transfers.

3. **Unrestricted Share Updates**: The `updateShareholder` function allows modifying a shareholder's weight without verifying if the new weight is valid, possibly leading to zero-weight or negative weight scenarios which could disrupt share distribution logic.

4. **Exposed Share Calculation Logic**: Public functions like `getAmountDue` and `findShareholder` reveal internal calculations, which might help adversaries manipulate share distributions or calculate owed amounts inaccurately.

5. **Lack of Share Overhead Checks**: The `_addShares` function does not check for maximum limits or overflows in share counts, risking array overflows or invalid share distributions.

6. **Potential Reentrancy in Non-Exempt Functions**: Certain functions, like `sendFees` and `sendFeesWithRoyalties`, might not prevent reentrancy attacks, especially if external calls can trigger them.

7. **No Restrictions on Shareholder Weight Updates**: The `setShareholders` function doesn't limit the total weights, potentially causing overflows or weight imbalances due to malformed input arrays.

8. **Excessive Token Transfer Trust**: Functions like `safeTransfer` assume the caller is trusted, which could be exploited if the caller is compromised.

Each of these issues could potentially expose the contract to adversarial manipulations or optimize attacks. Continuous monitoring and input validation are crucial to mitigate these risks.","### **[M-02] FeeSplitter: No sanity check to prevent shareholder from being added twice**

**Report Description**:  
The `FeeSplitter` contract lacks a sanity check to prevent duplicate shareholders from being added. This could result in shareholders receiving more than their intended share when `_sendFee()` is called, leading to unfair distribution of fees.

**Match in Response List**:  
**No match found**. The response list does not explicitly address the issue of duplicate shareholders being added.

**Validation**:  
**Missed Issue**. The response list does not mention or provide a solution for preventing duplicate shareholders. This is a significant oversight, as it directly impacts the fairness and correctness of fee distribution.

**Suggestions**:  
Implement a check in the `_addShares` or `setShareholders` function to ensure that a shareholder is not added more than once. This can be done by maintaining a mapping or set to track existing shareholders.

---

### **[M-04] FeeSplitter: Unbounded number of shareholders can cause DOS**

**Report Description**:  
The `FeeSplitter` contract does not limit the number of shareholders. A malicious actor could add a large number of shareholders, causing the `_sendFees()` function to run out of gas when distributing fees. This would result in a denial of service (DOS) for critical functions like `withdraw()` and `destroy()`.

**Match in Response List**:  
**No match found**. The response list does not address the issue of an unbounded number of shareholders causing a DOS.

**Validation**:  
**Missed Issue**. The response list fails to recognize the risk of an unbounded number of shareholders, which is a critical vulnerability that could disrupt the contract's functionality.

**Suggestions**:  
Introduce a maximum limit on the number of shareholders in the `setShareholders` function. Additionally, consider using a gas-efficient mechanism for distributing fees, such as batching or off-chain computations.

---

### **GPT-Generated Potential Issues (May Be Incorrect)**

**[R-01] Missing WETH Address Validation**

**Response Description**:  
The constructor and `receive()` function do not validate that the WETH address is a valid ERC20 token contract address. This could lead to unexpected behavior if an invalid address is provided.

**Assessment**:  
**Valid Concern**. While this issue was not mentioned in the original `issue` report, validating the WETH address is a best practice to ensure the contract interacts with a legitimate ERC20 token.

---

**[R-02] Unprotected Token Releases**

**Response Description**:  
The `releaseToken` and `releaseTokens` functions allow token releases without validating the caller's authority, potentially leading to reentrancy attacks or unintended token transfers.

**Assessment**:  
**Valid Concern**. This issue highlights a potential security risk related to access control and reentrancy, which is relevant to the contract's security posture.

---

**[R-03] Unrestricted Share Updates**

**Response Description**:  
The `updateShareholder` function allows modifying a shareholder's weight without verifying if the new weight is valid, possibly leading to zero-weight or negative weight scenarios.

**Assessment**:  
**Valid Concern**. This issue points out a logical flaw in the share distribution logic, which could disrupt the fairness of fee distribution.

---

**[R-04] Exposed Share Calculation Logic**

**Response Description**:  
Public functions like `getAmountDue` and `findShareholder` reveal internal calculations, which might help adversaries manipulate share distributions or calculate owed amounts inaccurately.

**Assessment**:  
**Partially Valid**. While exposing internal calculations can provide useful information to users, it is not inherently a security vulnerability unless combined with other flaws.

---

**[R-05] Lack of Share Overhead Checks**

**Response Description**:  
The `_addShares` function does not check for maximum limits or overflows in share counts, risking array overflows or invalid share distributions.

**Assessment**:  
**Valid Concern**. This issue aligns with the original `issue` report's concern about unbounded shareholders and highlights the need for additional checks.

---

**[R-06] Potential Reentrancy in Non-Exempt Functions**

**Response Description**:  
Certain functions, like `sendFees` and `sendFeesWithRoyalties`, might not prevent reentrancy attacks, especially if external calls can trigger them.

**Assessment**:  
**Valid Concern**. Reentrancy is a critical security risk in Solidity contracts, and this issue correctly identifies the need for safeguards.

---

**[R-07] No Restrictions on Shareholder Weight Updates**

**Response Description**:  
The `setShareholders` function doesn't limit the total weights, potentially causing overflows or weight imbalances due to malformed input arrays.

**Assessment**:  
**Valid Concern**. This issue complements the original `issue` report by highlighting another aspect of share distribution that could be exploited.

---

**[R-08] Excessive Token Transfer Trust**

**Response Description**:  
Functions like `safeTransfer` assume the caller is trusted, which could be exploited if the caller is compromised.

**Assessment**:  
**Partially Valid**. While trust assumptions can be risky, this issue is less critical unless combined with other vulnerabilities.

---

### **Summary of Matches and Gaps**

**Correct Matches**:  
- *None*

**Partially Correct Matches**:  
- *None*

**Missed Issues from Issue Report**:  
- **[M-02] FeeSplitter: No sanity check to prevent shareholder from being added twice**  
- **[M-04] FeeSplitter: Unbounded number of shareholders can cause DOS**

**GPT-Generated Potential Issues (May Be Incorrect)**:  
- **[R-01] Missing WETH Address Validation**  
- **[R-02] Unprotected Token Releases**  
- **[R-03] Unrestricted Share Updates**  
- **[R-04] Exposed Share Calculation Logic**  
- **[R-05] Lack of Share Overhead Checks**  
- **[R-06] Potential Reentrancy in Non-Exempt Functions**  
- **[R-07] No Restrictions on Shareholder Weight Updates**  
- **[R-08] Excessive Token Transfer Trust**",1,1,0,2,6,28,"```
None.
```",0.0
,,,,,,,,1,6,,,,2,2,3,3,11,55,,
