nameid,code,tokens,loc,issue,vulnumber,Unnamed: 6,code_snippet,processtokens,high_severity_count,medium_severity_count,Reasoning,Findings,Comparison,Correct Matches,Partially Correct,Missed,GPT-generated,matchList,MAP
YaxisVaultAdapter.sol,"// SPDX-License-Identifier: GPL-3.0
pragma solidity ^0.6.12;
pragma experimental ABIEncoderV2;

import 'hardhat/console.sol';

import {SafeERC20} from '@openzeppelin/contracts/token/ERC20/SafeERC20.sol';
import {SafeMath} from '@openzeppelin/contracts/math/SafeMath.sol';

import {FixedPointMath} from '../libraries/FixedPointMath.sol';
import {IDetailedERC20} from '../interfaces/IDetailedERC20.sol';
import {IVaultAdapter} from '../interfaces/IVaultAdapter.sol';
import {IVault} from '../../interfaces/IVault.sol';

/// @title YaxisVaultAdapter
///
/// @dev A vault adapter implementation which wraps a yAxis vault.
contract YaxisVaultAdapter is IVaultAdapter {
    using FixedPointMath for FixedPointMath.FixedDecimal;
    using SafeERC20 for IDetailedERC20;
    using SafeMath for uint256;

    /// @dev The vault that the adapter is wrapping.
    IVault public vault;

    /// @dev The address which has admin control over this contract.
    address public admin;

    constructor(IVault _vault, address _admin) public {
        vault = _vault;
        admin = _admin;
        updateApproval();
    }

    /// @dev A modifier which reverts if the caller is not the admin.
    modifier onlyAdmin() {
        require(admin == msg.sender, 'YaxisVaultAdapter: only admin');
        _;
    }

    /// @dev Gets the token that the vault accepts.
    ///
    /// @return the accepted token.
    function token() external view override returns (IDetailedERC20) {
        return IDetailedERC20(vault.getToken());
    }

    /// @dev Gets the total value of the assets that the adapter holds in the vault.
    ///
    /// @return the total assets.
    function totalValue() external view override returns (uint256) {
        return _sharesToTokens(IDetailedERC20(vault.getLPToken()).balanceOf(address(this)));
    }

    /// @dev Deposits tokens into the vault.
    ///
    /// @param _amount the amount of tokens to deposit into the vault.
    function deposit(uint256 _amount) external override {
        vault.deposit(_amount);
    }

    /// @dev Withdraws tokens from the vault to the recipient.
    ///
    /// This function reverts if the caller is not the admin.
    ///
    /// @param _recipient the account to withdraw the tokes to.
    /// @param _amount    the amount of tokens to withdraw.
    function withdraw(address _recipient, uint256 _amount) external override onlyAdmin {
        vault.withdraw(_tokensToShares(_amount));
        address _token = vault.getToken();
        IDetailedERC20(_token).safeTransfer(_recipient, _amount);
    }

    /// @dev Updates the vaults approval of the token to be the maximum value.
    function updateApproval() public {
        address _token = vault.getToken();
        IDetailedERC20(_token).safeApprove(address(vault), uint256(-1));
    }

    /// @dev Computes the number of tokens an amount of shares is worth.
    ///
    /// @param _sharesAmount the amount of shares.
    ///
    /// @return the number of tokens the shares are worth.

    function _sharesToTokens(uint256 _sharesAmount) internal view returns (uint256) {
        return _sharesAmount.mul(vault.getPricePerFullShare()).div(1e18);
    }

    /// @dev Computes the number of shares an amount of tokens is worth.
    ///
    /// @param _tokensAmount the amount of shares.
    ///
    /// @return the number of shares the tokens are worth.
    function _tokensToShares(uint256 _tokensAmount) internal view returns (uint256) {
        return _tokensAmount.mul(1e18).div(vault.getPricePerFullShare());
    }
}",820,98,"[H-01] YaxisVaultAdapter.sol#withdraw() will most certainly fail
The actual token withdrawn from `vault.withdraw()` will most certainly less than the `_amount`, due to precision loss in `_tokensToShares()` and `vault.withdraw()`.
As a result, `IDetailedERC20(_token).safeTransfer(_recipient, _amount)` will revert due to insufficant balance.
Based on the simulation we ran, it will fail 99.99% of the time unless the `pps == 1e18`.
function withdraw(address _recipient, uint256 _amount) external override onlyAdmin {
    vault.withdraw(_tokensToShares(_amount));
    address _token = vault.getToken();
    IDetailedERC20(_token).safeTransfer(_recipient, _amount);
}",1,,"pragma solidity ^0.6.12;
pragma experimental ABIEncoderV2;

import 'hardhat/console.sol';

import {SafeERC20} from '@openzeppelin/contracts/token/ERC20/SafeERC20.sol';
import {SafeMath} from '@openzeppelin/contracts/math/SafeMath.sol';

import {FixedPointMath} from '../libraries/FixedPointMath.sol';
import {IDetailedERC20} from '../interfaces/IDetailedERC20.sol';
import {IVaultAdapter} from '../interfaces/IVaultAdapter.sol';
import {IVault} from '../../interfaces/IVault.sol';




contract YaxisVaultAdapter is IVaultAdapter {
    using FixedPointMath for FixedPointMath.FixedDecimal;
    using SafeERC20 for IDetailedERC20;
    using SafeMath for uint256;

    
    IVault public vault;

    
    address public admin;

    constructor(IVault _vault, address _admin) public {
        vault = _vault;
        admin = _admin;
        updateApproval();
    }

    
    modifier onlyAdmin() {
        require(admin == msg.sender, 'YaxisVaultAdapter: only admin');
        _;
    }

    
    
    
    function token() external view override returns (IDetailedERC20) {
        return IDetailedERC20(vault.getToken());
    }

    
    
    
    function totalValue() external view override returns (uint256) {
        return _sharesToTokens(IDetailedERC20(vault.getLPToken()).balanceOf(address(this)));
    }

    
    
    
    function deposit(uint256 _amount) external override {
        vault.deposit(_amount);
    }

    
    
    
    
    
    
    function withdraw(address _recipient, uint256 _amount) external override onlyAdmin {
        vault.withdraw(_tokensToShares(_amount));
        address _token = vault.getToken();
        IDetailedERC20(_token).safeTransfer(_recipient, _amount);
    }

    
    function updateApproval() public {
        address _token = vault.getToken();
        IDetailedERC20(_token).safeApprove(address(vault), uint256(-1));
    }

    
    
    
    
    

    function _sharesToTokens(uint256 _sharesAmount) internal view returns (uint256) {
        return _sharesAmount.mul(vault.getPricePerFullShare()).div(1e18);
    }

    
    
    
    
    
    function _tokensToShares(uint256 _tokensAmount) internal view returns (uint256) {
        return _tokensAmount.mul(1e18).div(vault.getPricePerFullShare());
    }
}",509,1,0,"Okay, I'm trying to figure out the vulnerabilities in this YaxisVaultAdapter smart contract. Let me start by reading through the code carefully to understand what it does. So, the contract is written in Solidity, and it's using some libraries like SafeERC20 and SafeMath, which is good for preventing common errors like integer overflow or improper token handling.

The contract is an adapter for a vault, which perhaps manages some kind of token or asset. It has a constructor that takes an IVault and an admin address. There's an updateApproval function, which I assume is for allowing the vault to operate, probably giving it authorization to spend tokens on behalf of the contract.

Looking at the modifiers, there's only the onlyAdmin modifier, which checks that the caller is the admin. That seems straightforward.

Now, looking at the deposit function. It seems straightforward, just calling vault.deposit(_amount). I don't see any immediate issues here, but maybe there's something in how the amount is handled. But it's a simple function, so perhaps not a vulnerability.

Next is the withdraw function. This one is more interesting because it's an external function with the onlyAdmin modifier. It takes _recipient and _amount, then calls vault.withdraw, converting _amount to shares using _tokensToShares. Then it transfers the corresponding tokens to the recipient.

Hmm, the potential issue here might be in how the _tokensToShares function works. It's multiplying _tokensAmount by 1e18 and then dividing by the price per share. Using 1e18 could be a problem because it's a large number, but maybe it's necessary for some precision since tokens might have fractions of a cent.

Wait, let me think about the functions _sharesToTokens and _tokensToShares. These seem to convert between shares and tokens using the price per share. So for example, _sharesToTokens takes shares and gives tokens by multiplying by the price. _tokensToShares does the inverse, so it's tokens divided by the price? But wait, the price per share is in tokens, right? So maybe it's tokens per share?

Also, when the contract calls vault.withdraw(_tokensToShares(_amount)), are they passing the right amount? Because the function is converting _amount tokens into shares and possibly using that as the amount to withdraw from the vault. Then, it's also transferring the _amount tokens, which might not match the shares.

Alternatively, let's consider that when you call vault.withdraw, you might be passing shares, but the function is converting the tokens to shares first. Wait, no, the function uses _tokensToShares to convert the _amount, which is tokens, into shares. So it's taking tokens, converting to shares, then having the vault withdraw that amount in shares? Or perhaps the vault's withdraw function expects tokens, but the code is passing tokens to the function _tokensToShares, which converts them to shares, and then upwards? I might be getting confused.

Wait, looking at the _tokensToShares function: it's Multiply by 1e18 and divide by price. So, for example, if _tokensAmount is 1, and price is 1e18, then it's 1 * 1e18 / 1e18 = 1 share. That makes sense, perhaps the price is in terms of tokens per share, so 1 share equals 1e18 tokens. So maybe the tokens are in这种情况 下，用固定的小数位数来表示，如1.5 tokens for a share, which is 3e17 for 0.015.

But wait, the multiplier is 1e18, which is a huge number. If the price is in tokens per share, then the price can't be more than 1, right? Because 1 share can't be more than the total tokens. So the price per share is stored as a FixedDecimal, which is a scaled decimal, perhaps allowing fractions. So perhaps the price is stored as a fraction, like 1e-18, so multiplying 1e18 to make it an integer.

Wait, maybe I'm overcomplicating. Let me focus on potential vulnerabilities. One possible issue is that the updateApproval function is a public function. That means any address can call it, which might not be a problem because it's supposed to allow the contract to update the approval. But perhaps it's not needed anymore, or maybe it's a security issue if the approval is left to be updated by external calls, but since it's in the constructor, it's called once, so maybe not a problem.

Another possible issue is the use of 1e18 as a magic number. While it might be related to the fixed-point math, using such large numbers can sometimes lead to overflows, but since it's multiplied and then divided, it might not cause issues. However, if the numbers grow too big, it could cause problems.

Looking at the withdraw function again. It's converting _amount (which is tokens) to shares and then letting the vault withdraw that amount in shares. But then it's taking _amount tokens (the same as the original) and transferring them to the recipient. So, is the amount of tokens sent being reduced or not? Wait, in the code, it's IDetailedERC20(_token).safeTransfer(_recipient, _amount); So the function is called with _amount as the tokens to transfer. So, after converting _amount tokens to shares and having the vault withdraw that, we're transferring the original _amount tokens to the recipient.

But this could be a problem if the shareholder's token is different from the one being used as the price. Or perhaps it's a proxy, but I'm not entirely sure.

Wait, perhaps the issue is that the _amount passed to withdraw is not directly linked to the shares in the vault. For example, if I have 1 share in the vault, it's represented by X tokens, but when I call withdraw(1), it might send X tokens back, which is correct, but if the calculation is wrong, it could send more tokens than intended.

Alternatively, perhaps the function is miscalculating the shares. Let's see: _tokensToShares takes _tokensAmount and returns _tokensAmount * 1e18 / vault.getPricePerFullShare(). So if the price is 1 (meaning 1 share is 1 token), then it would return _tokensAmount * 1e18 / 1 = _tokensAmount * 1e18. But 1e18 is a huge number, which would be a problem because the vault's withdraw function might not handle such large numbers. Wait, this seems fishy.

Wait no, because vault.getLPToken().balanceOf(address(this)) is called, and then multiplied by the price per share. So if the price is in tokens per share, perhaps it's stored as a fraction, and the scaling is handled by the FixedPointMath library.

Alternatively, maybe the issue is in the way the shares are being converted back and forth. For instance, when the user calls withdraw, they pass a token amount, which is then converted to shares. But if the getToken() returns a different token, perhaps there's a reentrancy risk? Or maybe not because the function is only handling one token.

Wait, perhaps the problem is that when you call the withdraw function, you're using _tokensToShares on the _amount, which is tokens, so if _amount is larger than the available tokens, the function could trap or something. But that's more of a user error.

Another point is that the updateApproval function is public, which allows any address to call it. The function currently is updating the approval for the vault, but if that's a function that needs to be called once, then making it public could result in multiple calls. However, it's also called in the constructor, so the initial setup is done. But if someone calls it again, perhaps it's not harmful.

Wait, the updateApproval function calls IDetailedERC20(_token).safeApprove(...). So it's setting the approval for the vault to spend tokens. However, since it's a public function, any address can call it again, possibly changing the approval level, which might not be desired. For example, an attacker could call it multiple times, increasing the allowance, which could be a problem. So, the function shouldn't be public; it should be private or have a modifier to only allow the admin to call it. That's a potential vulnerability because the admin shouldn't be giving up control over their approvals easily.

That's a good point. So, in the current code, updateApproval is a public function. This means that any address can call it, which isn't good. For example, an attacker could potentially manipulate the contract's approval level, leading to unintended behavior or approving more tokens than intended. This could allow for things like transferring tokens without proper authorization or other malicious actions.

So that's one vulnerability. I should note that updateApproval should be made private or have an admin-only modifier to prevent unauthorized updates.

Another area to check is reentrancy. The contract has external functions that might call into other contracts, like the vault. If any of those calls could lead to an internal function that calls back into this contract, it could result in a reentrancy attack. However, looking at the functions, they don't seem to have any obvious points for reentrancy, but the withdraw function could be a point where tokens are being sent out. So if the recipient is a malicious address, it could call back into the contract and cause issues.

But without knowing the specifics of the vault implementation, it's hard to say. However, the contract doesn't have any obvious means of receiving tokens where it could re-burn them or something, so perhaps reentrancy isn't a major issue here. But it's something to keep in mind.

Also, the use of fixed-point math with such high multipliers (1e18) could potentially cause overflow issues, especially if the price per share is too large. But since it's using Solidity's big integers, it should handle that, but in other languages, it's a problem. Since we're in Solidity, 1e18 is manageable.

Another point is about the token and the price per share. If the price per share is not correctly represented, the _tokensToShares and _sharesToTokens functions might not work as intended. For example, if the price is stored as a decimal that isn't properly scaled, the fixed-point math might be off by factors of 1e18, leading to incorrect conversions.

But the code seems to be using FixedPointMath correctly, so that's probably not the issue.

So, in summary, the main vulnerability I can find is that the updateApproval function is public, allowing any address to update the approval level, which could be a security risk. Other issues might be less clear, but this seems like the most significant one.

I should also check for any missing checks, like ensuring that the recipient is a valid address or that the _amount is non-zero, but the contract doesn't show any obvious issues there. So, perhaps the biggest issue is the public updateApproval function.

Another thought: the use of viewport comparator. Oh, wait, looking at the withdraw function, it's passing the _tokensToShares(_amount) to the vault. If the vault's withdraw function expects a certain data type, this might cause a problem if _tokensToShares returns a value with the wrong type. But since it's an internal function and they're both using the same type, it should be okay.

But perhaps the rate of _tokensToShares is too high, leading to an overflow when multiplied by 1e18. For example, if _tokensAmount is greater than 1e18, it would cause an overflow. But since _tokensAmount is passed as a uint256, which can handle big numbers, but in Solidity, multiplication before division could cause overflows, but in this case, since it's using 1e18, it's possible if _tokensAmount is larger than 2^255, which is a 256-bit number, but that's a very large number.

Wait, no, because _tokensAmount is passed as a uint256, and when multiplied by 1e18, which is much larger than 2^255 (since 1e18 is 10^18 which is less than 2^60, wait, no, 2^60 is about 1.15e18, so 1e18 is less than 2^60, so 1e18 can fit in a uint256. But multiplied by _tokensAmount, which is up to 1e18, would give something up to 1e36, but Solidity can handle big numbers since it uses big integers. So actually, no issue there.

But wait, 2^256 can handle numbers up to 1e78 approximately. 1e18 is well within that, so the multiplication is safe.

So, considering all that, the main vulnerability I can spot is the public updateApproval function, which should be changed to private or have an admin-only modifier.","The analysis of the YaxisVaultAdapter contract identified a primary vulnerability: the `updateApproval` function is public, which could be exploited to manipulate the contract's approval levels, leading to potential security breaches.

**Vulnerability Identified:**

- **Public `updateApproval` Function:** The `updateApproval` function is currently public, allowing any address to update the contract's approval level. This could lead to unintended modifications, such as increasing the allowed tokens spent by the contract, posing a security risk.

**Recommendation:**

1. **Modify `updateApproval` to be Private or Admin-Only:**
   - Change the function's visibility to private to restrict access to only the contract's admin.
   - Alternatively, add an `onlyAdmin` modifier to the function to enforce that only the admin can call it.

By addressing this issue, the contract becomes more secure against unauthorized changes that could lead to malicious actions.

**Other Considerations:**

- **Review Fixed-Point Math Usage:** Ensure the fixed-point arithmetic is correctly implemented to prevent conversion errors and overflow issues.
- **Secure External Calls:** Verify that no external calls could lead to reentrancy or unauthorized token transfers without proper safeguards.
- **Check Token Handling:** Ensure that the token used in the contract is correctly managed to prevent token theft or misappropriation.

Addressing these points will enhance the contract's security and reliability.","### **Analysis of Alignment Between Issue Report and Response List**

---

#### **[H-01] YaxisVaultAdapter.sol#withdraw() will most certainly fail**

**Report Description**:  
The `withdraw()` function in `YaxisVaultAdapter.sol` is likely to fail due to precision loss in the `_tokensToShares()` function and the `vault.withdraw()` call. This results in the actual token amount withdrawn being less than the `_amount` specified. Consequently, the `safeTransfer` call to the recipient will revert due to insufficient balance. This issue is expected to fail 99.99% of the time unless the price per share (`pps`) equals `1e18`.

**Match in Response List**:  
**No match found**. The response list does not address this issue.

**Validation**:  
The issue is **completely unaddressed** in the response list. The response focuses on the `updateApproval` function's visibility and does not mention the precision loss or the potential failure of the `withdraw()` function. This is a critical oversight, as the described issue directly impacts the contract's functionality and reliability.

**Suggestions**:  
To address this issue, the following steps should be taken:  
1. **Revise the `withdraw()` function** to account for precision loss by calculating the actual token amount withdrawn from the vault.  
2. **Use the actual withdrawn amount** in the `safeTransfer` call instead of the original `_amount`.  
3. **Add validation checks** to ensure the contract has sufficient balance before transferring tokens.  

---

### **GPT-Generated Potential Issues (May Be Incorrect)**

#### **[R-01] Public `updateApproval` Function**

**Response Description**:  
The response identifies that the `updateApproval` function is public, which could allow unauthorized modifications to the contract's approval levels. It recommends changing the function's visibility to private or adding an `onlyAdmin` modifier to restrict access.

**Assessment**:  
**Valid Concern**. While this issue was not mentioned in the original `issue` report, it is a legitimate security concern. Public functions that modify critical state variables should be restricted to authorized users to prevent unauthorized access or manipulation.

#### **[R-02] Review Fixed-Point Math Usage**

**Response Description**:  
The response suggests reviewing the implementation of fixed-point arithmetic to prevent conversion errors and overflow issues.

**Assessment**:  
**Valid Concern**. Although not explicitly mentioned in the `issue` report, ensuring the correctness of fixed-point arithmetic is essential to avoid precision loss and overflow vulnerabilities, which could lead to unexpected behavior or exploits.

#### **[R-03] Secure External Calls**

**Response Description**:  
The response recommends verifying that external calls are secure and do not lead to reentrancy or unauthorized token transfers.

**Assessment**:  
**Valid Concern**. While the `issue` report does not mention reentrancy, securing external calls is a critical aspect of Solidity development. Proper safeguards, such as using the Checks-Effects-Interactions pattern, should be implemented to mitigate reentrancy risks.

#### **[R-04] Check Token Handling**

**Response Description**:  
The response advises ensuring that the token used in the contract is correctly managed to prevent token theft or misappropriation.

**Assessment**:  
**Valid Concern**. Proper token handling is essential to prevent vulnerabilities such as token theft or unauthorized transfers. This recommendation aligns with Solidity best practices for secure contract development.

---

### **Summary of Matches and Gaps**

**Correct Matches**:  
- *None*

**Partially Correct Matches**:  
- *None*

**Missed Issues from Issue Report**:  
- **[H-01] YaxisVaultAdapter.sol#withdraw() will most certainly fail**

**GPT-Generated Potential Issues (May Be Incorrect)**:  
- **[R-01] Public `updateApproval` Function**  
- **[R-02] Review Fixed-Point Math Usage**  
- **[R-03] Secure External Calls**  
- **[R-04] Check Token Handling**  

---

### **Conclusion**  
The response list fails to address the critical issue described in the `issue` report, which involves precision loss and the potential failure of the `withdraw()` function. However, the response list identifies several valid security concerns that were not mentioned in the original report, such as the public `updateApproval` function and the need to secure external calls. These additional issues highlight areas for improvement in the contract's security and functionality.",0,0,1,1,"```
None.
```",0.0
