nameid,code,tokens,loc,issue,vulnumber,Unnamed: 6,code_snippet,processtokens,high_severity_count,medium_severity_count,Reasoning,Findings,Comparison,Correctly,Partially,Not Matched,LLM-generated,matchList,MAP
L1Migrator.sol,"// SPDX-License-Identifier: MIT
pragma solidity ^0.8.0;

import {L1ArbitrumMessenger} from ""./L1ArbitrumMessenger.sol"";
import {IL1LPTGateway} from ""./IL1LPTGateway.sol"";
import {IMigrator} from ""../../interfaces/IMigrator.sol"";
import {ECDSA} from ""@openzeppelin/contracts/utils/cryptography/ECDSA.sol"";
import {EIP712} from ""@openzeppelin/contracts/utils/cryptography/draft-EIP712.sol"";
import {Pausable} from ""@openzeppelin/contracts/security/Pausable.sol"";
import {AccessControl} from ""@openzeppelin/contracts/access/AccessControl.sol"";

interface IBondingManager {
    function isRegisteredTranscoder(address _addr) external view returns (bool);

    function pendingStake(address _addr, uint256 _endRound)
        external
        view
        returns (uint256);

    function pendingFees(address _addr, uint256 _endRound)
        external
        view
        returns (uint256);

    function getDelegator(address _addr)
        external
        view
        returns (
            uint256 bondedAmount,
            uint256 fees,
            address delegateAddress,
            uint256 delegatedAmount,
            uint256 startRound,
            uint256 lastClaimRound,
            uint256 nextUnbondingLockId
        );

    function getDelegatorUnbondingLock(address _addr, uint256 _unbondingLockId)
        external
        view
        returns (uint256 amount, uint256 withdrawRound);
}

interface ITicketBroker {
    struct Sender {
        uint256 deposit;
        uint256 withdrawRound;
    }

    struct ReserveInfo {
        uint256 fundsRemaining;
        uint256 claimedInCurrentRound;
    }

    function getSenderInfo(address _addr)
        external
        view
        returns (Sender memory sender, ReserveInfo memory reserve);
}

interface IBridgeMinter {
    function withdrawETHToL1Migrator() external returns (uint256);

    function withdrawLPTToL1Migrator() external returns (uint256);
}

interface ApproveLike {
    function approve(address _addr, uint256 _amount) external;
}

interface IL2Migrator is IMigrator {
    function finalizeMigrateDelegator(MigrateDelegatorParams memory _params)
        external;

    function finalizeMigrateUnbondingLocks(
        MigrateUnbondingLocksParams memory _params
    ) external;

    function finalizeMigrateSender(MigrateSenderParams memory _params) external;
}

contract L1Migrator is
    L1ArbitrumMessenger,
    IMigrator,
    EIP712,
    AccessControl,
    Pausable
{
    address public immutable bondingManagerAddr;
    address public immutable ticketBrokerAddr;
    address public immutable bridgeMinterAddr;
    address public immutable tokenAddr;
    address public immutable l1LPTGatewayAddr;
    address public immutable l2MigratorAddr;

    event MigrateDelegatorInitiated(
        uint256 indexed seqNo,
        MigrateDelegatorParams params
    );

    event MigrateUnbondingLocksInitiated(
        uint256 indexed seqNo,
        MigrateUnbondingLocksParams params
    );

    event MigrateSenderInitiated(
        uint256 indexed seqNo,
        MigrateSenderParams params
    );

    bytes32 public constant GOVERNOR_ROLE = keccak256(""GOVERNOR_ROLE"");

    bytes32 private constant MIGRATE_DELEGATOR_TYPE_HASH =
        keccak256(""MigrateDelegator(address l1Addr,address l2Addr)"");

    bytes32 private constant MIGRATE_UNBONDING_LOCKS_TYPE_HASH =
        keccak256(
            ""MigrateUnbondingLocks(address l1Addr,address l2Addr,uint256[] unbondingLockIds)""
        );

    bytes32 private constant MIGRATE_SENDER_TYPE_HASH =
        keccak256(""MigrateSender(address l1Addr,address l2Addr)"");

    constructor(
        address _inbox,
        address _bondingManagerAddr,
        address _ticketBrokerAddr,
        address _bridgeMinterAddr,
        address _tokenAddr,
        address _l1LPTGatewayAddr,
        address _l2MigratorAddr
    ) L1ArbitrumMessenger(_inbox) EIP712(""Livepeer L1Migrator"", ""1"") {
        _setupRole(DEFAULT_ADMIN_ROLE, _msgSender());
        _setRoleAdmin(GOVERNOR_ROLE, DEFAULT_ADMIN_ROLE);

        bondingManagerAddr = _bondingManagerAddr;
        ticketBrokerAddr = _ticketBrokerAddr;
        bridgeMinterAddr = _bridgeMinterAddr;
        tokenAddr = _tokenAddr;
        l1LPTGatewayAddr = _l1LPTGatewayAddr;
        l2MigratorAddr = _l2MigratorAddr;

        _pause();
    }

    /**
     * @notice Executes a L2 call to L2Migrator to migrate transcoder/delegator state from the L1 BondingManager.
     * @dev The term ""delegator"" here can refer to both a transcoder (self-delegated delegator) and delegator.
     * @param _l1Addr Address migrating from L1
     * @param _l2Addr Address to use on L2
     * @param _sig Optional EIP-712 signature over a payload that includes _l1Addr and _l2Addr
     * @param _maxGas Gas limit for L2 execution
     * @param _gasPriceBid Gas price bid for L2 execution
     * @param _maxSubmissionCost Max ETH to pay for retryable ticket base submission fee
     */
    function migrateDelegator(
        address _l1Addr,
        address _l2Addr,
        bytes memory _sig,
        uint256 _maxGas,
        uint256 _gasPriceBid,
        uint256 _maxSubmissionCost
    ) external payable whenNotPaused {
        // Authorization
        // Either msg.sender == _l1Addr OR signer for _sig == _l1Addr
        requireValidMigration(
            _l1Addr,
            _l2Addr,
            keccak256(
                abi.encode(MIGRATE_DELEGATOR_TYPE_HASH, _l1Addr, _l2Addr)
            ),
            _sig
        );

        (
            bytes memory data,
            MigrateDelegatorParams memory params
        ) = getMigrateDelegatorParams(_l1Addr, _l2Addr);

        // We do not prevent migration replays here to minimize L1 gas costs
        // The L2Migrator is responsible for rejecting migration replays

        uint256 seqNo = sendTxToL2(
            l2MigratorAddr,
            _l2Addr, // Refunds to the L2 address
            _maxSubmissionCost,
            _maxGas,
            _gasPriceBid,
            data
        );

        emit MigrateDelegatorInitiated(seqNo, params);
    }

    /**
     * @notice Executes a L2 call to L2Migrator to migrate unbonding locks state from the L1 BondingManager.
     * @param _l1Addr Address migrating from L1
     * @param _l2Addr Address to use on L2
     * @param _unbondingLockIds IDs of unbonding locks in the L1 BondingManager to migrate
     * @param _sig Optional EIP-712 signature over a payload that includes _l1Addr, _l2Addr and _unbondingLockIds
     * @param _maxGas Gas limit for L2 execution
     * @param _gasPriceBid Gas price bid for L2 execution
     * @param _maxSubmissionCost Max ETH to pay for retryable ticket base submission fee
     */
    function migrateUnbondingLocks(
        address _l1Addr,
        address _l2Addr,
        uint256[] calldata _unbondingLockIds,
        bytes memory _sig,
        uint256 _maxGas,
        uint256 _gasPriceBid,
        uint256 _maxSubmissionCost
    ) external payable whenNotPaused {
        // Authorization
        // Either msg.sender == _l1Addr OR signer for _sig == _l1Addr
        requireValidMigration(
            _l1Addr,
            _l2Addr,
            keccak256(
                abi.encode(
                    MIGRATE_UNBONDING_LOCKS_TYPE_HASH,
                    _l1Addr,
                    _l2Addr,
                    keccak256(abi.encodePacked(_unbondingLockIds))
                )
            ),
            _sig
        );

        (
            bytes memory data,
            MigrateUnbondingLocksParams memory params
        ) = getMigrateUnbondingLocksParams(_l1Addr, _l2Addr, _unbondingLockIds);

        // We do not prevent migration replays here to minimize L1 gas costs
        // The L2Migrator is responsible for rejecting migration replays

        uint256 seqNo = sendTxToL2(
            l2MigratorAddr,
            _l2Addr, // Refund to the L2 address
            _maxSubmissionCost,
            _maxGas,
            _gasPriceBid,
            data
        );

        emit MigrateUnbondingLocksInitiated(seqNo, params);
    }

    /**
     * @notice Executes a L2 call to L2Migrator to migrate sender deposit/reserve state from the L1 TicketBroker.
     * @param _l1Addr Address migrating from L1
     * @param _l2Addr Address to use on L2
     * @param _sig Optional EIP-712 signature over a payload that includes _l1Addr and _l2Addr
     * @param _maxGas Gas limit for L2 execution
     * @param _gasPriceBid Gas price bid for L2 execution
     * @param _maxSubmissionCost Max ETH to pay for retryable ticket base submission fee
     */
    function migrateSender(
        address _l1Addr,
        address _l2Addr,
        bytes memory _sig,
        uint256 _maxGas,
        uint256 _gasPriceBid,
        uint256 _maxSubmissionCost
    ) external payable whenNotPaused {
        // Authorization
        // Either msg.sender == _l1Addr OR signer for _sig == _l1Addr
        requireValidMigration(
            _l1Addr,
            _l2Addr,
            keccak256(abi.encode(MIGRATE_SENDER_TYPE_HASH, _l1Addr, _l2Addr)),
            _sig
        );

        (
            bytes memory data,
            MigrateSenderParams memory params
        ) = getMigrateSenderParams(_l1Addr, _l2Addr);

        // We do not prevent migration replays here to minimize L1 gas costs
        // The L2Migrator is responsible for rejecting migration replays

        uint256 seqNo = sendTxToL2(
            l2MigratorAddr,
            _l2Addr, // Refund to the L2 address
            _maxSubmissionCost,
            _maxGas,
            _gasPriceBid,
            data
        );

        emit MigrateSenderInitiated(seqNo, params);
    }

    /**
     * @notice Executes a L2 call to send ETH from the L1BridgeMinter to the L2Migrator.
     * @dev Anyone can call this function.
     * @param _maxGas Gas limit for L2 execution
     * @param _gasPriceBid Gas price bid for L2 execution
     * @param _maxSubmissionCost Max ETH to pay for retryable ticket base submission fee
     */
    function migrateETH(
        uint256 _maxGas,
        uint256 _gasPriceBid,
        uint256 _maxSubmissionCost
    ) external payable whenNotPaused {
        uint256 amount = IBridgeMinter(bridgeMinterAddr)
            .withdrawETHToL1Migrator();

        // Any ETH refunded to the L2 alias of this contract can be used for
        // other cross-chain txs sent by this contract.
        // The retryable ticket created will not be cancellable since this contract
        // currently does not support cross-chain txs to call ArbRetryableTx.cancel().
        // Regarding the comment below on this contract receiving refunds:
        // msg.sender also cannot be the address to receive refunds as beneficiary because otherwise
        // msg.sender could cancel the ticket before it is executed on L2 to receive the L2 call value.
        sendTxToL2(
            l2MigratorAddr,
            address(this), // L2 alias of this contract will receive refunds
            msg.value,
            amount,
            _maxSubmissionCost,
            _maxGas,
            _gasPriceBid,
            """"
        );
    }

    /**
     * @notice Executes a L2 call to send LPT from the L1BridgeMinter to the L2Migrator.
     * @dev Anyone can call this function.
     * @param _maxGas Gas limit for L2 execution
     * @param _gasPriceBid Gas price bid for L2 execution
     * @param _maxSubmissionCost Max ETH to pay for retryable ticket base submission fee
     */
    function migrateLPT(
        uint256 _maxGas,
        uint256 _gasPriceBid,
        uint256 _maxSubmissionCost
    ) external payable whenNotPaused {
        uint256 amount = IBridgeMinter(bridgeMinterAddr)
            .withdrawLPTToL1Migrator();

        // Approve L1LPTGateway to pull tokens
        ApproveLike(tokenAddr).approve(l1LPTGatewayAddr, amount);
        // Trigger cross-chain transfer with L1LPTGateway which will pull and escrow tokens
        // Forward msg.value to outboundTransfer() to be used for cross-chain tx
        IL1LPTGateway(l1LPTGatewayAddr).outboundTransfer{value: msg.value}(
            tokenAddr,
            l2MigratorAddr,
            amount,
            _maxGas,
            _gasPriceBid,
            abi.encode(_maxSubmissionCost, """")
        );
    }

    /**
     * @notice Pause the contract
     * @dev Only callable by addresses with governor role
     */
    function pause() external onlyRole(GOVERNOR_ROLE) {
        _pause();
    }

    /**
     * @notice Unpause the contract
     * @dev Only callable by addresses with governor role
     */
    function unpause() external onlyRole(GOVERNOR_ROLE) {
        _unpause();
    }

    /**
     * @notice Return L2 calldata and MigrateDelegatorParams to use for a L2 call on L2Migrator
     * @param _l1Addr Address migrating from L1
     * @param _l2Addr Address to use on L2
     * @return data L2 calldata for finalizeMigrateDelegator() in L2Migrator
     * @return params MigrateDelegatorParams to use for finalizeMigrateDelegator() in L2Migrator
     */
    function getMigrateDelegatorParams(address _l1Addr, address _l2Addr)
        public
        view
        returns (bytes memory data, MigrateDelegatorParams memory params)
    {
        IBondingManager bondingManager = IBondingManager(bondingManagerAddr);

        // pendingStake() ignores the _endRound arg
        uint256 stake = bondingManager.pendingStake(_l1Addr, 0);
        // pendingFees() ignores the _endRound arg
        uint256 fees = bondingManager.pendingFees(_l1Addr, 0);
        (
            ,
            ,
            address delegateAddress,
            uint256 delegatedAmount,
            ,
            ,

        ) = bondingManager.getDelegator(_l1Addr);

        // Construct params and L2 calldata for finalizeMigrateDelegator() on L2Migrator
        params = MigrateDelegatorParams({
            l1Addr: _l1Addr,
            l2Addr: _l2Addr,
            stake: stake,
            delegatedStake: delegatedAmount,
            fees: fees,
            delegate: delegateAddress
        });

        data = abi.encodeWithSelector(
            IL2Migrator.finalizeMigrateDelegator.selector,
            params
        );
    }

    /**
     * @notice Return L2 calldata and MigrateSenderParams to use for a L2 call on L2Migrator
     * @param _l1Addr Address migrating from L1
     * @param _l2Addr Address to use on L2
     * @return data L2 calldata for finalizeMigrateSender() in L2Migrator
     * @return params MigrateSenderParams to use for finalizeMigrateSender() in L2Migrator
     */
    function getMigrateSenderParams(address _l1Addr, address _l2Addr)
        public
        view
        returns (bytes memory data, MigrateSenderParams memory params)
    {
        ITicketBroker ticketBroker = ITicketBroker(ticketBrokerAddr);

        (
            ITicketBroker.Sender memory sender,
            ITicketBroker.ReserveInfo memory reserveInfo
        ) = ticketBroker.getSenderInfo(_l1Addr);

        // Construct params and L2 calldata for finalizeMigrateSender() on L2Migrator
        params = MigrateSenderParams({
            l1Addr: _l1Addr,
            l2Addr: _l2Addr,
            deposit: sender.deposit,
            reserve: reserveInfo.fundsRemaining
        });

        data = abi.encodeWithSelector(
            IL2Migrator.finalizeMigrateSender.selector,
            params
        );
    }

    /**
     * @notice Return L2 calldata and MigrateUnbondingLocksParams to use for a L2 call on L2Migrator
     * @param _l1Addr Address migrating from L1
     * @param _l2Addr Address to use on L2
     * @param _unbondingLockIds IDs of unbonding locks in L1 BondingManager to migrate
     * @return data L2 calldata for finalizeMigrateUnbondingLocks() in L2Migrator
     * @return params MigrateUnbondingLocksParams to use for finalizeMigrateUnbondingLocks() in L2Migrator
     */
    function getMigrateUnbondingLocksParams(
        address _l1Addr,
        address _l2Addr,
        uint256[] memory _unbondingLockIds
    )
        public
        view
        returns (bytes memory data, MigrateUnbondingLocksParams memory params)
    {
        IBondingManager bondingManager = IBondingManager(bondingManagerAddr);

        uint256 total = 0;
        for (uint256 i = 0; i < _unbondingLockIds.length; i++) {
            (uint256 amount, ) = bondingManager.getDelegatorUnbondingLock(
                _l1Addr,
                _unbondingLockIds[i]
            );

            total += amount;
        }

        (, , address delegateAddress, , , , ) = bondingManager.getDelegator(
            _l1Addr
        );

        // Construct params and L2 calldata for finalizeMigrateUnbondingLocks() on L2Migrator
        params = MigrateUnbondingLocksParams({
            l1Addr: _l1Addr,
            l2Addr: _l2Addr,
            total: total,
            unbondingLockIds: _unbondingLockIds,
            delegate: delegateAddress
        });

        data = abi.encodeWithSelector(
            IL2Migrator.finalizeMigrateUnbondingLocks.selector,
            params
        );
    }

    function requireValidMigration(
        address _l1Addr,
        address _l2Addr,
        bytes32 _structHash,
        bytes memory _sig
    ) internal view {
        require(
            _l2Addr != address(0),
            ""L1Migrator#requireValidMigration: INVALID_L2_ADDR""
        );
        require(
            msg.sender == _l1Addr ||
                recoverSigner(_structHash, _sig) == _l1Addr,
            ""L1Migrator#requireValidMigration: FAIL_AUTH""
        );
    }

    function recoverSigner(bytes32 _structHash, bytes memory _sig)
        internal
        view
        returns (address)
    {
        if (_sig.length == 0) {
            return address(0);
        }

        bytes32 hash = _hashTypedDataV4(_structHash);
        return ECDSA.recover(hash, _sig);
    }
}",4424.0,529.0,"[H-01] [WP-H5] L1Migrator.sol#migrateETH() does not send bridgeMinter's ETH to L2 causing ETH get frozen in the contract
At L308-L309, ETH held by BridgeMinter is withdrawn to L1Migrator:
https://github.com/livepeer/arbitrum-lpt-bridge/blob/ebf68d11879c2798c5ec0735411b08d0bea4f287/contracts/L1/gateway/L1Migrator.sol#L308-L309
``` uint256 amount = IBridgeMinter(bridgeMinterAddr)
    .withdrawETHToL1Migrator();
```  [M-01] L1Migrator.migrateLPT` can be used to take away protocol's access to LPT tokens in BridgeMinter

Same thing as the ETH issue I reported earlier. I wasn't sure if those are supposed to be a single issue or not. The concept is the same. But, now you lose LPT tokens.
The `L1Migrator.migrateLPT()` function can be called by anyone. It pulls all the LPT from the BridgeMinter contract and starts the process of moving the funds to L2. First of all, this function is only executable once. The RetryableTicket created with the first call is the only chance of moving the funds to L2.
The attacker can call the function with parameters that make the creation of the RetryableTicket on L2 fail. Thus, the LPT sits in the L1Migrator contract with no way of moving it to L2 or anywhere else. Effectively, the funds are lost.

 [M-02] [WP-H3] L1Migrator.sol#migrateETH() Improper implementation of L1Migrator causing migrateETH() always reverts, can lead to ETH in BridgeMinter getting stuck in the contract

`L1Migrator.sol#migrateETH()` 
https://github.com/livepeer/arbitrum-lpt-bridge/blob/ebf68d11879c2798c5ec0735411b08d0bea4f287/contracts/L1/gateway/L1Migrator.sol#L308-L310
uint256 amount = IBridgeMinter(bridgeMinterAddr).withdrawETHToL1Migrator();

`L1Migrator.sol#migrateETH()` will call IBridgeMinter(bridgeMinterAddr).withdrawETHToL1Migrator() to withdraw ETH from BridgeMinter.
However, the current implementation of L1Migrator is unable to receive ETH.
https://github.com/livepeer/protocol/blob/20e7ebb86cdb4fe9285bf5fea02eb603e5d48805/contracts/token/BridgeMinter.sol#L94-L94
(bool ok, ) = l1MigratorAddr.call.value(address(this).balance)("""");

A contract receiving Ether must have at least one of the functions below:",3.0,,"pragma solidity ^0.8.0;

import {L1ArbitrumMessenger} from ""./L1ArbitrumMessenger.sol"";
import {IL1LPTGateway} from ""./IL1LPTGateway.sol"";
import {IMigrator} from ""../../interfaces/IMigrator.sol"";
import {ECDSA} from ""@openzeppelin/contracts/utils/cryptography/ECDSA.sol"";
import {EIP712} from ""@openzeppelin/contracts/utils/cryptography/draft-EIP712.sol"";
import {Pausable} from ""@openzeppelin/contracts/security/Pausable.sol"";
import {AccessControl} from ""@openzeppelin/contracts/access/AccessControl.sol"";

interface IBondingManager {
    function isRegisteredTranscoder(address _addr) external view returns (bool);

    function pendingStake(address _addr, uint256 _endRound)
        external
        view
        returns (uint256);

    function pendingFees(address _addr, uint256 _endRound)
        external
        view
        returns (uint256);

    function getDelegator(address _addr)
        external
        view
        returns (
            uint256 bondedAmount,
            uint256 fees,
            address delegateAddress,
            uint256 delegatedAmount,
            uint256 startRound,
            uint256 lastClaimRound,
            uint256 nextUnbondingLockId
        );

    function getDelegatorUnbondingLock(address _addr, uint256 _unbondingLockId)
        external
        view
        returns (uint256 amount, uint256 withdrawRound);
}

interface ITicketBroker {
    struct Sender {
        uint256 deposit;
        uint256 withdrawRound;
    }

    struct ReserveInfo {
        uint256 fundsRemaining;
        uint256 claimedInCurrentRound;
    }

    function getSenderInfo(address _addr)
        external
        view
        returns (Sender memory sender, ReserveInfo memory reserve);
}

interface IBridgeMinter {
    function withdrawETHToL1Migrator() external returns (uint256);

    function withdrawLPTToL1Migrator() external returns (uint256);
}

interface ApproveLike {
    function approve(address _addr, uint256 _amount) external;
}

interface IL2Migrator is IMigrator {
    function finalizeMigrateDelegator(MigrateDelegatorParams memory _params)
        external;

    function finalizeMigrateUnbondingLocks(
        MigrateUnbondingLocksParams memory _params
    ) external;

    function finalizeMigrateSender(MigrateSenderParams memory _params) external;
}

contract L1Migrator is
    L1ArbitrumMessenger,
    IMigrator,
    EIP712,
    AccessControl,
    Pausable
{
    address public immutable bondingManagerAddr;
    address public immutable ticketBrokerAddr;
    address public immutable bridgeMinterAddr;
    address public immutable tokenAddr;
    address public immutable l1LPTGatewayAddr;
    address public immutable l2MigratorAddr;

    event MigrateDelegatorInitiated(
        uint256 indexed seqNo,
        MigrateDelegatorParams params
    );

    event MigrateUnbondingLocksInitiated(
        uint256 indexed seqNo,
        MigrateUnbondingLocksParams params
    );

    event MigrateSenderInitiated(
        uint256 indexed seqNo,
        MigrateSenderParams params
    );

    bytes32 public constant GOVERNOR_ROLE = keccak256(""GOVERNOR_ROLE"");

    bytes32 private constant MIGRATE_DELEGATOR_TYPE_HASH =
        keccak256(""MigrateDelegator(address l1Addr,address l2Addr)"");

    bytes32 private constant MIGRATE_UNBONDING_LOCKS_TYPE_HASH =
        keccak256(
            ""MigrateUnbondingLocks(address l1Addr,address l2Addr,uint256[] unbondingLockIds)""
        );

    bytes32 private constant MIGRATE_SENDER_TYPE_HASH =
        keccak256(""MigrateSender(address l1Addr,address l2Addr)"");

    constructor(
        address _inbox,
        address _bondingManagerAddr,
        address _ticketBrokerAddr,
        address _bridgeMinterAddr,
        address _tokenAddr,
        address _l1LPTGatewayAddr,
        address _l2MigratorAddr
    ) L1ArbitrumMessenger(_inbox) EIP712(""Livepeer L1Migrator"", ""1"") {
        _setupRole(DEFAULT_ADMIN_ROLE, _msgSender());
        _setRoleAdmin(GOVERNOR_ROLE, DEFAULT_ADMIN_ROLE);

        bondingManagerAddr = _bondingManagerAddr;
        ticketBrokerAddr = _ticketBrokerAddr;
        bridgeMinterAddr = _bridgeMinterAddr;
        tokenAddr = _tokenAddr;
        l1LPTGatewayAddr = _l1LPTGatewayAddr;
        l2MigratorAddr = _l2MigratorAddr;

        _pause();
    }

    
    function migrateDelegator(
        address _l1Addr,
        address _l2Addr,
        bytes memory _sig,
        uint256 _maxGas,
        uint256 _gasPriceBid,
        uint256 _maxSubmissionCost
    ) external payable whenNotPaused {
        
        
        requireValidMigration(
            _l1Addr,
            _l2Addr,
            keccak256(
                abi.encode(MIGRATE_DELEGATOR_TYPE_HASH, _l1Addr, _l2Addr)
            ),
            _sig
        );

        (
            bytes memory data,
            MigrateDelegatorParams memory params
        ) = getMigrateDelegatorParams(_l1Addr, _l2Addr);

        
        

        uint256 seqNo = sendTxToL2(
            l2MigratorAddr,
            _l2Addr, 
            _maxSubmissionCost,
            _maxGas,
            _gasPriceBid,
            data
        );

        emit MigrateDelegatorInitiated(seqNo, params);
    }

    
    function migrateUnbondingLocks(
        address _l1Addr,
        address _l2Addr,
        uint256[] calldata _unbondingLockIds,
        bytes memory _sig,
        uint256 _maxGas,
        uint256 _gasPriceBid,
        uint256 _maxSubmissionCost
    ) external payable whenNotPaused {
        
        
        requireValidMigration(
            _l1Addr,
            _l2Addr,
            keccak256(
                abi.encode(
                    MIGRATE_UNBONDING_LOCKS_TYPE_HASH,
                    _l1Addr,
                    _l2Addr,
                    keccak256(abi.encodePacked(_unbondingLockIds))
                )
            ),
            _sig
        );

        (
            bytes memory data,
            MigrateUnbondingLocksParams memory params
        ) = getMigrateUnbondingLocksParams(_l1Addr, _l2Addr, _unbondingLockIds);

        
        

        uint256 seqNo = sendTxToL2(
            l2MigratorAddr,
            _l2Addr, 
            _maxSubmissionCost,
            _maxGas,
            _gasPriceBid,
            data
        );

        emit MigrateUnbondingLocksInitiated(seqNo, params);
    }

    
    function migrateSender(
        address _l1Addr,
        address _l2Addr,
        bytes memory _sig,
        uint256 _maxGas,
        uint256 _gasPriceBid,
        uint256 _maxSubmissionCost
    ) external payable whenNotPaused {
        
        
        requireValidMigration(
            _l1Addr,
            _l2Addr,
            keccak256(abi.encode(MIGRATE_SENDER_TYPE_HASH, _l1Addr, _l2Addr)),
            _sig
        );

        (
            bytes memory data,
            MigrateSenderParams memory params
        ) = getMigrateSenderParams(_l1Addr, _l2Addr);

        
        

        uint256 seqNo = sendTxToL2(
            l2MigratorAddr,
            _l2Addr, 
            _maxSubmissionCost,
            _maxGas,
            _gasPriceBid,
            data
        );

        emit MigrateSenderInitiated(seqNo, params);
    }

    
    function migrateETH(
        uint256 _maxGas,
        uint256 _gasPriceBid,
        uint256 _maxSubmissionCost
    ) external payable whenNotPaused {
        uint256 amount = IBridgeMinter(bridgeMinterAddr)
            .withdrawETHToL1Migrator();

        
        
        
        
        
        
        
        sendTxToL2(
            l2MigratorAddr,
            address(this), 
            msg.value,
            amount,
            _maxSubmissionCost,
            _maxGas,
            _gasPriceBid,
            """"
        );
    }

    
    function migrateLPT(
        uint256 _maxGas,
        uint256 _gasPriceBid,
        uint256 _maxSubmissionCost
    ) external payable whenNotPaused {
        uint256 amount = IBridgeMinter(bridgeMinterAddr)
            .withdrawLPTToL1Migrator();

        
        ApproveLike(tokenAddr).approve(l1LPTGatewayAddr, amount);
        
        
        IL1LPTGateway(l1LPTGatewayAddr).outboundTransfer{value: msg.value}(
            tokenAddr,
            l2MigratorAddr,
            amount,
            _maxGas,
            _gasPriceBid,
            abi.encode(_maxSubmissionCost, """")
        );
    }

    
    function pause() external onlyRole(GOVERNOR_ROLE) {
        _pause();
    }

    
    function unpause() external onlyRole(GOVERNOR_ROLE) {
        _unpause();
    }

    
    function getMigrateDelegatorParams(address _l1Addr, address _l2Addr)
        public
        view
        returns (bytes memory data, MigrateDelegatorParams memory params)
    {
        IBondingManager bondingManager = IBondingManager(bondingManagerAddr);

        
        uint256 stake = bondingManager.pendingStake(_l1Addr, 0);
        
        uint256 fees = bondingManager.pendingFees(_l1Addr, 0);
        (
            ,
            ,
            address delegateAddress,
            uint256 delegatedAmount,
            ,
            ,

        ) = bondingManager.getDelegator(_l1Addr);

        
        params = MigrateDelegatorParams({
            l1Addr: _l1Addr,
            l2Addr: _l2Addr,
            stake: stake,
            delegatedStake: delegatedAmount,
            fees: fees,
            delegate: delegateAddress
        });

        data = abi.encodeWithSelector(
            IL2Migrator.finalizeMigrateDelegator.selector,
            params
        );
    }

    
    function getMigrateSenderParams(address _l1Addr, address _l2Addr)
        public
        view
        returns (bytes memory data, MigrateSenderParams memory params)
    {
        ITicketBroker ticketBroker = ITicketBroker(ticketBrokerAddr);

        (
            ITicketBroker.Sender memory sender,
            ITicketBroker.ReserveInfo memory reserveInfo
        ) = ticketBroker.getSenderInfo(_l1Addr);

        
        params = MigrateSenderParams({
            l1Addr: _l1Addr,
            l2Addr: _l2Addr,
            deposit: sender.deposit,
            reserve: reserveInfo.fundsRemaining
        });

        data = abi.encodeWithSelector(
            IL2Migrator.finalizeMigrateSender.selector,
            params
        );
    }

    
    function getMigrateUnbondingLocksParams(
        address _l1Addr,
        address _l2Addr,
        uint256[] memory _unbondingLockIds
    )
        public
        view
        returns (bytes memory data, MigrateUnbondingLocksParams memory params)
    {
        IBondingManager bondingManager = IBondingManager(bondingManagerAddr);

        uint256 total = 0;
        for (uint256 i = 0; i < _unbondingLockIds.length; i++) {
            (uint256 amount, ) = bondingManager.getDelegatorUnbondingLock(
                _l1Addr,
                _unbondingLockIds[i]
            );

            total += amount;
        }

        (, , address delegateAddress, , , , ) = bondingManager.getDelegator(
            _l1Addr
        );

        
        params = MigrateUnbondingLocksParams({
            l1Addr: _l1Addr,
            l2Addr: _l2Addr,
            total: total,
            unbondingLockIds: _unbondingLockIds,
            delegate: delegateAddress
        });

        data = abi.encodeWithSelector(
            IL2Migrator.finalizeMigrateUnbondingLocks.selector,
            params
        );
    }

    function requireValidMigration(
        address _l1Addr,
        address _l2Addr,
        bytes32 _structHash,
        bytes memory _sig
    ) internal view {
        require(
            _l2Addr != address(0),
            ""L1Migrator#requireValidMigration: INVALID_L2_ADDR""
        );
        require(
            msg.sender == _l1Addr ||
                recoverSigner(_structHash, _sig) == _l1Addr,
            ""L1Migrator#requireValidMigration: FAIL_AUTH""
        );
    }

    function recoverSigner(bytes32 _structHash, bytes memory _sig)
        internal
        view
        returns (address)
    {
        if (_sig.length == 0) {
            return address(0);
        }

        bytes32 hash = _hashTypedDataV4(_structHash);
        return ECDSA.recover(hash, _sig);
    }
}",2888.0,1.0,2.0,"Alright, I need to list all the vulnerabilities found in the provided smart contract. Let me go through it step by step.

First, I'll start by reading through the contract carefully to understand its structure and functionality. The contract is a L1 migrator that interacts with several other contracts like bonding manager, ticket broker, bridge minter, and L1 and L2 migrators. It uses OpenZeppelin's libraries for EIP712 and access control, and it's paused by default with the pauser role.

Looking for vulnerabilities, I'll check each function and see if there's anything that could be exploited.

1. **Pausable Contract Vulnerability**: The contract is paused by default, which might be a security feature. However, it's crucial to understand who can unpause it. The unpause function requires the GOVERNOR_ROLE. If the pauser role isn't properly managed, it can lead to unexpected states.

2. **Access Control Misuse**: The contract uses AccessControl and Pausable. Access control should ensure that only authorized addresses can perform critical actions. I'll check if any functions allow unintended access. For example, the migrateDelegator, migrateUnbondingLocks, and migrateSender functions are payable, which might be a point of entry.

3. **Reentrancy**: If the contract doesn't have reentrancy protection, it could be vulnerable to reentrancy attacks. The contract does have a whenNotPaused modifier in some functions, but I need to check if all external functions are protected.

4. **Insufficient Checks in Migration Functions**: MigrateDelegator, migrateUnbondingLocks, and migrateSender functions send transactions to L2 layers. These could be points where malicious code could manipulate the state.

5. **Signature Verification**: The requireValidMigration function checks if the message sender is valid, but I need to ensure that it correctly verifies the signature.

6. **Pricing in migrateETH and migrateLPT**: The functions migrateETH and migrateLPT extract amounts from the bridge minter and send them on the L1 network. This could be a target for price manipulation if not closely controlled.

7. **Role Management**: The GOVERNOR_ROLE is set, but I should ensure that the role is sufficiently restricted and that there's no abuse in role assignment.

8. **Unexpected State Transitions**: Functions like migrateDelegator and others trigger state changes. If these aren't properly handled, it could lead to unexpected behavior.

9. **Cross-Chain Transactions**: Sending transactions to L2 could be risky. Are there checks in place to prevent cross-chain attacks or misuse?

10. **Dead Code**: Ensure there are no unnecessary or deprecated functions that could be exploited.

11. **Dynamic stříbrůvka**: Looking at the views and calculates, especially with parameters like _unbondingLockIds being dynamic, there might be off-by-one errors or infinite loops.

12. **Missing Checks**: For each function, I'll verify if all necessary conditions are checked before proceeding, like ensuring the sender is valid or that the function is called correctly.

I'll start by checking the pausable aspect. The contract is initially paused, which is good. The unpause function requires the GOVERNOR_ROLE, which is appropriate. However, the constructor sets the default admin role to _msgSender(), which might be okay if the admin is properly set up.

Next, I'll examine the access control. The functions like migrateDelegator and others are payable, which means they require ETH to be sent. I'll check if only authorized addresses can call these functions. For example, the requireValidMigration function ensures that the message sender is either _l1Addr or the recovery address, which seems correct.

For reentrancy, the contract has some modifier whenNotPaused, but I should check if all external functions use it. Looking through the functions, the migrateDelegator, migrateUnbondingLocks, and migrateSender use whenNotPaused. However, functions like unpause and pause don't, but they are designed to be called only under specific controlled conditions, so this might not be an issue.

In the migrateDelegator function, the requireValidMigration function is called, which checks the signature. However, the way it recovers the signer might not be sufficient. Using ECDSA.recover could potentially be a point of failure if the signature isn't properly verified. I should ensure that the signature is correctly validated.

Looking at the migrateLPT function, it calls the bridge minter to withdraw LPT and then mints it. It then calls the L1LPTGateway for outbound transfer. I need to check if this process is correctly guarded by access control.

In the getMigrateDelegatorParams function, it retrieves bonding manager information. The way it handles pendingStake and pendingFees might be correct, but I need to ensure that these functions are properly called and that the data is used safely.

The requireValidMigration function checks that the l2 address is not zero and that the sender is valid. This seems adequate, but I should think about the case where the l1 address could be zero, but in this case, the function has a check against that.

In getMigrateUnbondingLocksParams, the function iterates over _unbondingLockIds and accumulates the total. It uses a loop which is fine because the length is known. However, if the array isn't properly checked, it could lead to issues.

Looking at the constructor, it initializes the contract with several addresses and sets up the roles. It's important to ensure that these initializations are secure and that the roles are not misconfigured.

I should also consider if the L1 and L2 addresses can be manipulated, especially since they're passed into functions. Are there any checks to prevent invalid or malicious L1 and L2 addresses?

Another point is the use of bytes and address manipulation. Ensure that any sensitive data or function pointers are handled correctly.

Additionally, the use of EIP712 and access control implies that there's an off-chain message validation process, but I should confirm that it's properly implemented and not a bypass for security.

Finally, I'll check for any missing or incorrect(error handling). For example, if a function assumes that a certain condition is always met, but that condition could fail, it can lead to errors.

By systematically reviewing each part, I can identify potential vulnerabilities and suggest fixes or mitigations.","The analysis identifies several potential vulnerabilities in the contract, organized by category:

### 1. Role Management Vulnerabilities
- **Pausable Contract Control**: The pauser role is critical. Ensure that only authorized roles, like the GOVERNOR_ROLE, can change the paused state.

### 2. Access Control Vulnerabilities
- **Unauthorized Access to Payable Functions**: Verify that all payable functions are protected by role-based access control to prevent unauthorized transactions.

### 3. Reentrancy Risks
- **Protect External Functions**: Ensure all external functions use `whenNotPaused` to mitigate reentrancy risks.

### 4. Migration Function Flaws
- **Signature Validation**: Strengthen signature validation to prevent malicious actors from using unsigned transactions.
- **Input Validation in Migrations**: Add checks for valid parameters in migration functions to prevent erroneous state changes.

### 5. Cross-Chain Security
- **L2 Transaction Safeguards**: Implement additional checks when sending transactions to L2 to prevent chain attacks.

### 6. Dynamic Content Handling
- **Loop Safety**: Ensure that dynamic operations, like iterating over `_unbondingLockIds`, handle all cases correctly to avoid infinite loops or missed data.

### 7. Economic Exploits
- **Pricing Mechanisms**: Safeguard the bridge minter and L1LPTGateway interactions to prevent price manipulation.

### 8. Security by Design
- **Validate Addresses and Data**: Implement thorough checks on all external addresses and data inputs to ensure they're valid and trusted.

### 9. Error Handling
- **Handle Missing Data or Conditions**: Add checks to prevent assumptions about the state of certain variables or external contracts.

### Mitigations

1. **Pausable Control**: Restrict the pauser role to only authorized admins or roles.
2. **Access Control Enhancements**: Use additional checks in all payable functions to ensure only authorized addresses can trigger migrations.
3. **Reentrancy Protection**: Use `whenNotPaused` in all external functions.
4. **Signature Verification Improvement**: Ensure ECDSA recoverSlot is used correctly and signature verification is robust.
5. **Dynamic Checks**: Add input validation in functions like `getMigrateUnbondingLocksParams` to prevent invalid inputs.
6. **Tx Checks on L2**: Implement post-transaction checks on L2 transactions.
7. **Economic Safeguards**: Add rate limiting or transaction origins to bridge minter and L1LPTGateway interactions.

These mitigations can help address the identified vulnerabilities and improve the contract's security posture.","### **[H-01] L1Migrator.sol#migrateETH() does not send bridgeMinter's ETH to L2 causing ETH to get frozen in the contract**

**Report Description**:  
The `migrateETH()` function in `L1Migrator.sol` withdraws ETH from the `BridgeMinter` but does not send it to L2. This results in ETH being frozen in the `L1Migrator` contract, as there is no mechanism to move it further. The issue arises because the `L1Migrator` contract is not designed to receive ETH, and the `withdrawETHToL1Migrator()` function in `BridgeMinter` sends ETH to `L1Migrator` using a low-level call, which fails if the recipient cannot handle ETH.

**Match in Response List**:  
**No match found**.

**Validation**:  
The response list does not address this issue. The problem is critical as it leads to ETH being permanently stuck in the contract, which is a significant financial risk. The response list focuses on general access control and reentrancy risks but does not mention this specific issue.

**Suggestions**:  
The `L1Migrator` contract should be updated to handle ETH properly, either by implementing a `receive()` or `fallback()` function or by ensuring that the ETH is forwarded to L2 immediately after withdrawal.

---

### **[M-01] L1Migrator.migrateLPT can be used to take away protocol's access to LPT tokens in BridgeMinter**

**Report Description**:  
The `migrateLPT()` function in `L1Migrator.sol` can be called by anyone, allowing an attacker to pull all LPT tokens from the `BridgeMinter` and start the migration process to L2. If the attacker provides invalid parameters for the RetryableTicket creation, the LPT tokens will be stuck in the `L1Migrator` contract with no way to recover them. This effectively results in a loss of funds for the protocol.

**Match in Response List**:  
**No match found**.

**Validation**:  
The response list does not address this issue. The vulnerability is significant as it allows an attacker to permanently lock LPT tokens, which could disrupt the protocol's operations.

**Suggestions**:  
The `migrateLPT()` function should be restricted to authorized roles only. Additionally, the function should include checks to ensure that the RetryableTicket creation parameters are valid before proceeding with the migration.

---

### **[M-02] L1Migrator.sol#migrateETH() Improper implementation causing migrateETH() to always revert, leading to ETH in BridgeMinter getting stuck in the contract**

**Report Description**:  
The `migrateETH()` function in `L1Migrator.sol` calls `withdrawETHToL1Migrator()` in `BridgeMinter`, which attempts to send ETH to `L1Migrator` using a low-level call. However, `L1Migrator` is not designed to receive ETH, causing the call to fail and the function to revert. This results in ETH being stuck in the `BridgeMinter` contract.

**Match in Response List**:  
**No match found**.

**Validation**:  
The response list does not address this issue. The problem is critical as it prevents the migration of ETH to L2, leading to funds being stuck in the `BridgeMinter` contract.

**Suggestions**:  
The `L1Migrator` contract should be updated to handle ETH properly, either by implementing a `receive()` or `fallback()` function or by ensuring that the ETH is forwarded to L2 immediately after withdrawal.

---

### **GPT-Generated Potential Issues (May Be Incorrect)**:

**[R-01] Pausable Contract Control**

**Response Description**:  
The response suggests restricting the pauser role to only authorized roles, such as the `GOVERNOR_ROLE`, to prevent unauthorized changes to the paused state.

**Assessment**:  
**Valid Concern**. While this issue was not mentioned in the original `issue` report, restricting the pauser role is a recognized best practice in Solidity to enhance contract security and prevent unauthorized pauses.

---

**[R-02] Reentrancy Protection**

**Response Description**:  
The response recommends using `whenNotPaused` in all external functions to mitigate reentrancy risks.

**Assessment**:  
**Valid Concern**. Reentrancy protection is a critical security measure in Solidity contracts. While the original `issue` report did not mention reentrancy, this recommendation aligns with best practices.

---

**[R-03] Signature Validation**

**Response Description**:  
The response suggests strengthening signature validation to prevent malicious actors from using unsigned transactions.

**Assessment**:  
**Valid Concern**. Signature validation is essential for ensuring the authenticity of transactions. While not mentioned in the original `issue` report, this recommendation is relevant for enhancing contract security.

---

### **Summary of Matches and Gaps**

**Correct Matches**:  
- *None*

**Partially Correct Matches**:  
- *None*

**Missed Issues from Issue Report**:  
- **[H-01] L1Migrator.sol#migrateETH() does not send bridgeMinter's ETH to L2 causing ETH to get frozen in the contract**  
- **[M-01] L1Migrator.migrateLPT can be used to take away protocol's access to LPT tokens in BridgeMinter**  
- **[M-02] L1Migrator.sol#migrateETH() Improper implementation causing migrateETH() to always revert, leading to ETH in BridgeMinter getting stuck in the contract**

---

The response list fails to address the critical issues identified in the `issue` report, particularly those related to ETH and LPT token handling in the `L1Migrator` contract. While the response list includes some valid general recommendations, it does not provide specific solutions to the reported vulnerabilities.",0,0,3,9,"```
None.
```",0.0
L1LPTGateway.sol,"//SPDX-License-Identifier: MIT
pragma solidity ^0.8.0;

import {ControlledGateway} from ""../../ControlledGateway.sol"";
import {L1ArbitrumMessenger} from ""./L1ArbitrumMessenger.sol"";
import {IL1LPTGateway} from ""./IL1LPTGateway.sol"";
import {IL2LPTGateway} from ""../../L2/gateway/IL2LPTGateway.sol"";

interface TokenLike {
    function transferFrom(
        address _from,
        address _to,
        uint256 _value
    ) external returns (bool success);

    function balanceOf(address account) external view returns (uint256);
}

interface IMinter {
    function bridgeMint(address _to, uint256 _amount) external;
}

/**
 * @title L1LPTGateway
 * @notice Manages inbound and outbound transfers of LPT between L1 and Arbitrum Rollup
 * @dev the contract can be paused by the governor which will prevent any outbound transfers
 * but pausing the contract does not affect inbound transfers (tokens coming from L2)
 */
contract L1LPTGateway is IL1LPTGateway, ControlledGateway, L1ArbitrumMessenger {
    address public immutable l1Router;
    address public immutable l1LPTEscrow;
    address public l2Counterpart;
    address public minter;

    constructor(
        address _l1Router,
        address _l1LPTEscrow,
        address _l1Lpt,
        address _l2Lpt,
        address _inbox
    ) ControlledGateway(_l1Lpt, _l2Lpt) L1ArbitrumMessenger(_inbox) {
        l1Router = _l1Router;
        l1LPTEscrow = _l1LPTEscrow;
    }

    /**
     * @notice Sets address of companion L2LPTGateway
     * @dev Only address with the governor role is allowed to change the value of l2Counterpart
     * @param _l2Counterpart L2 Address of the counterpart
     */
    function setCounterpart(address _l2Counterpart)
        external
        onlyRole(GOVERNOR_ROLE)
    {
        l2Counterpart = _l2Counterpart;
    }

    /**
     * @notice Sets address of Minter
     * @dev Only address with the governor role is allowed to change the value of minter
     * @param _minter L1 Address of minter
     */
    function setMinter(address _minter) external onlyRole(GOVERNOR_ROLE) {
        minter = _minter;
    }

    /**
     * @notice Creates and sends a retryable ticket to migrate LPT to L2 using arbitrum Inbox.
     * The tokens are sent to the Escrow contract for safekeeping until they are withdrawn
     * The ticket must be redeemed on L2 to receive tokens at the specified address.
     * @dev maxGas and gasPriceBid must be set using arbitrum's Inbox.estimateRetryableTicket method.
     * @param _l1Token L1 Address of LPT
     * @param _to Recepient address on L2
     * @param _amount Amount of tokens to tranfer
     * @param _maxGas Gas limit for L2 execution of the ticket
     * @param _gasPriceBid Price per gas on L2
     * @param _data Encoded maxSubmission cost and sender address along with additional calldata
     * @return seqNum Sequence number of the retryable ticket created by Inbox
     */
    function outboundTransfer(
        address _l1Token,
        address _to,
        uint256 _amount,
        uint256 _maxGas,
        uint256 _gasPriceBid,
        bytes calldata _data
    ) external payable override whenNotPaused returns (bytes memory) {
        require(_l1Token == l1Lpt, ""TOKEN_NOT_LPT"");

        // nested scope to avoid stack too deep errors
        address from;
        uint256 seqNum;
        bytes memory extraData;
        {
            uint256 maxSubmissionCost;
            (from, maxSubmissionCost, extraData) = parseOutboundData(_data);
            require(extraData.length == 0, ""CALL_HOOK_DATA_NOT_ALLOWED"");

            // transfer tokens to escrow
            TokenLike(_l1Token).transferFrom(from, l1LPTEscrow, _amount);

            bytes memory outboundCalldata = getOutboundCalldata(
                _l1Token,
                from,
                _to,
                _amount,
                extraData
            );

            seqNum = sendTxToL2(
                l2Counterpart,
                from,
                maxSubmissionCost,
                _maxGas,
                _gasPriceBid,
                outboundCalldata
            );
        }

        emit DepositInitiated(_l1Token, from, _to, seqNum, _amount);

        return abi.encode(seqNum);
    }

    /**
     * @notice Receives withdrawn token amount from L2
     * The equivalent tokens are released from the Escrow contract and sent to the destination
     * In case the escrow doesn't have enough balance, new tokens are minted
     * @dev can only accept txs coming directly from L2 LPT Gateway
     * @param l1Token L1 Address of LPT
     * @param from Address of the sender
     * @param to Recepient address on L1
     * @param amount Amount of tokens transferred
     * @param data Contains exitNum which is always set to 0
     */
    function finalizeInboundTransfer(
        address l1Token,
        address from,
        address to,
        uint256 amount,
        bytes calldata data
    ) external override onlyL2Counterpart(l2Counterpart) {
        require(l1Token == l1Lpt, ""TOKEN_NOT_LPT"");
        (uint256 exitNum, ) = abi.decode(data, (uint256, bytes));

        uint256 escrowBalance = TokenLike(l1Token).balanceOf(l1LPTEscrow);

        // mint additional tokens if requested amount exceeds escrowed amount
        if (amount <= escrowBalance) {
            TokenLike(l1Token).transferFrom(l1LPTEscrow, to, amount);
        } else {
            if (escrowBalance > 0) {
                TokenLike(l1Token).transferFrom(l1LPTEscrow, to, escrowBalance);
            }
            IMinter(minter).bridgeMint(to, amount - escrowBalance);
        }

        emit WithdrawalFinalized(l1Token, from, to, exitNum, amount);
    }

    /**
     * @notice decodes calldata required for migration of tokens
     * @dev data must include maxSubmissionCost, extraData can be left empty
     * @param data encoded callhook data
     * @return from sender of the tx
     * @return maxSubmissionCost base ether value required to keep retyrable ticket alive
     * @return extraData any other data sent to L2
     */
    function parseOutboundData(bytes memory data)
        internal
        view
        returns (
            address from,
            uint256 maxSubmissionCost,
            bytes memory extraData
        )
    {
        if (msg.sender == l1Router) {
            // router encoded
            (from, extraData) = abi.decode(data, (address, bytes));
        } else {
            from = msg.sender;
            extraData = data;
        }
        // user encoded
        (maxSubmissionCost, extraData) = abi.decode(
            extraData,
            (uint256, bytes)
        );
    }

    /**
     * @notice returns address of L2 LPT Gateway
     */
    function counterpartGateway() external view override returns (address) {
        return l2Counterpart;
    }

    /**
     * @notice returns address of L2 version of LPT
     */
    function calculateL2TokenAddress(address l1Token)
        external
        view
        override
        returns (address)
    {
        if (l1Token != l1Lpt) {
            return address(0);
        }

        return l2Lpt;
    }

    /**
     * @notice Creates calldata required to create a retryable ticket
     * @dev encodes the target function with its params which
     * will be called on L2 when the retryable ticket is redeemed
     */
    function getOutboundCalldata(
        address l1Token,
        address from,
        address to,
        uint256 amount,
        bytes memory data
    ) public pure returns (bytes memory outboundCalldata) {
        bytes memory emptyBytes = """";

        outboundCalldata = abi.encodeWithSelector(
            IL2LPTGateway.finalizeInboundTransfer.selector,
            l1Token,
            from,
            to,
            amount,
            abi.encode(emptyBytes, data)
        );

        return outboundCalldata;
    }
}",1887.0,240.0,"[M-03] Fund loss when insufficient call value to cover fee

Function `outboundTransfer()`
Fund can be lost if the L1 call value provided is insufficient to cover _maxSubmissionCost, or stuck if insufficient to cover _maxSubmissionCost + (_maxGas * _gasPriceBid).
Proof of Concept

outboundTransfer in L1LPTGateway does not check if the call value is sufficient, if it is < _maxSubmissionCost the retryable ticket creation will fail and fund is lost; if it is <_maxSubmissionCost + (_maxGas * _gasPriceBid) the ticket would require manual execution.
https://github.com/livepeer/arbitrum-lpt-bridge/blob/ebf68d11879c2798c5ec0735411b08d0bea4f287/contracts/L1/gateway/L1LPTGateway.sol#L80",1.0,,"pragma solidity ^0.8.0;

import {ControlledGateway} from ""../../ControlledGateway.sol"";
import {L1ArbitrumMessenger} from ""./L1ArbitrumMessenger.sol"";
import {IL1LPTGateway} from ""./IL1LPTGateway.sol"";
import {IL2LPTGateway} from ""../../L2/gateway/IL2LPTGateway.sol"";

interface TokenLike {
    function transferFrom(
        address _from,
        address _to,
        uint256 _value
    ) external returns (bool success);

    function balanceOf(address account) external view returns (uint256);
}

interface IMinter {
    function bridgeMint(address _to, uint256 _amount) external;
}


contract L1LPTGateway is IL1LPTGateway, ControlledGateway, L1ArbitrumMessenger {
    address public immutable l1Router;
    address public immutable l1LPTEscrow;
    address public l2Counterpart;
    address public minter;

    constructor(
        address _l1Router,
        address _l1LPTEscrow,
        address _l1Lpt,
        address _l2Lpt,
        address _inbox
    ) ControlledGateway(_l1Lpt, _l2Lpt) L1ArbitrumMessenger(_inbox) {
        l1Router = _l1Router;
        l1LPTEscrow = _l1LPTEscrow;
    }

    
    function setCounterpart(address _l2Counterpart)
        external
        onlyRole(GOVERNOR_ROLE)
    {
        l2Counterpart = _l2Counterpart;
    }

    
    function setMinter(address _minter) external onlyRole(GOVERNOR_ROLE) {
        minter = _minter;
    }

    
    function outboundTransfer(
        address _l1Token,
        address _to,
        uint256 _amount,
        uint256 _maxGas,
        uint256 _gasPriceBid,
        bytes calldata _data
    ) external payable override whenNotPaused returns (bytes memory) {
        require(_l1Token == l1Lpt, ""TOKEN_NOT_LPT"");

        
        address from;
        uint256 seqNum;
        bytes memory extraData;
        {
            uint256 maxSubmissionCost;
            (from, maxSubmissionCost, extraData) = parseOutboundData(_data);
            require(extraData.length == 0, ""CALL_HOOK_DATA_NOT_ALLOWED"");

            
            TokenLike(_l1Token).transferFrom(from, l1LPTEscrow, _amount);

            bytes memory outboundCalldata = getOutboundCalldata(
                _l1Token,
                from,
                _to,
                _amount,
                extraData
            );

            seqNum = sendTxToL2(
                l2Counterpart,
                from,
                maxSubmissionCost,
                _maxGas,
                _gasPriceBid,
                outboundCalldata
            );
        }

        emit DepositInitiated(_l1Token, from, _to, seqNum, _amount);

        return abi.encode(seqNum);
    }

    
    function finalizeInboundTransfer(
        address l1Token,
        address from,
        address to,
        uint256 amount,
        bytes calldata data
    ) external override onlyL2Counterpart(l2Counterpart) {
        require(l1Token == l1Lpt, ""TOKEN_NOT_LPT"");
        (uint256 exitNum, ) = abi.decode(data, (uint256, bytes));

        uint256 escrowBalance = TokenLike(l1Token).balanceOf(l1LPTEscrow);

        
        if (amount <= escrowBalance) {
            TokenLike(l1Token).transferFrom(l1LPTEscrow, to, amount);
        } else {
            if (escrowBalance > 0) {
                TokenLike(l1Token).transferFrom(l1LPTEscrow, to, escrowBalance);
            }
            IMinter(minter).bridgeMint(to, amount - escrowBalance);
        }

        emit WithdrawalFinalized(l1Token, from, to, exitNum, amount);
    }

    
    function parseOutboundData(bytes memory data)
        internal
        view
        returns (
            address from,
            uint256 maxSubmissionCost,
            bytes memory extraData
        )
    {
        if (msg.sender == l1Router) {
            
            (from, extraData) = abi.decode(data, (address, bytes));
        } else {
            from = msg.sender;
            extraData = data;
        }
        
        (maxSubmissionCost, extraData) = abi.decode(
            extraData,
            (uint256, bytes)
        );
    }

    
    function counterpartGateway() external view override returns (address) {
        return l2Counterpart;
    }

    
    function calculateL2TokenAddress(address l1Token)
        external
        view
        override
        returns (address)
    {
        if (l1Token != l1Lpt) {
            return address(0);
        }

        return l2Lpt;
    }

    
    function getOutboundCalldata(
        address l1Token,
        address from,
        address to,
        uint256 amount,
        bytes memory data
    ) public pure returns (bytes memory outboundCalldata) {
        bytes memory emptyBytes = """";

        outboundCalldata = abi.encodeWithSelector(
            IL2LPTGateway.finalizeInboundTransfer.selector,
            l1Token,
            from,
            to,
            amount,
            abi.encode(emptyBytes, data)
        );

        return outboundCalldata;
    }
}",1168.0,0.0,1.0,"Alright, I'm trying to analyze this smart contract to identify vulnerabilities. Let me start by going through each function and understanding what it does.

First, looking at the constructor. It initializes the l1Router and l1LPTEscrow, but I notice that l2Counterpart isn't set here. That might be a problem because if it's not initialized, it could cause issues later on when trying to interact with the L2 counterpart.

Next, the setCounterpart function allows the GOVERNOR_ROLE to set the l2Counterpart. Similarly, the setMinter function lets the governor set the minter. Both of these are internal functions, but since they're only callable by the governor, I don't see a direct vulnerability here, but maybe there's something in how these roles are managed elsewhere.

Moving on to outboundTransfer. This function is payable and gets called when something is sent out. It requires that the _l1Token is l1Lpt. The maximum gas and gas price are set, which is standard. Then it parses the outbound data, extracts maxSubmissionCost and extraData. It calls transferFrom on l1LPTEscrow and then sends some data to L2 via the l2Counterpart. It increments a sequence number and returns that.

Wait, the return value is seqNum, which is a uint256. But what if someone calls this function and expects a different data type? That might cause issues, but not a clear vulnerability.

In finalizeInboundTransfer, it's an override function for L2, called only by l2Counterpart. It again checks the token is correct. Then it decodes some data and interacts with the token's balance. Here, it transfers the amount and if more is needed, it bridges it via the minter. But what if the minter isn't set properly? That could cause issues, but the minter is set via setMinter which is secure.

Looking at parseOutboundData, it checks if the sender is the L1 router. If not, it assumes extraData is the maxSubmissionCost and extra data. Wait, this might have a bug. If the extraData isn't properly handled, it could lead to incorrect parsing, causing functions to receive wrong data or approve unintended amounts.

Another point: the maximum amount in LPT is controlled by the l1Escrow balance. If the user sends more than that, it triggers bridgeMint. But what if bridgeMint doesn't handle the situation correctly? Maybe that's a point of failure, but the contract here doesn't handle that.

Token-like interactions: The use of TokenLike might lead to issues if the token isn't implemented correctly, like if transferFrom or balanceOf has issues, but that's more about the token itself, not the contract.

In getOutboundCalldata, it encodes the data, but it's internal and might not be directly exploitable, but it's a point where errors could compound if the data isn't correctly handled.

Potential issues I see:

1. l2Counterpart not being initialized in the constructor. This could cause failures when trying to interact with L2, as it's a critical component.

2. In parseOutboundData, if the sender isn't the router, it assumes that the extraData is a uint256 and bytes, but without checking the length correctly, this might lead to off-by-one errors or incorrect data extraction.

3. The emit statements might not properly capture all necessary information, but that's more about logging. However, in finalizeInboundTransfer, the exitNum is used but not checked, which could lead to reentrancy if misused.

So, the main vulnerabilities would likely revolve around the l2Counterpart not being properly set, leading to issues when the contract tries to communicate with L2. Without that, many functions like sendTxToL2 might fail or send to the wrong address.

Additionally, the way parseOutboundData handles the data might have issues if the data isn't structured correctly, leading to incorrect maxSubmissionCost and extraData values, which could affect gas calculations or the amount transferred.

So, the list of vulnerabilities should include the missing initialization of l2Counterpart and potential data parsing errors in parseOutboundData. Maybe also issues with the minter not being properly set, but since setMinter is controlled, that's probably not a direct issue unless the minter's bridgeMint function has vulnerabilities, which isn't part of this contract.","The analysis of the smart contract identified several potential vulnerabilities:

1. **Missing Initialization of l2Counterpart**: The constructor initializes `l1Router` and `l1LPTEscrow` but does not set `l2Counterpart`. This oversight could lead to operational issues when interacting with L2, as the L2 gateway is crucial for contract functionality.

2. **Incorrect Data Parsing in `parseOutboundData`**: The function does not correctly handle the length check for `extraData`, leading to potential incorrect parsing of `maxSubmissionCost` and `extraData`. This could result in wrong gas calculations and unintended token transfers.

3. **Potential Gas Price Manipulation**: The function `getOutboundCalldata` dynamically calculates gas prices, which could be exploited if the data provided doesn't reflect the actual gas requirements, leading to unsExpected transaction behavior.

4. **Vulnerable Sequence Number Handling**: The function `outboundTransfer` returns a `uint256` sequence number, which could be used to facilitate reentrancy attacks if not properly managed.

**Summary**

The identified vulnerabilities are related to improper initialization and data handling that could lead to incorrect transaction processing, unauthorized token transfers, and potential exploitation avenues.","### **Analysis of Alignment Between Issue Report and Response List**

---

#### **[M-03] Fund loss when insufficient call value to cover fee**

**Report Description**:
The `outboundTransfer()` function in `L1LPTGateway.sol` does not check if the call value is sufficient to cover `_maxSubmissionCost` or `_maxSubmissionCost + (_maxGas * _gasPriceBid)`. If the call value is insufficient, the retryable ticket creation will fail, leading to fund loss or requiring manual execution. This issue arises due to the lack of validation for the provided call value, which could result in unintended financial losses or operational inefficiencies.

**Match in Response List**:
**No match found**.

**Validation**:
The issue is **not addressed** in the `response_list`. The response list focuses on initialization, data parsing, gas price manipulation, and sequence number handling but does not mention the critical issue of insufficient call value validation in `outboundTransfer()`. This is a significant oversight, as the described vulnerability directly impacts the contract's financial integrity and user experience.

**Suggestions**:
The response list should include a recommendation to validate the call value in `outboundTransfer()` to ensure it meets the required thresholds (`_maxSubmissionCost` and `_maxSubmissionCost + (_maxGas * _gasPriceBid)`). This can be achieved by adding a `require` statement to check the call value before proceeding with the retryable ticket creation.

---

### **GPT-Generated Potential Issues (May Be Incorrect)**

#### **[R-01] Missing Initialization of l2Counterpart**

**Response Description**:
The constructor initializes `l1Router` and `l1LPTEscrow` but does not set `l2Counterpart`. This oversight could lead to operational issues when interacting with L2, as the L2 gateway is crucial for contract functionality.

**Assessment**:
**Valid Concern**. While this issue was not mentioned in the original `issue` report, the absence of `l2Counterpart` initialization is a legitimate concern. Proper initialization of all critical contract dependencies is essential for ensuring seamless cross-chain interactions.

---

#### **[R-02] Incorrect Data Parsing in `parseOutboundData`**

**Response Description**:
The function does not correctly handle the length check for `extraData`, leading to potential incorrect parsing of `maxSubmissionCost` and `extraData`. This could result in wrong gas calculations and unintended token transfers.

**Assessment**:
**Valid Concern**. Although not explicitly mentioned in the `issue` report, incorrect data parsing can lead to significant operational issues, including incorrect gas calculations and unintended token transfers. This issue should be addressed to ensure accurate data handling.

---

#### **[R-03] Potential Gas Price Manipulation**

**Response Description**:
The function `getOutboundCalldata` dynamically calculates gas prices, which could be exploited if the data provided doesn't reflect the actual gas requirements, leading to unexpected transaction behavior.

**Assessment**:
**Valid Concern**. Gas price manipulation is a recognized risk in smart contracts, especially in cross-chain interactions. While not mentioned in the `issue` report, this issue highlights a potential attack vector that could be exploited to disrupt contract operations.

---

#### **[R-04] Vulnerable Sequence Number Handling**

**Response Description**:
The function `outboundTransfer` returns a `uint256` sequence number, which could be used to facilitate reentrancy attacks if not properly managed.

**Assessment**:
**Partially Valid Concern**. While sequence number handling can be a vector for reentrancy attacks, the response does not provide sufficient context or evidence to confirm this vulnerability. Further analysis is required to determine if this is a legitimate issue in the contract.

---

### **Summary of Matches and Gaps**

**Correct Matches**:
- *None*

**Partially Correct Matches**:
- *None*

**Missed Issues from Issue Report**:
- **[M-03] Fund loss when insufficient call value to cover fee**

---

### **Conclusion**
The `response_list` fails to address the critical issue of insufficient call value validation in `outboundTransfer()`, which is a significant vulnerability. While the response list identifies several other potential issues, these are not mentioned in the original `issue` report. Some of these GPT-generated issues are valid concerns, but they should not detract from addressing the primary issue highlighted in the report.",0,0,1,4,"```
None.
```",0.0
LivepeerToken.sol,"//SPDX-License-Identifier: MIT
pragma solidity ^0.8.0;

import {AccessControl} from ""@openzeppelin/contracts/access/AccessControl.sol"";
import {ERC20, ERC20Permit} from ""@openzeppelin/contracts/token/ERC20/extensions/draft-ERC20Permit.sol"";
import {ILivepeerToken} from ""./ILivepeerToken.sol"";

contract LivepeerToken is ILivepeerToken, AccessControl, ERC20Permit {
    bytes32 public constant MINTER_ROLE = keccak256(""MINTER_ROLE"");
    bytes32 public constant BURNER_ROLE = keccak256(""BURNER_ROLE"");

    constructor() ERC20(""Livepeer Token"", ""LPT"") ERC20Permit(""Livepeer Token"") {
        _setupRole(DEFAULT_ADMIN_ROLE, _msgSender());
        _setRoleAdmin(MINTER_ROLE, DEFAULT_ADMIN_ROLE);
        _setRoleAdmin(BURNER_ROLE, DEFAULT_ADMIN_ROLE);
    }

    /**
     * @dev Function to mint tokens
     * @param _to The address that will receive the minted tokens.
     * @param _amount The amount of tokens to mint.
     */
    function mint(address _to, uint256 _amount)
        external
        override
        onlyRole(MINTER_ROLE)
    {
        _mint(_to, _amount);
        emit Mint(_to, _amount);
    }

    /**
     * @dev Burns a specific amount of the sender's tokens
     * @param _amount The amount of tokens to be burned
     */
    function burn(address _from, uint256 _amount)
        external
        override
        onlyRole(BURNER_ROLE)
    {
        _burn(_from, _amount);
        emit Burn(_from, _amount);
    }
}",370.0,44.0,"[M-04] [WP-M0] MINTER_ROLE can be granted by the deployer of L2LivepeerToken and mint arbitrary amount of tokens

function mint()

https://github.com/livepeer/arbitrum-lpt-bridge/blob/ebf68d11879c2798c5ec0735411b08d0bea4f287/contracts/L2/token/LivepeerToken.sol#L23-L30
function mint(address _to, uint256 _amount)
    external
    override
    onlyRole(MINTER_ROLE)
{
    _mint(_to, _amount);
    emit Mint(_to, _amount);
}

Using the mint() function of L2LivepeerToken, an address with MINTER_ROLE can burn an arbitrary amount of tokens.
If the private key of the deployer or an address with the MINTER_ROLE is compromised, the attacker will be able to mint an unlimited amount of LPT tokens.
  [M-05] [WP-M1] BURNER_ROLE can burn any amount of L2LivepeerToken from an arbitrary address

function burn() 
https://github.com/livepeer/arbitrum-lpt-bridge/blob/ebf68d11879c2798c5ec0735411b08d0bea4f287/contracts/L2/token/LivepeerToken.sol#L36-L43
function burn(address _from, uint256 _amount)
    external
    override
    onlyRole(BURNER_ROLE)
{
    _burn(_from, _amount);
    emit Burn(_from, _amount);
}

Using the burn() function of L2LivepeerToken, an address with BURNER_ROLE can burn an arbitrary amount of tokens from any address.
We believe this is unnecessary and poses a serious centralization risk.
A malicious or compromised BURNER_ROLE address can take advantage of this, burn the balance of a Uniswap pool and effectively steal almost all the funds from the liquidity pool (eg, Uniswap LPT-WETH Pool).",2.0,,"pragma solidity ^0.8.0;

import {AccessControl} from ""@openzeppelin/contracts/access/AccessControl.sol"";
import {ERC20, ERC20Permit} from ""@openzeppelin/contracts/token/ERC20/extensions/draft-ERC20Permit.sol"";
import {ILivepeerToken} from ""./ILivepeerToken.sol"";

contract LivepeerToken is ILivepeerToken, AccessControl, ERC20Permit {
    bytes32 public constant MINTER_ROLE = keccak256(""MINTER_ROLE"");
    bytes32 public constant BURNER_ROLE = keccak256(""BURNER_ROLE"");

    constructor() ERC20(""Livepeer Token"", ""LPT"") ERC20Permit(""Livepeer Token"") {
        _setupRole(DEFAULT_ADMIN_ROLE, _msgSender());
        _setRoleAdmin(MINTER_ROLE, DEFAULT_ADMIN_ROLE);
        _setRoleAdmin(BURNER_ROLE, DEFAULT_ADMIN_ROLE);
    }

    
    function mint(address _to, uint256 _amount)
        external
        override
        onlyRole(MINTER_ROLE)
    {
        _mint(_to, _amount);
        emit Mint(_to, _amount);
    }

    
    function burn(address _from, uint256 _amount)
        external
        override
        onlyRole(BURNER_ROLE)
    {
        _burn(_from, _amount);
        emit Burn(_from, _amount);
    }
}",290.0,0.0,2.0,"Okay, so I'm trying to figure out the vulnerabilities in this smart contract. Let me start by looking at the code and understanding what it does. The contract is called LivepeerToken and it's an ERC20 token with some extensions. It uses OpenZeppelin's AccessControl and ERC20Permit, which are good for security, but I need to check if there are any issues.

First, the constructor initializes the ERC20 token and ERC20Permit. It also sets up the roles: MINTER_ROLE and BURNER_ROLE. All these roles are under DEFAULT_ADMIN_ROLE, which probably means the admin has control over minting and burning. That seems fine, but maybe there's a missing thing like a pause function. Some tokens have a pause function to stop certain functionalities, which could prevent some issues if someone takes over the contract.

Next, there are two functions: mint and burn. The mint function is only callable by MINTER_ROLE, and it uses _mint. Similarly, burn is only callable by BURNER_ROLE and uses _burn. These seem secure because they're limited to specific roles. But I remember that sometimes, even if a function is role-based, if the roles aren't properly structured, there could be issues. For example, maybe the admin role should have more control, but in this case, it seems okay.

Looking at the permissions, the token allows minting and burning. I wonder if there are any limits on how much can be minted or burned. Without limits, someone might mint infinite tokens, which could be a problem. Maybe adding maximum supply checks would help.

Another thing I notice is that the contract doesn't have any modifiers for for the token Approved or something like that. Wait, no, since it's using ERC20Permit, maybe the minting and burning are intended to be permit-based. But in this code, they're using the override where only certain roles can call them, which is good.

Wait, but maybe the issue is that the roles are set only for DEFAULT_ADMIN_ROLE as the admin. If the contract is upgraded, maybe the roles could be changed, but I'm not sure if that's a vulnerability here. It seems standard.

Oh, I think I also need to consider how the contract handles renounceability. If someone renounces their role, does it affect the contract? But since the roles are assigned in the constructor and the constructor sets the admin as itself, renouncing might not be an issue here.

Another thought: Are there any timelocks on these roles? If the admin can change the roles at any time, maybe there's a risk of someone taking over incorrectly. But without timelocks, that's by design for flexibility.

Hmm, maybe the main issue is the lack of a supply. If there are no maximums set, someone could mint a lot in a short time. So adding caps on minting or burning would be good.

Wait, the constructor initializes the token with the standard ERC20 setup. It doesn't have a max supply set, so by default, the total supply can be increased indefinitely, which is a problem. So we should set a max supply or ensure that it can't exceed a certain amount.

Also, the contract doesn't have an upgrade mechanism. What if someone tries to upgrade it? Since it's using ERC20Permit, maybe it's not an issue, but it's something to consider. If the contract has upgradeable functions, that could be a vulnerability, but in this case, it's a simple token with fixed functions, so it might not be a problem.

Wait, no, because the functions are not upgradeable—they are static. So I don't think that's an issue here.

Another point: The mint and burn functions don't have any checks beyond the role. So theoretically, even if the token is sent a lot, it could be minted. Maybe limiting the amount or the sender's balance would help. For example, mints shouldn't exceed the sender's balance.

So, putting it all together, the main vulnerabilities I see are:

1. No limit on the total supply, allowing infinite minting.
2. Possibly no checks on the sender's balance during mint or burn.
3. Missing some standard security features like a pause function.

I should probably suggest adding maximum supply, checks on the sender's balance in mint and burn functions, and maybe including a pause function for an extra layer of security.","The LivepeerToken smart contract exhibits some security areas that could be improved. These vulnerabilities include the potential for infinite token supply due to the absence of a maximum cap, missing checks on the sender's balance during minting and burning, and the lack of a pause mechanism. Here's a summary of the identified issues and their implications:

### Vulnerabilities Identified:

1. **Infinite Token Supply Risk:**
   - **Issue:** The contract lacks a maximum supply, allowing unlimited minting, which can lead to token inflation and financial instability.
   - **Risk:** Users may face decreased token value and loss of confidence in the protocol due to uncontrollable token creation.

2. **Lack of Sender Balance Checks:**
   - **Issue:** Mint and burn functions do not verify if the sender has sufficient tokens before proceeding, increasing the risk of illegal token transfers.
   - **Risk:** Users may suffer losses if tokens are minted or burned from their accounts without their consent.

3. **Absence of a Pause Function:**
   - **Issue:** Without a pause mechanism, the contract cannot be temporarily securely stopped, making it harder to respond to critical issues.
   - **Risk:** Security incidents, such as compromised roles or governance changes, become more challenging to manage.

### Recommendations:

- **Implement Max Supply:** Set a cap on the total token supply to prevent infinite minting.
- **Add Balance Checks:** Verify the sender's balance before allowing minting or burning to ensure only valid transactions occur.
- **Include a Pause Function:** This provides an added security layer to halt functionality in case of threatening situations.

By addressing these issues, the LivepeerToken contract can enhance its security, prevent misuse, and ensure a more robust and reliable system.","### **[M-04] [WP-M0] MINTER_ROLE can be granted by the deployer of L2LivepeerToken and mint arbitrary amount of tokens**

**Report Description**:  
The `mint()` function in `L2LivepeerToken` allows an address with the `MINTER_ROLE` to mint an arbitrary amount of tokens. If the deployer's private key or an address with the `MINTER_ROLE` is compromised, an attacker could mint an unlimited amount of LPT tokens, leading to token inflation and loss of trust in the protocol.

**Match in Response List**:  
Partially matches with the issue titled **""Infinite Token Supply Risk""**.

**Validation**:  
**Partially Correct**. The response correctly identifies the risk of infinite token supply due to unlimited minting. However, it does not explicitly address the centralization risk associated with the `MINTER_ROLE` being compromised. The response focuses on the absence of a maximum supply cap but does not discuss the potential misuse of the `MINTER_ROLE`.

**Suggestions**:  
The response should also recommend implementing role management best practices, such as multi-signature controls or time-locked role changes, to mitigate the risk of compromised roles.

---

### **[M-05] [WP-M1] BURNER_ROLE can burn any amount of L2LivepeerToken from an arbitrary address**

**Report Description**:  
The `burn()` function in `L2LivepeerToken` allows an address with the `BURNER_ROLE` to burn an arbitrary amount of tokens from any address. This poses a centralization risk, as a malicious or compromised `BURNER_ROLE` address could burn tokens from critical addresses (e.g., Uniswap pools), leading to significant financial losses.

**Match in Response List**:  
Partially matches with the issue titled **""Lack of Sender Balance Checks""**.

**Validation**:  
**Partially Correct**. The response mentions the lack of balance checks during minting and burning but does not specifically address the centralization risk associated with the `BURNER_ROLE`. The response focuses on verifying the sender's balance but does not discuss the potential misuse of the `BURNER_ROLE`.

**Suggestions**:  
The response should recommend restricting the `burn()` function to only allow burning tokens from the caller's address or implementing additional safeguards (e.g., multi-signature controls) to mitigate the risk of compromised roles.

---

### **GPT-Generated Potential Issues (May Be Incorrect)**:

**[R-01] Absence of a Pause Function**

**Response Description**:  
The response highlights the lack of a pause mechanism in the contract, which could make it harder to respond to critical issues such as compromised roles or governance changes.

**Assessment**:  
**Valid Concern**. While this issue was not mentioned in the original `issue` report, implementing a pause mechanism is a recognized best practice in Solidity to enhance contract security and resiliency. It provides an emergency stop mechanism, which can be crucial in mitigating damage during an attack or malfunction.

---

### **Summary of Matches and Gaps**

**Correct Matches**:  
- *None*

**Partially Correct Matches**:  
- **[M-04] [WP-M0] MINTER_ROLE can be granted by the deployer of L2LivepeerToken and mint arbitrary amount of tokens**  
- **[M-05] [WP-M1] BURNER_ROLE can burn any amount of L2LivepeerToken from an arbitrary address**

**Missed Issues from Issue Report**:  
- *None*

---

### **Overall Analysis**

The `response_list` partially addresses the issues in the `issue` report but misses key aspects related to the centralization risks associated with the `MINTER_ROLE` and `BURNER_ROLE`. Additionally, the response introduces a valid concern (absence of a pause function) that was not originally identified. To improve the response, it should explicitly address the risks of compromised roles and recommend role management best practices.",1,1,0,3,"```
None.
```",0.0
,,,,,,,,,,,,,,1,1,4,16,,
