nameid,code,tokens,loc,issue,vulnumber,Unnamed: 6,code_snippet,processtokens,high_severity_count,medium_severity_count,Findings,Comparison,Correct Matches,Partially Correct,Missed,GPT-generated,Reasoning_Content,matchList,MAP
YaxisVaultAdapter.sol,"// SPDX-License-Identifier: GPL-3.0
pragma solidity ^0.6.12;
pragma experimental ABIEncoderV2;

import 'hardhat/console.sol';

import {SafeERC20} from '@openzeppelin/contracts/token/ERC20/SafeERC20.sol';
import {SafeMath} from '@openzeppelin/contracts/math/SafeMath.sol';

import {FixedPointMath} from '../libraries/FixedPointMath.sol';
import {IDetailedERC20} from '../interfaces/IDetailedERC20.sol';
import {IVaultAdapter} from '../interfaces/IVaultAdapter.sol';
import {IVault} from '../../interfaces/IVault.sol';

/// @title YaxisVaultAdapter
///
/// @dev A vault adapter implementation which wraps a yAxis vault.
contract YaxisVaultAdapter is IVaultAdapter {
    using FixedPointMath for FixedPointMath.FixedDecimal;
    using SafeERC20 for IDetailedERC20;
    using SafeMath for uint256;

    /// @dev The vault that the adapter is wrapping.
    IVault public vault;

    /// @dev The address which has admin control over this contract.
    address public admin;

    constructor(IVault _vault, address _admin) public {
        vault = _vault;
        admin = _admin;
        updateApproval();
    }

    /// @dev A modifier which reverts if the caller is not the admin.
    modifier onlyAdmin() {
        require(admin == msg.sender, 'YaxisVaultAdapter: only admin');
        _;
    }

    /// @dev Gets the token that the vault accepts.
    ///
    /// @return the accepted token.
    function token() external view override returns (IDetailedERC20) {
        return IDetailedERC20(vault.getToken());
    }

    /// @dev Gets the total value of the assets that the adapter holds in the vault.
    ///
    /// @return the total assets.
    function totalValue() external view override returns (uint256) {
        return _sharesToTokens(IDetailedERC20(vault.getLPToken()).balanceOf(address(this)));
    }

    /// @dev Deposits tokens into the vault.
    ///
    /// @param _amount the amount of tokens to deposit into the vault.
    function deposit(uint256 _amount) external override {
        vault.deposit(_amount);
    }

    /// @dev Withdraws tokens from the vault to the recipient.
    ///
    /// This function reverts if the caller is not the admin.
    ///
    /// @param _recipient the account to withdraw the tokes to.
    /// @param _amount    the amount of tokens to withdraw.
    function withdraw(address _recipient, uint256 _amount) external override onlyAdmin {
        vault.withdraw(_tokensToShares(_amount));
        address _token = vault.getToken();
        IDetailedERC20(_token).safeTransfer(_recipient, _amount);
    }

    /// @dev Updates the vaults approval of the token to be the maximum value.
    function updateApproval() public {
        address _token = vault.getToken();
        IDetailedERC20(_token).safeApprove(address(vault), uint256(-1));
    }

    /// @dev Computes the number of tokens an amount of shares is worth.
    ///
    /// @param _sharesAmount the amount of shares.
    ///
    /// @return the number of tokens the shares are worth.

    function _sharesToTokens(uint256 _sharesAmount) internal view returns (uint256) {
        return _sharesAmount.mul(vault.getPricePerFullShare()).div(1e18);
    }

    /// @dev Computes the number of shares an amount of tokens is worth.
    ///
    /// @param _tokensAmount the amount of shares.
    ///
    /// @return the number of shares the tokens are worth.
    function _tokensToShares(uint256 _tokensAmount) internal view returns (uint256) {
        return _tokensAmount.mul(1e18).div(vault.getPricePerFullShare());
    }
}",820,98,"[H-01] YaxisVaultAdapter.sol#withdraw() will most certainly fail
The actual token withdrawn from `vault.withdraw()` will most certainly less than the `_amount`, due to precision loss in `_tokensToShares()` and `vault.withdraw()`.
As a result, `IDetailedERC20(_token).safeTransfer(_recipient, _amount)` will revert due to insufficant balance.
Based on the simulation we ran, it will fail 99.99% of the time unless the `pps == 1e18`.
function withdraw(address _recipient, uint256 _amount) external override onlyAdmin {
    vault.withdraw(_tokensToShares(_amount));
    address _token = vault.getToken();
    IDetailedERC20(_token).safeTransfer(_recipient, _amount);
}",1,,"pragma solidity ^0.6.12;
pragma experimental ABIEncoderV2;

import 'hardhat/console.sol';

import {SafeERC20} from '@openzeppelin/contracts/token/ERC20/SafeERC20.sol';
import {SafeMath} from '@openzeppelin/contracts/math/SafeMath.sol';

import {FixedPointMath} from '../libraries/FixedPointMath.sol';
import {IDetailedERC20} from '../interfaces/IDetailedERC20.sol';
import {IVaultAdapter} from '../interfaces/IVaultAdapter.sol';
import {IVault} from '../../interfaces/IVault.sol';




contract YaxisVaultAdapter is IVaultAdapter {
    using FixedPointMath for FixedPointMath.FixedDecimal;
    using SafeERC20 for IDetailedERC20;
    using SafeMath for uint256;

    
    IVault public vault;

    
    address public admin;

    constructor(IVault _vault, address _admin) public {
        vault = _vault;
        admin = _admin;
        updateApproval();
    }

    
    modifier onlyAdmin() {
        require(admin == msg.sender, 'YaxisVaultAdapter: only admin');
        _;
    }

    
    
    
    function token() external view override returns (IDetailedERC20) {
        return IDetailedERC20(vault.getToken());
    }

    
    
    
    function totalValue() external view override returns (uint256) {
        return _sharesToTokens(IDetailedERC20(vault.getLPToken()).balanceOf(address(this)));
    }

    
    
    
    function deposit(uint256 _amount) external override {
        vault.deposit(_amount);
    }

    
    
    
    
    
    
    function withdraw(address _recipient, uint256 _amount) external override onlyAdmin {
        vault.withdraw(_tokensToShares(_amount));
        address _token = vault.getToken();
        IDetailedERC20(_token).safeTransfer(_recipient, _amount);
    }

    
    function updateApproval() public {
        address _token = vault.getToken();
        IDetailedERC20(_token).safeApprove(address(vault), uint256(-1));
    }

    
    
    
    
    

    function _sharesToTokens(uint256 _sharesAmount) internal view returns (uint256) {
        return _sharesAmount.mul(vault.getPricePerFullShare()).div(1e18);
    }

    
    
    
    
    
    function _tokensToShares(uint256 _tokensAmount) internal view returns (uint256) {
        return _tokensAmount.mul(1e18).div(vault.getPricePerFullShare());
    }
}",509,1,0,"Here is a list of vulnerabilities identified in the provided smart contract:

1. **Incorrect Token Amount Withdrawal Due to Rounding Errors**  
   - **Location**: `withdraw` function and `_tokensToShares` calculation.  
   - **Impact**: Converting tokens to shares via `_tokensToShares` may round down, resulting in fewer shares being withdrawn than needed. This can cause the actual tokens received from the vault to be less than `_amount`, leading to a failed `safeTransfer` and transaction revert. Admins may be unable to withdraw the intended amount, potentially locking funds.

2. **Unrestricted Access to `deposit` Function**  
   - **Location**: `deposit` function (no access control).  
   - **Impact**: Any external user can call `deposit`, depositing tokens held by the adapter into the vault. If the adapter holds tokens managed by other privileged components, this could lead to unauthorized vault deposits and disrupt system operations.

3. **Reentrancy Risk in `withdraw`**  
   - **Location**: External call to `vault.withdraw` followed by `safeTransfer`.  
   - **Impact**: The `vault.withdraw` call could theoretically re-enter the contract if the vault is malicious. While mitigated by `onlyAdmin`, a compromised vault might exploit reentrancy before state changes are finalized.

4. **Unlimited Token Approval to Vault**  
   - **Location**: `updateApproval` sets `uint256(-1)` allowance.  
   - **Impact**: If the vault is compromised or behaves maliciously, it could drain all tokens approved by the adapter. The risk depends on the trustworthiness of the immutable `vault` address.

5. **Division by Zero in `_tokensToShares`**  
   - **Location**: `vault.getPricePerFullShare()` returning zero.  
   - **Impact**: SafeMath division would revert, causing denial-of-service (DoS) in withdrawals if the vault’s price per share drops to zero. This depends on external vault behavior.

6. **Outdated Compiler Version (0.6.12)**  
   - **Impact**: Older compiler versions may lack security fixes and features present in newer versions (e.g., Solidity 0.8.x’s built-in overflow checks), increasing the risk of undetected issues.

7. **Use of Deprecated `uint256(-1)` for Unlimited Approval**  
   - **Location**: `updateApproval` function.  
   - **Impact**: While functionally equivalent to `type(uint256).max`, this pattern is outdated and could reduce code readability/maintainability.","---

**[H-01] YaxisVaultAdapter.sol#withdraw() will most certainly fail**

**Report Description**:  
The `withdraw` function in `YaxisVaultAdapter.sol` is likely to fail due to precision loss in the `_tokensToShares` calculation and the `vault.withdraw` operation. This results in fewer tokens being withdrawn from the vault than the specified `_amount`. Consequently, the `safeTransfer` call to transfer `_amount` to the recipient will revert due to insufficient balance. Based on simulations, this failure occurs 99.99% of the time unless the price per share (`pps`) equals `1e18`.

**Match in Response List**:  
Matches with the issue titled **""Incorrect Token Amount Withdrawal Due to Rounding Errors""**.

**Validation**:  
**Correct**. The response accurately identifies the issue with rounding errors in the `_tokensToShares` calculation, which leads to fewer tokens being withdrawn than expected. It correctly explains the impact of this issue, including the failed `safeTransfer` call and the potential for transaction reverts. This aligns with the reported issue and Solidity best practices for handling precision and token transfers.

---

### **Summary of Matches and Gaps**

**Correct Matches**:  
- **[H-01] YaxisVaultAdapter.sol#withdraw() will most certainly fail**

**Partially Correct Matches**:  
- *None*

**Missed Issues from Issue Report**:  
- *None*

--- 

This evaluation shows that the response list effectively covers the reported issue, providing a correct and sufficient explanation of the vulnerability and its impact.",1,0,0,7,"Okay, let's look at this smart contract and try to find vulnerabilities. Hmm, the contract is called YaxisVaultAdapter and it's using some OpenZeppelin libraries like SafeERC20 and SafeMath. Let me start by going through each function and see if anything stands out.

First, the constructor initializes the vault and admin, and calls updateApproval. The updateApproval function approves the vault to spend an unlimited amount of the token. Oh wait, using uint256(-1) here. That's the old way of setting max approval before OpenZeppelin's SafeERC20 added constants for that. But maybe that's not a vulnerability, just code style.

Looking at the modifiers, there's a onlyAdmin modifier. The withdraw function is protected by onlyAdmin. So only the admin can call withdraw, which transfers tokens to a recipient. Wait, but the withdraw function first calls vault.withdraw with _tokensToShares(_amount), then transfers _amount of tokens to the recipient. Let's check how _tokensToShares works. It takes the token amount and divides by the price per full share. So if the price per share is 1e18, then 1 token is 1e18 shares. But what if the price per share is less than 1e18? Then converting tokens to shares might result in more shares than intended? Wait, maybe the other way around. Let me think. Suppose the vault's price per share is higher than 1e18. Then converting tokens to shares would result in a smaller share amount. But when you withdraw, the shares would convert back to more tokens. Hmm, maybe there's a rounding issue here.

For example, if the pricePerFullShare is 1e18, then _tokensToShares(100) would be 100e18 / 1e18 = 100. But if the pricePerFullShare is 2e18, then 100 tokens would be 100 *1e18 / 2e18 = 50 shares. Then when the vault withdraws 50 shares, it would give back 50 *2e18 /1e18 = 100 tokens. So that seems okay. But if the calculation in _tokensToShares rounds down, maybe there's a case where the converted shares are less than needed, leading to withdrawing less tokens than expected. Wait, but in the withdraw function, after converting the _amount to shares, they call vault.withdraw with that share amount. Then they transfer exactly _amount tokens to the recipient. But when you withdraw shares from the vault, you get back shares multiplied by pricePerFullShare divided by 1e18. So if the actual tokens received from the vault's withdraw is different from _amount, then the contract might not have enough balance to transfer _amount.

Wait, that's a big problem. Let's walk through an example. Suppose the pricePerFullShare is 1.5e18. Then _tokensToShares(100) would be 100 *1e18 /1.5e18 = 66.666..., which would be 66 due to integer division. Then the vault.withdraw(66) would give back 66 *1.5e18 /1e18 = 99 tokens. But the contract tries to send 100 tokens to the recipient, but it only received 99. So the safeTransfer would fail because the contract doesn't have enough tokens. This would cause the entire transaction to revert.

So the vulnerability here is that the amount of tokens actually received from the vault's withdraw could be less than the _amount specified in the withdraw function. Because converting _amount tokens to shares via _tokensToShares might round down, leading to fewer shares, which when withdrawn, give fewer tokens. Then the contract tries to send _amount tokens but doesn't have enough, resulting in a failed transfer.

That's a critical issue. The contract assumes that converting tokens to shares and then withdrawing those shares gives exactly _amount tokens, but due to rounding, it might be less, causing a revert. But the admin is the one calling withdraw, so maybe they can handle it, but if the calculation is incorrect, the transfer will fail, which could lock funds or cause transactions to fail unexpectedly.

Another thing to check is reentrancy. The withdraw function calls vault.withdraw, which is an external call. Then it transfers tokens. Since SafeERC20's safeTransfer is used, which should follow checks-effects-interactions, but the order here is interactions (vault.withdraw) then another interaction (safeTransfer). However, since the vault's withdraw function is called first, and then the transfer, if the vault's withdraw were to call back into this contract, maybe a reentrancy attack is possible. But the onlyAdmin modifier might limit who can call withdraw, so unless the admin is malicious, maybe not. But the code doesn't have a reentrancy guard. However, the functions involved don't seem to have a loop, but it's worth noting.

Another thing: the updateApproval function sets the allowance to uint256(-1), which is the maximum possible. But if the vault is compromised or becomes malicious, it could drain the tokens. However, the vault is set in the constructor and can't be changed, so if the vault is trusted, maybe that's acceptable. But if the vault's address can be changed, but in this code, the vault is immutable. The constructor sets it once. So no, the vault address can't be changed. So that's not a vulnerability here.

What about the deposit function? It's external and anyone can call it. So if someone calls deposit with a certain amount, they are depositing into the vault via this contract. But since the contract's token balance is being deposited, maybe the deposit function should only be called by the contract that manages the adapter. But in the code, the deposit function is external and has no access control. That could be a problem. Suppose someone else calls deposit, they can deposit tokens into the vault, but since the tokens are held by the adapter contract, perhaps only the admin or another contract should be allowed to trigger deposits. If the deposit function is open to anyone, an attacker could potentially deposit tokens into the vault, but the tokens would have to be in the adapter's balance. So unless the adapter has tokens that the attacker can't control, maybe this is not an issue. Wait, the deposit function calls vault.deposit(_amount), which would require that the adapter has at least _amount of the underlying token. So if someone calls deposit(100), the adapter must have those tokens. So if the adapter's tokens are supposed to be managed by another system, then allowing anyone to call deposit could allow them to move the adapter's tokens into the vault. For example, if the adapter is supposed to hold tokens that are part of a system where only specific users can deposit, but the deposit function is open, anyone can trigger it. But maybe in the context of how this adapter is used, only the admin or another contract is supposed to call deposit. But since the function is external and has no modifier, it's a possible vulnerability if unauthorized deposits are allowed.

Another point: the use of SafeMath and SafeERC20 is present, so overflows and safe transfers are handled. But in Solidity 0.6.x, there's no implicit conversion checks, so maybe some type conversions could cause issues, but the code uses SafeMath which should handle arithmetic.

Looking at the _sharesToTokens and _tokensToShares functions. They use mul and div from SafeMath. So those operations should be safe from overflows, but division can truncate. As discussed earlier, the _tokensToShares can truncate, leading to less shares than needed to get the desired tokens, which then when withdrawn, result in less tokens than expected.

So the main vulnerabilities I can see are:

1. Incorrect share conversion in withdraw leading to insufficient tokens and failed transfer.

2. Unrestricted access to the deposit function allowing anyone to deposit the adapter's tokens into the vault.

3. Possible reentrancy in withdraw, though mitigated by onlyAdmin and SafeERC20.

4. Use of deprecated uint256(-1) for unlimited approval, but that's more of a code style issue than a vulnerability.

Wait, the first one is the critical one. Because even if the admin is the one calling withdraw, if the token to shares conversion is incorrect, the transfer will fail, leading to failed withdrawals. That's a problem because the admin cannot withdraw the correct amount, possibly leading to locked funds.

Another possible issue is if the vault's getPricePerFullShare() can be manipulated. For example, if it's a contract that can be influenced by an attacker to return a higher or lower value, affecting the conversion. But that depends on the implementation of the vault, which is external here.

Also, if the vault's getPricePerFullShare() returns zero, then dividing by zero in _tokensToShares would cause a revert. But the code uses SafeMath's div, which would revert on division by zero. So if the price per share is zero, the function would revert. That's a possible denial-of-service if the vault's price ever becomes zero, but that's a vault issue, not necessarily this adapter's fault.

So summarizing the vulnerabilities:

- Withdraw function may attempt to transfer more tokens than actually received from the vault due to rounding down in _tokensToShares, causing the transfer to fail and the transaction to revert. This could prevent legitimate withdrawals.

- The deposit function is externally accessible without access control, allowing any user to deposit tokens from the adapter's balance into the vault, potentially leading to unauthorized use of the adapter's funds.

- Potential reentrancy in withdraw, although the risk is lower since it's protected by onlyAdmin and uses SafeERC20, but still a possibility depending on the vault's implementation.

- The use of an unlimited allowance (uint256(-1)) for the vault could allow a compromised or malicious vault to drain the adapter's tokens. However, since the vault address is fixed in the constructor, this risk is dependent on the trustworthiness of the vault.

- Possible division by zero in _tokensToShares if the vault's getPricePerFullShare() returns zero, leading to a revert. However, SafeMath's div would catch this and revert, which is a safe behavior but could be a DoS vector if triggered.

The most critical issues here are the rounding error in withdraw leading to failed transfers and the unrestricted deposit function.","```
1. Incorrect Token Amount Withdrawal Due to Rounding Errors
```","To calculate the **Average Precision (AP)** for the given query, follow these steps:

1. **Identify the ranks at which the true positives appear in the ranked list of predictions**:
   - The true positive is: ""Incorrect Token Amount Withdrawal Due to Rounding Errors"".
   - This appears at rank 1 in the ranked list of predictions.

2. **Calculate the precision at that rank**:
   - Precision at rank 1 (\( P@1 \)) is calculated as the number of true positives up to rank 1 divided by the rank.
   - \( P@1 = \frac{1}{1} = 1.0 \).

3. **Average the precision values for all true positives**:
   - Since there is only one true positive, the AP is simply the precision at rank 1.

**Average Precision (AP)**: 1.0"
