nameid,code,tokens,loc,issue,vulnumber,code_snippet,processtokens,high_severity_count,medium_severity_count,Thought,Findings,Comparison,Correct Matches,Partially Correct,Missed,GPT-generated,matchList,MAP
WithdrawHook.sol,"// SPDX-License-Identifier: AGPL-3.0
pragma solidity =0.8.7;

import ""./interfaces/IWithdrawHook.sol"";
import ""./interfaces/IDepositRecord.sol"";
import ""prepo-shared-contracts/contracts/TokenSenderCaller.sol"";
import ""prepo-shared-contracts/contracts/SafeAccessControlEnumerable.sol"";

contract WithdrawHook is IWithdrawHook, TokenSenderCaller, SafeAccessControlEnumerable {
  ICollateral private collateral;
  IDepositRecord private depositRecord;
  bool public override withdrawalsAllowed;
  uint256 private globalPeriodLength;
  uint256 private userPeriodLength;
  uint256 private globalWithdrawLimitPerPeriod;
  uint256 private userWithdrawLimitPerPeriod;
  uint256 private lastGlobalPeriodReset;
  uint256 private lastUserPeriodReset;
  uint256 private globalAmountWithdrawnThisPeriod;
  mapping(address => uint256) private userToAmountWithdrawnThisPeriod;

  bytes32 public constant SET_COLLATERAL_ROLE = keccak256(""WithdrawHook_setCollateral(address)"");
  bytes32 public constant SET_DEPOSIT_RECORD_ROLE = keccak256(""WithdrawHook_setDepositRecord(address)"");
  bytes32 public constant SET_WITHDRAWALS_ALLOWED_ROLE = keccak256(""WithdrawHook_setWithdrawalsAllowed(bool)"");
  bytes32 public constant SET_GLOBAL_PERIOD_LENGTH_ROLE = keccak256(""WithdrawHook_setGlobalPeriodLength(uint256)"");
  bytes32 public constant SET_USER_PERIOD_LENGTH_ROLE = keccak256(""WithdrawHook_setUserPeriodLength(uint256)"");
  bytes32 public constant SET_GLOBAL_WITHDRAW_LIMIT_PER_PERIOD_ROLE = keccak256(""WithdrawHook_setGlobalWithdrawLimitPerPeriod(uint256)"");
  bytes32 public constant SET_USER_WITHDRAW_LIMIT_PER_PERIOD_ROLE = keccak256(""WithdrawHook_setUserWithdrawLimitPerPeriod(uint256)"");
  bytes32 public constant SET_TREASURY_ROLE = keccak256(""WithdrawHook_setTreasury(address)"");
  bytes32 public constant SET_TOKEN_SENDER_ROLE = keccak256(""WithdrawHook_setTokenSender(ITokenSender)"");

  modifier onlyCollateral() {
    require(msg.sender == address(collateral), ""msg.sender != collateral"");
    _;
  }

  /**
   * @dev Unlike deposits, access controls are not imposed for withdrawals.
   * However, per-period withdraw limits are enforced.
   *
   * While we could include the period length in the last reset timestamp,
   * not initially adding it means that a change in period will
   * be reflected immediately.
   *
   * Records the withdrawal within `depositRecord`, and sends the fee to the
   * `_treasury`. Fees will be reimbursed to the user in `PPO` token using the
   * `_tokenSender` contract.
   *
   * Uses `_amountBeforeFee` (i.e. the amount of Collateral being burned) for
   * updating global net deposits to reflect the reduction in the contract's
   * liabilities.
   */
  function hook(
    address _sender,
    uint256 _amountBeforeFee,
    uint256 _amountAfterFee
  ) external override onlyCollateral {
    require(withdrawalsAllowed, ""withdrawals not allowed"");
    if (lastGlobalPeriodReset + globalPeriodLength < block.timestamp) {
      lastGlobalPeriodReset = block.timestamp;
      globalAmountWithdrawnThisPeriod = _amountBeforeFee;
    } else {
      require(globalAmountWithdrawnThisPeriod + _amountBeforeFee <= globalWithdrawLimitPerPeriod, ""global withdraw limit exceeded"");
      globalAmountWithdrawnThisPeriod += _amountBeforeFee;
    }
    if (lastUserPeriodReset + userPeriodLength < block.timestamp) {
      lastUserPeriodReset = block.timestamp;
      userToAmountWithdrawnThisPeriod[_sender] = _amountBeforeFee;
    } else {
      require(userToAmountWithdrawnThisPeriod[_sender] + _amountBeforeFee <= userWithdrawLimitPerPeriod, ""user withdraw limit exceeded"");
      userToAmountWithdrawnThisPeriod[_sender] += _amountBeforeFee;
    }
    depositRecord.recordWithdrawal(_amountBeforeFee);
    uint256 _fee = _amountBeforeFee - _amountAfterFee;
    if (_fee > 0) {
      collateral.getBaseToken().transferFrom(address(collateral), _treasury, _fee);
      _tokenSender.send(_sender, _fee);
    }
  }

  function setCollateral(ICollateral _newCollateral) external override onlyRole(SET_COLLATERAL_ROLE) {
    collateral = _newCollateral;
    emit CollateralChange(address(_newCollateral));
  }

  function setDepositRecord(IDepositRecord _newDepositRecord) external override onlyRole(SET_DEPOSIT_RECORD_ROLE) {
    depositRecord = _newDepositRecord;
    emit DepositRecordChange(address(_newDepositRecord));
  }

  function setWithdrawalsAllowed(bool _newWithdrawalsAllowed) external override onlyRole(SET_WITHDRAWALS_ALLOWED_ROLE) {
    withdrawalsAllowed = _newWithdrawalsAllowed;
    emit WithdrawalsAllowedChange(_newWithdrawalsAllowed);
  }

  function setGlobalPeriodLength(uint256 _newGlobalPeriodLength) external override onlyRole(SET_GLOBAL_PERIOD_LENGTH_ROLE) {
    globalPeriodLength = _newGlobalPeriodLength;
    emit GlobalPeriodLengthChange(_newGlobalPeriodLength);
  }

  function setUserPeriodLength(uint256 _newUserPeriodLength) external override onlyRole(SET_USER_PERIOD_LENGTH_ROLE) {
    userPeriodLength = _newUserPeriodLength;
    emit UserPeriodLengthChange(_newUserPeriodLength);
  }

  function setGlobalWithdrawLimitPerPeriod(uint256 _newGlobalWithdrawLimitPerPeriod) external override onlyRole(SET_GLOBAL_WITHDRAW_LIMIT_PER_PERIOD_ROLE) {
    globalWithdrawLimitPerPeriod = _newGlobalWithdrawLimitPerPeriod;
    emit GlobalWithdrawLimitPerPeriodChange(_newGlobalWithdrawLimitPerPeriod);
  }

  function setUserWithdrawLimitPerPeriod(uint256 _newUserWithdrawLimitPerPeriod) external override onlyRole(SET_USER_WITHDRAW_LIMIT_PER_PERIOD_ROLE) {
    userWithdrawLimitPerPeriod = _newUserWithdrawLimitPerPeriod;
    emit UserWithdrawLimitPerPeriodChange(_newUserWithdrawLimitPerPeriod);
  }

  function setTreasury(address _treasury) public override onlyRole(SET_TREASURY_ROLE) {
    super.setTreasury(_treasury);
  }

  function setTokenSender(ITokenSender _tokenSender) public override onlyRole(SET_TOKEN_SENDER_ROLE) {
    super.setTokenSender(_tokenSender);
  }

  function getCollateral() external view override returns (ICollateral) {
    return collateral;
  }

  function getDepositRecord() external view override returns (IDepositRecord) {
    return depositRecord;
  }

  function getGlobalPeriodLength() external view override returns (uint256) {
    return globalPeriodLength;
  }

  function getUserPeriodLength() external view override returns (uint256) {
    return userPeriodLength;
  }

  function getGlobalWithdrawLimitPerPeriod() external view override returns (uint256) {
    return globalWithdrawLimitPerPeriod;
  }

  function getUserWithdrawLimitPerPeriod() external view override returns (uint256) {
    return userWithdrawLimitPerPeriod;
  }

  function getLastGlobalPeriodReset() external view override returns (uint256) {
    return lastGlobalPeriodReset;
  }

  function getLastUserPeriodReset() external view override returns (uint256) {
    return lastUserPeriodReset;
  }

  function getGlobalAmountWithdrawnThisPeriod() external view override returns (uint256) {
    return globalAmountWithdrawnThisPeriod;
  }

  function getAmountWithdrawnThisPeriod(address _user) external view override returns (uint256) {
    return userToAmountWithdrawnThisPeriod[_user];
  }
}",1602.0,165.0,"[H-01] griefing / blocking / delaying users to withdraw
The WithdrawHook has some security mechanics that can be activated like a global max withdraw in a specific timeframe, also for users to have a withdraw limit for them in a specific timeframe. It also collects the fees.

[H-02] A whale user is able to cause freeze of funds of other users by bypassing withdraw limit
If it has been less than ""globalPeriodLength"" seconds since the global reset, we step into the if block, reset time becomes now and starting amount is the current requested amount. Otherwise, the new amount must not overpass the globalWithdrawLimitPerPeriod. Very similar check is done for ""user"" variables. In function `hook()`

[M-01] Bypass userWithdrawLimitPerPeriod check
User can bypass the function `userWithdrawLimitPerPeriod` check by transferring the balance to another account.",3.0,"pragma solidity =0.8.7;

import ""./interfaces/IWithdrawHook.sol"";
import ""./interfaces/IDepositRecord.sol"";
import ""prepo-shared-contracts/contracts/TokenSenderCaller.sol"";
import ""prepo-shared-contracts/contracts/SafeAccessControlEnumerable.sol"";

contract WithdrawHook is IWithdrawHook, TokenSenderCaller, SafeAccessControlEnumerable {
  ICollateral private collateral;
  IDepositRecord private depositRecord;
  bool public override withdrawalsAllowed;
  uint256 private globalPeriodLength;
  uint256 private userPeriodLength;
  uint256 private globalWithdrawLimitPerPeriod;
  uint256 private userWithdrawLimitPerPeriod;
  uint256 private lastGlobalPeriodReset;
  uint256 private lastUserPeriodReset;
  uint256 private globalAmountWithdrawnThisPeriod;
  mapping(address => uint256) private userToAmountWithdrawnThisPeriod;

  bytes32 public constant SET_COLLATERAL_ROLE = keccak256(""WithdrawHook_setCollateral(address)"");
  bytes32 public constant SET_DEPOSIT_RECORD_ROLE = keccak256(""WithdrawHook_setDepositRecord(address)"");
  bytes32 public constant SET_WITHDRAWALS_ALLOWED_ROLE = keccak256(""WithdrawHook_setWithdrawalsAllowed(bool)"");
  bytes32 public constant SET_GLOBAL_PERIOD_LENGTH_ROLE = keccak256(""WithdrawHook_setGlobalPeriodLength(uint256)"");
  bytes32 public constant SET_USER_PERIOD_LENGTH_ROLE = keccak256(""WithdrawHook_setUserPeriodLength(uint256)"");
  bytes32 public constant SET_GLOBAL_WITHDRAW_LIMIT_PER_PERIOD_ROLE = keccak256(""WithdrawHook_setGlobalWithdrawLimitPerPeriod(uint256)"");
  bytes32 public constant SET_USER_WITHDRAW_LIMIT_PER_PERIOD_ROLE = keccak256(""WithdrawHook_setUserWithdrawLimitPerPeriod(uint256)"");
  bytes32 public constant SET_TREASURY_ROLE = keccak256(""WithdrawHook_setTreasury(address)"");
  bytes32 public constant SET_TOKEN_SENDER_ROLE = keccak256(""WithdrawHook_setTokenSender(ITokenSender)"");

  modifier onlyCollateral() {
    require(msg.sender == address(collateral), ""msg.sender != collateral"");
    _;
  }

  
  function hook(
    address _sender,
    uint256 _amountBeforeFee,
    uint256 _amountAfterFee
  ) external override onlyCollateral {
    require(withdrawalsAllowed, ""withdrawals not allowed"");
    if (lastGlobalPeriodReset + globalPeriodLength < block.timestamp) {
      lastGlobalPeriodReset = block.timestamp;
      globalAmountWithdrawnThisPeriod = _amountBeforeFee;
    } else {
      require(globalAmountWithdrawnThisPeriod + _amountBeforeFee <= globalWithdrawLimitPerPeriod, ""global withdraw limit exceeded"");
      globalAmountWithdrawnThisPeriod += _amountBeforeFee;
    }
    if (lastUserPeriodReset + userPeriodLength < block.timestamp) {
      lastUserPeriodReset = block.timestamp;
      userToAmountWithdrawnThisPeriod[_sender] = _amountBeforeFee;
    } else {
      require(userToAmountWithdrawnThisPeriod[_sender] + _amountBeforeFee <= userWithdrawLimitPerPeriod, ""user withdraw limit exceeded"");
      userToAmountWithdrawnThisPeriod[_sender] += _amountBeforeFee;
    }
    depositRecord.recordWithdrawal(_amountBeforeFee);
    uint256 _fee = _amountBeforeFee - _amountAfterFee;
    if (_fee > 0) {
      collateral.getBaseToken().transferFrom(address(collateral), _treasury, _fee);
      _tokenSender.send(_sender, _fee);
    }
  }

  function setCollateral(ICollateral _newCollateral) external override onlyRole(SET_COLLATERAL_ROLE) {
    collateral = _newCollateral;
    emit CollateralChange(address(_newCollateral));
  }

  function setDepositRecord(IDepositRecord _newDepositRecord) external override onlyRole(SET_DEPOSIT_RECORD_ROLE) {
    depositRecord = _newDepositRecord;
    emit DepositRecordChange(address(_newDepositRecord));
  }

  function setWithdrawalsAllowed(bool _newWithdrawalsAllowed) external override onlyRole(SET_WITHDRAWALS_ALLOWED_ROLE) {
    withdrawalsAllowed = _newWithdrawalsAllowed;
    emit WithdrawalsAllowedChange(_newWithdrawalsAllowed);
  }

  function setGlobalPeriodLength(uint256 _newGlobalPeriodLength) external override onlyRole(SET_GLOBAL_PERIOD_LENGTH_ROLE) {
    globalPeriodLength = _newGlobalPeriodLength;
    emit GlobalPeriodLengthChange(_newGlobalPeriodLength);
  }

  function setUserPeriodLength(uint256 _newUserPeriodLength) external override onlyRole(SET_USER_PERIOD_LENGTH_ROLE) {
    userPeriodLength = _newUserPeriodLength;
    emit UserPeriodLengthChange(_newUserPeriodLength);
  }

  function setGlobalWithdrawLimitPerPeriod(uint256 _newGlobalWithdrawLimitPerPeriod) external override onlyRole(SET_GLOBAL_WITHDRAW_LIMIT_PER_PERIOD_ROLE) {
    globalWithdrawLimitPerPeriod = _newGlobalWithdrawLimitPerPeriod;
    emit GlobalWithdrawLimitPerPeriodChange(_newGlobalWithdrawLimitPerPeriod);
  }

  function setUserWithdrawLimitPerPeriod(uint256 _newUserWithdrawLimitPerPeriod) external override onlyRole(SET_USER_WITHDRAW_LIMIT_PER_PERIOD_ROLE) {
    userWithdrawLimitPerPeriod = _newUserWithdrawLimitPerPeriod;
    emit UserWithdrawLimitPerPeriodChange(_newUserWithdrawLimitPerPeriod);
  }

  function setTreasury(address _treasury) public override onlyRole(SET_TREASURY_ROLE) {
    super.setTreasury(_treasury);
  }

  function setTokenSender(ITokenSender _tokenSender) public override onlyRole(SET_TOKEN_SENDER_ROLE) {
    super.setTokenSender(_tokenSender);
  }

  function getCollateral() external view override returns (ICollateral) {
    return collateral;
  }

  function getDepositRecord() external view override returns (IDepositRecord) {
    return depositRecord;
  }

  function getGlobalPeriodLength() external view override returns (uint256) {
    return globalPeriodLength;
  }

  function getUserPeriodLength() external view override returns (uint256) {
    return userPeriodLength;
  }

  function getGlobalWithdrawLimitPerPeriod() external view override returns (uint256) {
    return globalWithdrawLimitPerPeriod;
  }

  function getUserWithdrawLimitPerPeriod() external view override returns (uint256) {
    return userWithdrawLimitPerPeriod;
  }

  function getLastGlobalPeriodReset() external view override returns (uint256) {
    return lastGlobalPeriodReset;
  }

  function getLastUserPeriodReset() external view override returns (uint256) {
    return lastUserPeriodReset;
  }

  function getGlobalAmountWithdrawnThisPeriod() external view override returns (uint256) {
    return globalAmountWithdrawnThisPeriod;
  }

  function getAmountWithdrawnThisPeriod(address _user) external view override returns (uint256) {
    return userToAmountWithdrawnThisPeriod[_user];
  }
}",1431.0,2,1,"Evaluating potential risks
I’m assessing a Solidity code snippet that uses block.timestamp in conditions. The main concern is the ability of authorized roles to set globalPeriodLength and userPeriodLength to zero or excessively large values, which could disrupt logic or trigger a Denial of Service (DoS).
Identifying vulnerabilities
I’m mapping out potential risks such as the infinite withdrawal issue with large userPeriodLength, the reliance on transferFrom without allowance, and front-running opportunities due to the timing of logic checks.
Spotting vulnerabilities
I’m noting risks like malicious replacements of collateral or depositRecord for reentrancy, and the absence of reentrancy guards in depositRecord.recordWithdrawal or collateral.getBaseToken().
Analyzing vulnerabilities
I’m examining vulnerabilities like miner manipulation of block.timestamp, improper token handling in collateral, separate period resets causing inconsistencies, and the absence of a check for _amountBeforeFee >= _amountAfterFee.
Evaluating unintended outcomes
I'm considering how _amountAfterFee > _amountBeforeFee could cause _fee to become negative, leading to underflow or reversion with checked arithmetic, potentially disrupting logic but not creating a direct vulnerability.
Spotting vulnerabilities
OK, let me see. The contract's reliance on external calls like depositRecord and the lack of fallback mechanisms for extreme globalPeriodLength and userPeriodLength values highlight potential vulnerabilities.
Identifying trust and control risks
I'm piecing together vulnerabilities like trust assumptions with critical addresses and roles, lack of reentrancy guards, lack of sanity checks, and no limits on withdrawal amounts per period.
Identifying gaps
I'm working through vulnerabilities such as logic breaks from extreme globalAmountWithdrawnThisPeriod or block.timestamp use for intervals, inconsistent logic from mid-withdraw period changes, and transfer alignment with collateral approval.
","Below are the primary potential vulnerabilities and issues present in the given Solidity contract. Some of these are traditional smart contract security considerations, while others relate to logical or configurational weaknesses that could be exploited under certain conditions.

1. **No Reentrancy Guard**  
   The `hook()` function makes multiple external calls:
   - `depositRecord.recordWithdrawal(_amountBeforeFee)`
   - `collateral.getBaseToken().transferFrom(...)`
   - `_tokenSender.send(_sender, _fee)`

   While the logic attempts to restrict calls to `hook()` via `onlyCollateral`, if the `collateral` or other external contracts (`depositRecord`, `tokenSender`) are malicious or can be upgraded to malicious implementations, they could potentially reenter. For example, a malicious `depositRecord` could invoke callbacks that call `hook()` again. Without a reentrancy guard (e.g., OpenZeppelin’s `ReentrancyGuard`), the contract is susceptible to reentrancy attacks.

2. **Trust in Externally Set Addresses (Dependency Injection Vulnerability)**  
   The contract depends on externally controlled addresses:
   - `collateral` (set via `setCollateral`)
   - `depositRecord` (set via `setDepositRecord`)
   - `tokenSender` (set via `setTokenSender`)
   - `_treasury` (set via `setTreasury`)

   Since these addresses are controlled by roles, a compromised or malicious admin/key-holder can set these addresses to contracts that behave unexpectedly. For example, a malicious `collateral` contract could call `hook()` in a carefully orchestrated way to bypass intended logic or cause reentrancy. Similarly, a malicious `depositRecord` or `tokenSender` contract could revert calls, block withdrawals, or cause reentrancy. The contract does not validate that these addresses implement the expected behavior beyond the given interfaces.

3. **No Validation of Period Lengths and Limits**  
   Variables that define withdrawal limits and reset times are settable by privileged roles:
   - `globalPeriodLength`
   - `userPeriodLength`
   - `globalWithdrawLimitPerPeriod`
   - `userWithdrawLimitPerPeriod`

   There are no checks to prevent nonsensical values. For example:
   - If `globalPeriodLength` or `userPeriodLength` is set to `0`, the code that relies on time-based resets may never properly reset, causing either perpetual blockage or no enforcement of limits.
   - If limits (`globalWithdrawLimitPerPeriod` or `userWithdrawLimitPerPeriod`) are set extremely high or extremely low, it can cause logical breakdowns or denial of service.

4. **Reliance on `block.timestamp`**  
   The contract uses `block.timestamp` for period resets. While this is common, it’s known that `block.timestamp` can be slightly manipulated by miners. Under certain conditions, a miner could adjust timestamps to either delay or accelerate period resets, potentially affecting withdrawal availability or allowing extra withdrawals just before a period resets.

5. **Lack of Checks on ERC20 Transfers**  
   The contract calls `collateral.getBaseToken().transferFrom(address(collateral), _treasury, _fee)` without first ensuring that:
   - The `collateral` contract’s base token has approved this contract, or
   - The token transfer is guaranteed to succeed.

   If the transfer fails (no allowance, revert in token contract), the entire withdrawal will revert. This can create a denial-of-service scenario if an attacker sets `collateral` or `_treasury` to something that fails on transfer. Additionally, the code does not check the return value of `transferFrom`, which is a common best practice.

6. **Fee Handling Logic Assumption**  
   The contract calculates `_fee = _amountBeforeFee - _amountAfterFee`. If `depositRecord` or `collateral` callers supply unexpected values (e.g., `_amountAfterFee` greater than `_amountBeforeFee`), the subtraction could revert due to Solidity 0.8.x overflow checks. While this will revert the transaction rather than lead to a direct exploit, it can cause unexpected behavior or denial of service if the caller intentionally provides invalid values.

7. **Non-Resettable User Amounts on Unchanging Periods**  
   If a `userPeriodLength` is extremely large or if it never lapses due to time conditions, that user’s withdrawal count never resets. This can be a logical vulnerability if the contract owner sets unfortunate configurations or fails to reset them, effectively freezing the user’s ability to withdraw after reaching the limit. The reverse scenario could also apply if periods are set to zero, allowing continuous withdrawal if no resets happen as intended.

8. **No Explicit Initialization Checks**  
   The contract does not enforce that `collateral` or `depositRecord` must be set before `hook()` is callable. If `hook()` is called before these are properly initialized, it may revert or behave unexpectedly. While it requires `msg.sender == address(collateral)` to call `hook()`, a misconfigured setup could cause system malfunctions.

**In Summary**:  
- **Reentrancy risk** due to external calls without a guard.  
- **Trusted external dependencies** that can be maliciously replaced.  
- **No validation/sanity checks** on period lengths or limits.  
- **Use of `block.timestamp`** susceptible to miner manipulation.  
- **Unchecked token transfers** that can revert and cause DoS.  
- **Logical dependence on correct configuration** (if the admin sets parameters incorrectly, it can break the contract’s intended logic).

These vulnerabilities largely hinge on proper configuration, trustworthy roles, and careful selection of external contract dependencies.","---

### **Analysis of Alignment Between `issue` and `response_list`**

---

#### **[H-01] Griefing / Blocking / Delaying Users to Withdraw**

**Report Description**:  
The `WithdrawHook` introduces security mechanisms such as a global maximum withdrawal limit and per-user withdrawal limits within specific timeframes. These mechanisms, while intended to prevent abuse, could be exploited to delay or block users from withdrawing their funds. Additionally, the contract collects fees during withdrawals, which may introduce further complexity.

**Match in Response List**:  
Partially matches with **""No Validation of Period Lengths and Limits""** and **""Non-Resettable User Amounts on Unchanging Periods""**.

**Validation**:  
**Partially Correct**.  
- The response identifies the lack of validation for withdrawal limits (`globalWithdrawLimitPerPeriod` and `userWithdrawLimitPerPeriod`) and period lengths (`globalPeriodLength` and `userPeriodLength`). It correctly highlights that nonsensical values (e.g., `0` or extremely high values) could lead to logical breakdowns or denial of service.  
- The response also mentions the issue of non-resettable user amounts if periods are misconfigured, which aligns with the potential for users being blocked from withdrawing.  

**What’s Missing**:  
- The response does not explicitly address the griefing aspect, where malicious actors could intentionally exploit these mechanisms to block or delay withdrawals for other users.  
- It also does not discuss the fee collection logic in the context of this issue, which could exacerbate the problem if fees are miscalculated or improperly handled.  

**Suggestions**:  
- Expand the response to explicitly address the griefing potential and how malicious actors could exploit the withdrawal limits to block or delay other users.  
- Include a discussion on the fee collection logic and its potential impact on withdrawal delays or failures.  

---

#### **[H-02] A Whale User is Able to Cause Freeze of Funds of Other Users by Bypassing Withdraw Limit**

**Report Description**:  
A whale user can exploit the global withdrawal limit mechanism by resetting the global withdrawal period (`globalPeriodLength`) and monopolizing the withdrawal limit (`globalWithdrawLimitPerPeriod`). This effectively freezes funds for other users during the same period.

**Match in Response List**:  
No explicit match found.  

**Validation**:  
**Incorrect**.  
- The response list does not directly address the issue of a whale user monopolizing the global withdrawal limit and freezing funds for other users.  
- While the response mentions the lack of validation for period lengths and limits, it does not connect this to the specific scenario of a whale user exploiting these mechanisms.  

**Suggestions**:  
- Add a response that explicitly addresses the risk of a whale user monopolizing the withdrawal limit.  
- Propose mitigation strategies, such as implementing a fair queuing mechanism or prioritizing smaller withdrawals to prevent monopolization.  

---

#### **[M-01] Bypass `userWithdrawLimitPerPeriod` Check**

**Report Description**:  
A user can bypass the `userWithdrawLimitPerPeriod` check by transferring their balance to another account. This allows them to circumvent the intended withdrawal restrictions and withdraw more than the allowed limit.

**Match in Response List**:  
No explicit match found.  

**Validation**:  
**Incorrect**.  
- The response list does not address the bypass of the `userWithdrawLimitPerPeriod` check through balance transfers.  
- This is a significant oversight, as it represents a direct violation of the intended withdrawal restrictions and undermines the contract’s security mechanisms.  

**Suggestions**:  
- Add a response that acknowledges this issue and proposes a solution, such as tracking withdrawals at the protocol level rather than relying solely on per-account limits.  
- Consider implementing a mechanism to aggregate withdrawal limits across related accounts or enforce stricter checks on account transfers.  

---

#### **Additional Issues in `response_list`**

**[R-01] No Reentrancy Guard**  
The response highlights the lack of a reentrancy guard in the `hook()` function, which makes multiple external calls. This is a valid concern, as malicious external contracts could exploit this vulnerability to reenter the function and manipulate state variables or drain funds.

**Assessment**:  
**Valid Concern**.  
- While this issue is not explicitly mentioned in the `issue` report, it is a critical vulnerability that should be addressed.  
- Adding a reentrancy guard (e.g., OpenZeppelin’s `ReentrancyGuard`) is a standard best practice to prevent such attacks.  

---

**[R-02] Trust in Externally Set Addresses (Dependency Injection Vulnerability)**  
The response points out that the contract relies on externally controlled addresses (e.g., `collateral`, `depositRecord`, `tokenSender`, `_treasury`) that can be maliciously replaced by privileged roles. This creates a dependency injection vulnerability, where malicious contracts could be set to exploit the system.

**Assessment**:  
**Valid Concern**.  
- This issue is not mentioned in the `issue` report but is a critical security risk.  
- The contract should implement stricter validation of externally set addresses to ensure they conform to expected behavior and interfaces.  

---

**[R-03] Lack of Checks on ERC20 Transfers**  
The response highlights that the contract does not check the return value of `transferFrom` calls, which could lead to silent failures or denial of service. This is a common best practice violation in Solidity.

**Assessment**:  
**Valid Concern**.  
- This issue is not mentioned in the `issue` report but is a valid and important consideration.  
- The contract should check the return value of `transferFrom` calls and handle failures appropriately.  

---

### **Summary of Matches and Gaps**

---

#### **Correct Matches**:
- **[H-01] Griefing / Blocking / Delaying Users to Withdraw**: Partially matches with **""No Validation of Period Lengths and Limits""** and **""Non-Resettable User Amounts on Unchanging Periods""**.

#### **Partially Correct Matches**:
- **[H-01] Griefing / Blocking / Delaying Users to Withdraw**: The response does not fully address the griefing potential or the fee collection logic.

#### **Missed Issues from Issue Report**:
- **[H-02] A Whale User is Able to Cause Freeze of Funds of Other Users by Bypassing Withdraw Limit**: No explicit match found.  
- **[M-01] Bypass `userWithdrawLimitPerPeriod` Check**: No explicit match found.  

---

### **GPT-Generated Potential Issues (May Be Incorrect)**:

1. **[R-01] No Reentrancy Guard**: Valid concern.  
2. **[R-02] Trust in Externally Set Addresses (Dependency Injection Vulnerability)**: Valid concern.  
3. **[R-03] Lack of Checks on ERC20 Transfers**: Valid concern.  

---",0,1,2,8,"```
None.
```",0.0
Collateral.sol,"// SPDX-License-Identifier: AGPL-3.0
pragma solidity =0.8.7;

import ""./interfaces/ICollateral.sol"";
import ""@openzeppelin/contracts-upgradeable/token/ERC20/extensions/draft-ERC20PermitUpgradeable.sol"";
import ""@openzeppelin/contracts-upgradeable/security/ReentrancyGuardUpgradeable.sol"";
import ""prepo-shared-contracts/contracts/SafeAccessControlEnumerableUpgradeable.sol"";

contract Collateral is ICollateral, ERC20PermitUpgradeable, SafeAccessControlEnumerableUpgradeable, ReentrancyGuardUpgradeable {
  IERC20 private immutable baseToken;
  uint256 private immutable baseTokenDenominator;
  address private manager;
  uint256 private depositFee;
  uint256 private withdrawFee;
  ICollateralHook private depositHook;
  ICollateralHook private withdrawHook;
  ICollateralHook private managerWithdrawHook;

  uint256 public constant FEE_DENOMINATOR = 1000000;
  uint256 public constant FEE_LIMIT = 100000;
  bytes32 public constant MANAGER_WITHDRAW_ROLE = keccak256(""Collateral_managerWithdraw(uint256)"");
  bytes32 public constant SET_MANAGER_ROLE = keccak256(""Collateral_setManager(address)"");
  bytes32 public constant SET_DEPOSIT_FEE_ROLE = keccak256(""Collateral_setDepositFee(uint256)"");
  bytes32 public constant SET_WITHDRAW_FEE_ROLE = keccak256(""Collateral_setWithdrawFee(uint256)"");
  bytes32 public constant SET_DEPOSIT_HOOK_ROLE = keccak256(""Collateral_setDepositHook(ICollateralHook)"");
  bytes32 public constant SET_WITHDRAW_HOOK_ROLE = keccak256(""Collateral_setWithdrawHook(ICollateralHook)"");
  bytes32 public constant SET_MANAGER_WITHDRAW_HOOK_ROLE = keccak256(""Collateral_setManagerWithdrawHook(ICollateralHook)"");

  constructor(IERC20 _newBaseToken, uint256 _newBaseTokenDecimals) {
    baseToken = _newBaseToken;
    baseTokenDenominator = 10**_newBaseTokenDecimals;
  }

  function initialize(string memory _name, string memory _symbol) public initializer {
    __SafeAccessControlEnumerable_init();
    __ERC20_init(_name, _symbol);
    __ERC20Permit_init(_name);
  }

  /**
   * @dev If hook not set, fees remain within the contract as extra reserves
   * (withdrawable by manager). Converts amount after fee from base token
   * units to collateral token units.
   */
  function deposit(address _recipient, uint256 _amount) external override nonReentrant returns (uint256) {
    uint256 _fee = (_amount * depositFee) / FEE_DENOMINATOR;
    if (depositFee > 0) { require(_fee > 0, ""fee = 0""); }
    else { require(_amount > 0, ""amount = 0""); }
    baseToken.transferFrom(msg.sender, address(this), _amount);
    uint256 _amountAfterFee = _amount - _fee;
    if (address(depositHook) != address(0)) {
      baseToken.approve(address(depositHook), _fee);
      depositHook.hook(_recipient, _amount, _amountAfterFee);
      baseToken.approve(address(depositHook), 0);
    }
    /// Converts amount after fee from base token units to collateral token units.
    uint256 _collateralMintAmount = (_amountAfterFee * 1e18) / baseTokenDenominator;
    _mint(_recipient, _collateralMintAmount);
    emit Deposit(_recipient, _amountAfterFee, _fee);
    return _collateralMintAmount;
  }

  /// @dev Converts amount from collateral token units to base token units.
  function withdraw(uint256 _amount) external override nonReentrant {
    uint256 _baseTokenAmount = (_amount * baseTokenDenominator) / 1e18;
    uint256 _fee = (_baseTokenAmount * withdrawFee) / FEE_DENOMINATOR;
    if (withdrawFee > 0) { require(_fee > 0, ""fee = 0""); }
    else { require(_baseTokenAmount > 0, ""amount = 0""); }
    _burn(msg.sender, _amount);
    uint256 _baseTokenAmountAfterFee = _baseTokenAmount - _fee;
    if (address(withdrawHook) != address(0)) {
      baseToken.approve(address(withdrawHook), _fee);
      withdrawHook.hook(msg.sender, _baseTokenAmount, _baseTokenAmountAfterFee);
      baseToken.approve(address(withdrawHook), 0);
    }
    baseToken.transfer(msg.sender, _baseTokenAmountAfterFee);
    emit Withdraw(msg.sender, _baseTokenAmountAfterFee, _fee);
  }

  function managerWithdraw(uint256 _amount) external override onlyRole(MANAGER_WITHDRAW_ROLE) nonReentrant {
    if (address(managerWithdrawHook) != address(0)) managerWithdrawHook.hook(msg.sender, _amount, _amount);
    baseToken.transfer(manager, _amount);
  }

  function setManager(address _newManager) external override onlyRole(SET_MANAGER_ROLE) {
    manager = _newManager;
    emit ManagerChange(_newManager);
  }

  function setDepositFee(uint256 _newDepositFee) external override onlyRole(SET_DEPOSIT_FEE_ROLE) {
    require(_newDepositFee <= FEE_LIMIT, ""exceeds fee limit"");
    depositFee = _newDepositFee;
    emit DepositFeeChange(_newDepositFee);
  }

  function setWithdrawFee(uint256 _newWithdrawFee) external override onlyRole(SET_WITHDRAW_FEE_ROLE) {
    require(_newWithdrawFee <= FEE_LIMIT, ""exceeds fee limit"");
    withdrawFee = _newWithdrawFee;
    emit WithdrawFeeChange(_newWithdrawFee);
  }

  function setDepositHook(ICollateralHook _newDepositHook) external override onlyRole(SET_DEPOSIT_HOOK_ROLE) {
    depositHook = _newDepositHook;
    emit DepositHookChange(address(_newDepositHook));
  }

  function setWithdrawHook(ICollateralHook _newWithdrawHook) external override onlyRole(SET_WITHDRAW_HOOK_ROLE) {
    withdrawHook = _newWithdrawHook;
    emit WithdrawHookChange(address(_newWithdrawHook));
  }

  function setManagerWithdrawHook(ICollateralHook _newManagerWithdrawHook) external override onlyRole(SET_MANAGER_WITHDRAW_HOOK_ROLE) {
    managerWithdrawHook = _newManagerWithdrawHook;
    emit ManagerWithdrawHookChange(address(_newManagerWithdrawHook));
  }

  function getBaseToken() external view override returns (IERC20) { return baseToken; }

  function getManager() external view override returns (address) { return manager; }

  function getDepositFee() external view override returns (uint256) { return depositFee; }

  function getWithdrawFee() external view override returns (uint256) { return withdrawFee; }

  function getDepositHook() external view override returns (ICollateralHook) { return depositHook; }

  function getWithdrawHook() external view override returns (ICollateralHook) { return withdrawHook; }

  function getManagerWithdrawHook() external view override returns (ICollateralHook) { return managerWithdrawHook; }

  function getReserve() external view override returns (uint256) { return baseToken.balanceOf(address(this)); }
}",1559.0,134.0,"[M-02] The recipient receives free collateral token if an ERC20 token that deducts a fee on transfer used as baseToken

[M-06] Manager can get around min reserves check, draining all funds from Collateral.sol
When a manager withdraws funds from Collateral.sol, there is a check in the `managerWithdrawHook` to confirm that they aren't pushing the contract below the minimum reserve balance.
“require(collateral.getReserve() - _amountAfterFee >= getMinReserve(), ""reserve would fall below minimum”);""
However, a similar check doesn't happen in the withdraw() function.",2.0,"pragma solidity =0.8.7;

import ""./interfaces/ICollateral.sol"";
import ""@openzeppelin/contracts-upgradeable/token/ERC20/extensions/draft-ERC20PermitUpgradeable.sol"";
import ""@openzeppelin/contracts-upgradeable/security/ReentrancyGuardUpgradeable.sol"";
import ""prepo-shared-contracts/contracts/SafeAccessControlEnumerableUpgradeable.sol"";

contract Collateral is ICollateral, ERC20PermitUpgradeable, SafeAccessControlEnumerableUpgradeable, ReentrancyGuardUpgradeable {
  IERC20 private immutable baseToken;
  uint256 private immutable baseTokenDenominator;
  address private manager;
  uint256 private depositFee;
  uint256 private withdrawFee;
  ICollateralHook private depositHook;
  ICollateralHook private withdrawHook;
  ICollateralHook private managerWithdrawHook;

  uint256 public constant FEE_DENOMINATOR = 1000000;
  uint256 public constant FEE_LIMIT = 100000;
  bytes32 public constant MANAGER_WITHDRAW_ROLE = keccak256(""Collateral_managerWithdraw(uint256)"");
  bytes32 public constant SET_MANAGER_ROLE = keccak256(""Collateral_setManager(address)"");
  bytes32 public constant SET_DEPOSIT_FEE_ROLE = keccak256(""Collateral_setDepositFee(uint256)"");
  bytes32 public constant SET_WITHDRAW_FEE_ROLE = keccak256(""Collateral_setWithdrawFee(uint256)"");
  bytes32 public constant SET_DEPOSIT_HOOK_ROLE = keccak256(""Collateral_setDepositHook(ICollateralHook)"");
  bytes32 public constant SET_WITHDRAW_HOOK_ROLE = keccak256(""Collateral_setWithdrawHook(ICollateralHook)"");
  bytes32 public constant SET_MANAGER_WITHDRAW_HOOK_ROLE = keccak256(""Collateral_setManagerWithdrawHook(ICollateralHook)"");

  constructor(IERC20 _newBaseToken, uint256 _newBaseTokenDecimals) {
    baseToken = _newBaseToken;
    baseTokenDenominator = 10**_newBaseTokenDecimals;
  }

  function initialize(string memory _name, string memory _symbol) public initializer {
    __SafeAccessControlEnumerable_init();
    __ERC20_init(_name, _symbol);
    __ERC20Permit_init(_name);
  }

  
  function deposit(address _recipient, uint256 _amount) external override nonReentrant returns (uint256) {
    uint256 _fee = (_amount * depositFee) / FEE_DENOMINATOR;
    if (depositFee > 0) { require(_fee > 0, ""fee = 0""); }
    else { require(_amount > 0, ""amount = 0""); }
    baseToken.transferFrom(msg.sender, address(this), _amount);
    uint256 _amountAfterFee = _amount - _fee;
    if (address(depositHook) != address(0)) {
      baseToken.approve(address(depositHook), _fee);
      depositHook.hook(_recipient, _amount, _amountAfterFee);
      baseToken.approve(address(depositHook), 0);
    }
    
    uint256 _collateralMintAmount = (_amountAfterFee * 1e18) / baseTokenDenominator;
    _mint(_recipient, _collateralMintAmount);
    emit Deposit(_recipient, _amountAfterFee, _fee);
    return _collateralMintAmount;
  }

  
  function withdraw(uint256 _amount) external override nonReentrant {
    uint256 _baseTokenAmount = (_amount * baseTokenDenominator) / 1e18;
    uint256 _fee = (_baseTokenAmount * withdrawFee) / FEE_DENOMINATOR;
    if (withdrawFee > 0) { require(_fee > 0, ""fee = 0""); }
    else { require(_baseTokenAmount > 0, ""amount = 0""); }
    _burn(msg.sender, _amount);
    uint256 _baseTokenAmountAfterFee = _baseTokenAmount - _fee;
    if (address(withdrawHook) != address(0)) {
      baseToken.approve(address(withdrawHook), _fee);
      withdrawHook.hook(msg.sender, _baseTokenAmount, _baseTokenAmountAfterFee);
      baseToken.approve(address(withdrawHook), 0);
    }
    baseToken.transfer(msg.sender, _baseTokenAmountAfterFee);
    emit Withdraw(msg.sender, _baseTokenAmountAfterFee, _fee);
  }

  function managerWithdraw(uint256 _amount) external override onlyRole(MANAGER_WITHDRAW_ROLE) nonReentrant {
    if (address(managerWithdrawHook) != address(0)) managerWithdrawHook.hook(msg.sender, _amount, _amount);
    baseToken.transfer(manager, _amount);
  }

  function setManager(address _newManager) external override onlyRole(SET_MANAGER_ROLE) {
    manager = _newManager;
    emit ManagerChange(_newManager);
  }

  function setDepositFee(uint256 _newDepositFee) external override onlyRole(SET_DEPOSIT_FEE_ROLE) {
    require(_newDepositFee <= FEE_LIMIT, ""exceeds fee limit"");
    depositFee = _newDepositFee;
    emit DepositFeeChange(_newDepositFee);
  }

  function setWithdrawFee(uint256 _newWithdrawFee) external override onlyRole(SET_WITHDRAW_FEE_ROLE) {
    require(_newWithdrawFee <= FEE_LIMIT, ""exceeds fee limit"");
    withdrawFee = _newWithdrawFee;
    emit WithdrawFeeChange(_newWithdrawFee);
  }

  function setDepositHook(ICollateralHook _newDepositHook) external override onlyRole(SET_DEPOSIT_HOOK_ROLE) {
    depositHook = _newDepositHook;
    emit DepositHookChange(address(_newDepositHook));
  }

  function setWithdrawHook(ICollateralHook _newWithdrawHook) external override onlyRole(SET_WITHDRAW_HOOK_ROLE) {
    withdrawHook = _newWithdrawHook;
    emit WithdrawHookChange(address(_newWithdrawHook));
  }

  function setManagerWithdrawHook(ICollateralHook _newManagerWithdrawHook) external override onlyRole(SET_MANAGER_WITHDRAW_HOOK_ROLE) {
    managerWithdrawHook = _newManagerWithdrawHook;
    emit ManagerWithdrawHookChange(address(_newManagerWithdrawHook));
  }

  function getBaseToken() external view override returns (IERC20) { return baseToken; }

  function getManager() external view override returns (address) { return manager; }

  function getDepositFee() external view override returns (uint256) { return depositFee; }

  function getWithdrawFee() external view override returns (uint256) { return withdrawFee; }

  function getDepositHook() external view override returns (ICollateralHook) { return depositHook; }

  function getWithdrawHook() external view override returns (ICollateralHook) { return withdrawHook; }

  function getManagerWithdrawHook() external view override returns (ICollateralHook) { return managerWithdrawHook; }

  function getReserve() external view override returns (uint256) { return baseToken.balanceOf(address(this)); }
}",1474.0,0,2,"Highlighting security concerns
I’m noting the risks of the contract, especially the hooks in deposit and withdrawal processes, which could reenter the logic if handled by malicious contracts.
Highlighting hook vulnerabilities
The reentrancy guard covers the entire deposit/withdraw function, but there's risk if the hook contract manipulates baseToken.approve to transfer more tokens than authorized.
Examining code integrity
I'm focused on ensuring _fee is not zero, as small deposit fees and amounts might cause unexpected zero values, potentially leaving the contract vulnerable to security risks.
Evaluating security measures
A potentially insecure manager role is noted, and lack of baseToken return value checks might lead to silent failures, implying a need for SafeERC20 use.
Identifying critical issues
Risks include non-standard tokens, unsafe approve calls, and roles potentially redirecting storage variables. Upgradeability also needs protection to prevent second initializations.
Assessing risks
I'm working through potential threats like front-running and malicious hooks. Each approve() call during transactions also introduces significant security vulnerabilities.
Mitigating organization risks
I'm working through the trust model vulnerabilities, specifically compromised roles like SET_MANAGER_ROLE and MANAGER_WITHDRAW_ROLE. Also, the scaling of baseToken during minting might cause rounding issues.
Addressing silent failures
Silent failures, potential with non-standard baseToken, can be prevented using safeTransferFrom and safeTransfer from SafeERC20. Handling small deposit and withdrawal fees by integer truncation can prevent unexpected reverts.
Highlighting UX shortcomings
The lack of event triggers for managerWithdraw poses a user-experience issue. The potential malicious use of ICollateralHook to drain _fee tokens via transferFrom is by design.
Security nuances
Giving fee tokens to hooks can empower malicious actors. The biggest issues are bypassing SafeERC20 and misassigned roles, while upgrading the contract might add complexity.","Below is a detailed analysis of potential vulnerabilities and security concerns present in the given Solidity contract. Some may be design trade-offs rather than strictly exploitable flaws, but they are all worth noting:

1. **Lack of Safe ERC20 Interactions**:  
   The contract uses `baseToken.transferFrom` and `baseToken.transfer` directly without checking their return values. Not all ERC20 tokens adhere strictly to the ERC20 standard; some implementations do not revert on failure and instead return `false`. If `baseToken` is such a token, these calls could fail silently, causing unexpected behavior and potential loss of funds. This risk can be mitigated by using OpenZeppelin’s `SafeERC20` library (i.e., `SafeERC20Upgradeable`), which ensures transfers revert on failure.

2. **Untrusted External Hooks Could Steal Fees**:  
   On deposit and withdrawal, the contract approves the `depositHook` or `withdrawHook` to spend the fee amount of `baseToken`. This is done right before calling their `hook` function, and then the allowance is reset to zero afterward. However, during the `hook` call, a malicious hook contract could immediately transfer the approved tokens (the fee) from this contract. This might be intended (i.e., the hook is supposed to handle the fee), but if the hook is set to a malicious contract (due to compromised roles), it can steal fee tokens. While not a reentrancy issue per se (as `nonReentrant` prevents re-entering the same contract), the contract is effectively granting full control of the fee tokens to the hook at that moment. If the hook was not intended to own the fee or if it performs unexpected actions, this could be a vulnerability. The security model here relies on the integrity of the admin and the hooks.

3. **Admin/Role-Based Risks and Trust Model**:  
   Several roles (`SET_MANAGER_ROLE`, `SET_DEPOSIT_FEE_ROLE`, `SET_WITHDRAW_FEE_ROLE`, `SET_DEPOSIT_HOOK_ROLE`, `SET_WITHDRAW_HOOK_ROLE`, `SET_MANAGER_WITHDRAW_HOOK_ROLE`, `MANAGER_WITHDRAW_ROLE`) have the authority to change critical parameters:
   - Changing `manager` can redirect where `managerWithdraw` sends funds.
   - Changing `depositFee` or `withdrawFee` can alter user economics unexpectedly.
   - Changing hooks (to malicious addresses) can facilitate token theft (as noted above).
   
   These are not coding flaws per se, but if any of these roles are compromised, the attacker can drain or manipulate funds. The contract relies heavily on proper role assignment, key management, and trust in the entities holding these roles. Without a robust governance process, this becomes a vulnerability.

4. **No Return-Value Checks on `approve()`**:  
   Similar to `transfer` and `transferFrom`, some tokens might not behave as expected on `approve`. While rare, using `SafeERC20` is recommended to ensure safe and reverting behavior. Relying on standard ERC20 compliance may be a risk if `baseToken` is not standard.

5. **Potential for Griefing on Small Amounts Due to Fee Checks**:  
   The contract imposes conditions like `if (depositFee > 0) { require(_fee > 0, ""fee = 0""); } else { require(_amount > 0, ""amount = 0""); }`. If depositFee or withdrawFee is nonzero but small, and the user tries to deposit or withdraw a very small amount, integer division could result in a `_fee` of zero. This triggers a revert, effectively preventing small deposits/withdrawals when fees are set. While not a security vulnerability, it’s a usability pitfall and could be exploited by malicious fee adjustments to block small value operations.

6. **Dependence on Correct and Honest Behavior of Base Token**:  
   The contract relies on `baseToken` to be a standard, well-behaved ERC20 token. If `baseToken` is malicious or non-standard (e.g., always reverts, doesn’t transfer correctly, or has special logic in `transfer`), the entire contract’s logic can break. This risk is inherent to dealing with external tokens, but it’s worth noting as a potential vulnerability vector if `baseToken` can be influenced or changed.

7. **Hooks Not Validated for Compatibility**:  
   The contract does not check whether the hook contracts actually implement `hook(address,uint256,uint256)` in a compatible way. It trusts the address set by admin roles. A malicious or incompatible hook can revert or behave unexpectedly. Although this is more of a reliability concern than a direct vulnerability, it can cause unexpected denial-of-service or malicious behavior.

8. **No Emission of Events on Manager Withdrawals**:  
   The `managerWithdraw` function does not emit an event. This is more of a transparency or auditing concern rather than a direct security issue. Without an event, it can be harder for external observers to track when the manager withdraws funds.

---

**Summary of Primary Security Concerns**:

- Not using `SafeERC20`: Potential silent failures or unexpected behavior if `baseToken` is non-standard.
- Granting allowance to external hook contracts: If a hook is malicious or compromised, it can steal the fee tokens entrusted to it.
- Over-reliance on role security: Any role compromise leads to severe consequences like arbitrary fund movement or malicious hook installation.
- Minor logical issues with small amounts when fees are set.

In short, the main vulnerabilities arise from trusting external hooks, not using safe ERC20 wrappers, and the heavy reliance on admin roles for security.","---

### **Analysis of Issues and Responses**

---

#### **[M-02] The recipient receives free collateral token if an ERC20 token that deducts a fee on transfer is used as baseToken**

**Report Description**:  
The issue highlights a vulnerability where the contract does not account for ERC20 tokens that deduct a fee on transfer. If such a token is used as the `baseToken`, the recipient may receive more tokens than intended, effectively allowing them to gain free collateral. This is a critical issue as it can lead to financial discrepancies and exploitation.

**Match in Response List**:  
**No match found.**

**Validation**:  
**Missed Issue.** The response list does not address this issue. The vulnerability is significant because it directly impacts the contract's financial integrity. The response list should have included a recommendation to handle fee-on-transfer tokens by adjusting the logic to account for the actual amount received after the transfer.

**Suggestions**:  
- Use the `balanceOf` method before and after the transfer to calculate the actual amount received.
- Alternatively, explicitly disallow fee-on-transfer tokens by validating the token's behavior during initialization.

---

#### **[M-06] Manager can get around min reserves check, draining all funds from Collateral.sol**

**Report Description**:  
The issue describes a logical flaw where the `withdraw()` function does not enforce the minimum reserve balance check, unlike the `managerWithdrawHook`. This allows the manager to bypass the reserve check and potentially drain all funds from the contract, violating the intended reserve constraints.

**Match in Response List**:  
**No match found.**

**Validation**:  
**Missed Issue.** The response list does not address this issue. This is a critical logical error that undermines the contract's reserve mechanism. The response list should have included a recommendation to add the same reserve check in the `withdraw()` function to ensure consistency and prevent fund depletion.

**Suggestions**:  
- Add a `require` statement in the `withdraw()` function to enforce the minimum reserve balance check.
- Include unit tests to verify that the reserve constraints are consistently applied across all withdrawal functions.

---

### **Additional Issues Identified in Response List**

#### **[R-01] Lack of Safe ERC20 Interactions**

**Response Description**:  
The response highlights the lack of return value checks for `transfer` and `transferFrom` calls, which can lead to silent failures if the `baseToken` does not adhere to the ERC20 standard. It recommends using OpenZeppelin's `SafeERC20` library to ensure safe interactions.

**Assessment**:  
**Valid Concern.** This issue is not explicitly mentioned in the `issue` report but is a valid and critical concern. Using `SafeERC20` is a best practice to handle non-standard ERC20 tokens and prevent silent failures.

---

#### **[R-02] Untrusted External Hooks Could Steal Fees**

**Response Description**:  
The response points out that the contract grants temporary allowances to external hook contracts, which could be malicious. A compromised hook could steal the approved tokens during its execution.

**Assessment**:  
**Valid Concern.** This issue is not mentioned in the `issue` report but is a valid security risk. The contract should implement additional safeguards, such as validating the hook's behavior or limiting its permissions.

---

#### **[R-03] Admin/Role-Based Risks and Trust Model**

**Response Description**:  
The response discusses the risks associated with the contract's reliance on admin roles. If any role is compromised, an attacker could manipulate fees, redirect funds, or install malicious hooks.

**Assessment**:  
**Valid Concern.** This issue is not explicitly mentioned in the `issue` report but is a valid observation. The contract's security heavily depends on proper role management and governance.

---

#### **[R-04] No Return-Value Checks on `approve()`**

**Response Description**:  
The response highlights the lack of return value checks for `approve` calls, which could lead to silent failures if the `baseToken` does not adhere to the ERC20 standard.

**Assessment**:  
**Valid Concern.** This issue is not mentioned in the `issue` report but is a valid and critical concern. Using `SafeERC20` is recommended to handle non-standard ERC20 tokens.

---

#### **[R-05] Potential for Griefing on Small Amounts Due to Fee Checks**

**Response Description**:  
The response identifies a usability issue where small deposits or withdrawals could fail due to integer division resulting in a zero fee. This could be exploited by malicious fee adjustments to block small-value operations.

**Assessment**:  
**Valid Concern.** This issue is not mentioned in the `issue` report but is a valid observation. While not a security vulnerability, it is a usability issue that could impact user experience.

---

#### **[R-06] Dependence on Correct and Honest Behavior of Base Token**

**Response Description**:  
The response notes that the contract assumes the `baseToken` behaves as a standard ERC20 token. If the token is malicious or non-standard, it could disrupt the contract's functionality.

**Assessment**:  
**Valid Concern.** This issue is not mentioned in the `issue` report but is a valid observation. The contract should include mechanisms to validate the token's behavior during initialization.

---

#### **[R-07] Hooks Not Validated for Compatibility**

**Response Description**:  
The response points out that the contract does not validate whether hook contracts implement the expected interface. This could lead to unexpected behavior or denial-of-service.

**Assessment**:  
**Valid Concern.** This issue is not mentioned in the `issue` report but is a valid observation. The contract should include interface checks to ensure compatibility.

---

#### **[R-08] No Emission of Events on Manager Withdrawals**

**Response Description**:  
The response notes that the `managerWithdraw` function does not emit an event, which could hinder transparency and auditing.

**Assessment**:  
**Valid Concern.** This issue is not mentioned in the `issue` report but is a valid observation. Emitting events is a best practice for transparency and debugging.

---

### **Summary of Matches and Gaps**

#### **Correct Matches**:
- None.

#### **Partially Correct Matches**:
- None.

#### **Missed Issues from Issue Report**:
- **[M-02] The recipient receives free collateral token if an ERC20 token that deducts a fee on transfer is used as baseToken.**
- **[M-06] Manager can get around min reserves check, draining all funds from Collateral.sol.**

#### **GPT-Generated Potential Issues (May Be Incorrect)**:
- **[R-01] Lack of Safe ERC20 Interactions**: Valid concern.
- **[R-02] Untrusted External Hooks Could Steal Fees**: Valid concern.
- **[R-03] Admin/Role-Based Risks and Trust Model**: Valid concern.
- **[R-04] No Return-Value Checks on `approve()`**: Valid concern.
- **[R-05] Potential for Griefing on Small Amounts Due to Fee Checks**: Valid concern.
- **[R-06] Dependence on Correct and Honest Behavior of Base Token**: Valid concern.
- **[R-07] Hooks Not Validated for Compatibility**: Valid concern.
- **[R-08] No Emission of Events on Manager Withdrawals**: Valid concern.

---",0,0,2,8,"```
None.
```",0.0
PrePOMarket.sol,"// SPDX-License-Identifier: AGPL-3.0
pragma solidity =0.8.7;

import ""./interfaces/ILongShortToken.sol"";
import ""./interfaces/IPrePOMarket.sol"";
import ""@openzeppelin/contracts/token/ERC20/ERC20.sol"";
import ""@openzeppelin/contracts/access/Ownable.sol"";
import ""@openzeppelin/contracts/security/ReentrancyGuard.sol"";

contract PrePOMarket is IPrePOMarket, Ownable, ReentrancyGuard {
  IMarketHook private _mintHook;
  IMarketHook private _redeemHook;

  IERC20 private immutable collateral;
  ILongShortToken private immutable longToken;
  ILongShortToken private immutable shortToken;

  uint256 private immutable floorLongPayout;
  uint256 private immutable ceilingLongPayout;
  uint256 private finalLongPayout;

  uint256 private immutable floorValuation;
  uint256 private immutable ceilingValuation;

  uint256 private redemptionFee;

  uint256 private immutable expiryTime;

  uint256 private constant MAX_PAYOUT = 1e18;
  uint256 private constant FEE_DENOMINATOR = 1000000;
  uint256 private constant FEE_LIMIT = 100000;

  /**
   * Assumes `_collateral`, `_longToken`, and `_shortToken` are
   * valid, since they will be handled by the PrePOMarketFactory. The
   * treasury is initialized to governance due to stack limitations.
   *
   * Assumes that ownership of `_longToken` and `_shortToken` has been
   * transferred to this contract via `createMarket()` in
   * `PrePOMarketFactory.sol`.
   */
  constructor(address _governance, address _collateral, ILongShortToken _longToken, ILongShortToken _shortToken, uint256 _floorLongPayout, uint256 _ceilingLongPayout, uint256 _floorValuation, uint256 _ceilingValuation, uint256 _expiryTime) {
    require(_ceilingLongPayout > _floorLongPayout, ""Ceiling must exceed floor"");
    require(_expiryTime > block.timestamp, ""Invalid expiry"");
    require(_ceilingLongPayout <= MAX_PAYOUT, ""Ceiling cannot exceed 1"");

    transferOwnership(_governance);

    collateral = IERC20(_collateral);
    longToken = _longToken;
    shortToken = _shortToken;

    floorLongPayout = _floorLongPayout;
    ceilingLongPayout = _ceilingLongPayout;
    finalLongPayout = MAX_PAYOUT + 1;

    floorValuation = _floorValuation;
    ceilingValuation = _ceilingValuation;

    expiryTime = _expiryTime;

    emit MarketCreated(address(_longToken), address(_shortToken), _floorLongPayout, _ceilingLongPayout, _floorValuation, _ceilingValuation, _expiryTime);
  }

  function mint(uint256 _amount) external override nonReentrant returns (uint256) {
    require(finalLongPayout > MAX_PAYOUT, ""Market ended"");
    require(collateral.balanceOf(msg.sender) >= _amount, ""Insufficient collateral"");
    if (address(_mintHook) != address(0)) _mintHook.hook(msg.sender, _amount, _amount);
    collateral.transferFrom(msg.sender, address(this), _amount);
    longToken.mint(msg.sender, _amount);
    shortToken.mint(msg.sender, _amount);
    emit Mint(msg.sender, _amount);
    return _amount;
  }

  function redeem(uint256 _longAmount, uint256 _shortAmount) external override nonReentrant {
    require(longToken.balanceOf(msg.sender) >= _longAmount, ""Insufficient long tokens"");
    require(shortToken.balanceOf(msg.sender) >= _shortAmount, ""Insufficient short tokens"");

    uint256 _collateralAmount;
    if (finalLongPayout <= MAX_PAYOUT) {
      uint256 _shortPayout = MAX_PAYOUT - finalLongPayout;
      _collateralAmount = (finalLongPayout * _longAmount + _shortPayout * _shortAmount) / MAX_PAYOUT;
    } else {
      require(_longAmount == _shortAmount, ""Long and Short must be equal"");
      _collateralAmount = _longAmount;
    }

    uint256 _actualFee;
    uint256 _expectedFee = (_collateralAmount * redemptionFee) / FEE_DENOMINATOR;
    if (redemptionFee > 0) { require(_expectedFee > 0, ""fee = 0""); }
    else { require(_collateralAmount > 0, ""amount = 0""); }
    if (address(_redeemHook) != address(0)) {
      collateral.approve(address(_redeemHook), _expectedFee);
      uint256 _collateralAllowanceBefore = collateral.allowance(address(this), address(_redeemHook));
      _redeemHook.hook(msg.sender, _collateralAmount, _collateralAmount - _expectedFee);
      _actualFee = _collateralAllowanceBefore - collateral.allowance(address(this), address(_redeemHook));
      collateral.approve(address(_redeemHook), 0);
    } else { _actualFee = 0; }

    longToken.burnFrom(msg.sender, _longAmount);
    shortToken.burnFrom(msg.sender, _shortAmount);
    uint256 _collateralAfterFee = _collateralAmount - _actualFee;
    collateral.transfer(msg.sender, _collateralAfterFee);

    emit Redemption(msg.sender, _collateralAfterFee, _actualFee);
  }

  function setMintHook(IMarketHook mintHook) external override onlyOwner {
    _mintHook = mintHook;
    emit MintHookChange(address(mintHook));
  }

  function setRedeemHook(IMarketHook redeemHook) external override onlyOwner {
    _redeemHook = redeemHook;
    emit RedeemHookChange(address(redeemHook));
  }

  function setFinalLongPayout(uint256 _finalLongPayout) external override onlyOwner {
    require(_finalLongPayout >= floorLongPayout, ""Payout cannot be below floor"");
    require(_finalLongPayout <= ceilingLongPayout, ""Payout cannot exceed ceiling"");
    finalLongPayout = _finalLongPayout;
    emit FinalLongPayoutSet(_finalLongPayout);
  }

  function setRedemptionFee(uint256 _redemptionFee) external override onlyOwner {
    require(_redemptionFee <= FEE_LIMIT, ""Exceeds fee limit"");
    redemptionFee = _redemptionFee;
    emit RedemptionFeeChange(_redemptionFee);
  }

  function getMintHook() external view override returns (IMarketHook) { return _mintHook; }

  function getRedeemHook() external view override returns (IMarketHook) { return _redeemHook; }

  function getCollateral() external view override returns (IERC20) { return collateral; }

  function getLongToken() external view override returns (ILongShortToken) { return longToken; }

  function getShortToken() external view override returns (ILongShortToken) { return shortToken; }

  function getFloorLongPayout() external view override returns (uint256) { return floorLongPayout; }

  function getCeilingLongPayout() external view override returns (uint256) { return ceilingLongPayout; }

  function getFinalLongPayout() external view override returns (uint256) { return finalLongPayout; }

  function getFloorValuation() external view override returns (uint256) { return floorValuation; }

  function getCeilingValuation() external view override returns (uint256) { return ceilingValuation; }

  function getRedemptionFee() external view override returns (uint256) { return redemptionFee; }

  function getExpiryTime() external view override returns (uint256) { return expiryTime; }

  function getMaxPayout() external pure override returns (uint256) { return MAX_PAYOUT; }

  function getFeeDenominator() external pure override returns (uint256) { return FEE_DENOMINATOR; }

  function getFeeLimit() external pure override returns (uint256) { return FEE_LIMIT; }
}",1752.0,163.0,"[M-03] Frontrunning for unallowed minting of Short and Long tokens
The problem is, that as long as the `_mintHook` is not set via `setMintHook`, everyone can use the mint function and mint short and long tokens. At the moment the `_mintHook` is not set in the contructor of PrePOMarket and so the transaction that will set the `_mintHook` can be front run to mint short and long tokens for the attacker.

[M-05] PrePOMarket.setFinalLongPayout() shouldn't be called twice.
If `finalLongPayout` is changed twice by admin fault, the market would be insolvent as it should pay more collateral than it has.",2.0,"pragma solidity =0.8.7;

import ""./interfaces/ILongShortToken.sol"";
import ""./interfaces/IPrePOMarket.sol"";
import ""@openzeppelin/contracts/token/ERC20/ERC20.sol"";
import ""@openzeppelin/contracts/access/Ownable.sol"";
import ""@openzeppelin/contracts/security/ReentrancyGuard.sol"";

contract PrePOMarket is IPrePOMarket, Ownable, ReentrancyGuard {
  IMarketHook private _mintHook;
  IMarketHook private _redeemHook;

  IERC20 private immutable collateral;
  ILongShortToken private immutable longToken;
  ILongShortToken private immutable shortToken;

  uint256 private immutable floorLongPayout;
  uint256 private immutable ceilingLongPayout;
  uint256 private finalLongPayout;

  uint256 private immutable floorValuation;
  uint256 private immutable ceilingValuation;

  uint256 private redemptionFee;

  uint256 private immutable expiryTime;

  uint256 private constant MAX_PAYOUT = 1e18;
  uint256 private constant FEE_DENOMINATOR = 1000000;
  uint256 private constant FEE_LIMIT = 100000;

  
  constructor(address _governance, address _collateral, ILongShortToken _longToken, ILongShortToken _shortToken, uint256 _floorLongPayout, uint256 _ceilingLongPayout, uint256 _floorValuation, uint256 _ceilingValuation, uint256 _expiryTime) {
    require(_ceilingLongPayout > _floorLongPayout, ""Ceiling must exceed floor"");
    require(_expiryTime > block.timestamp, ""Invalid expiry"");
    require(_ceilingLongPayout <= MAX_PAYOUT, ""Ceiling cannot exceed 1"");

    transferOwnership(_governance);

    collateral = IERC20(_collateral);
    longToken = _longToken;
    shortToken = _shortToken;

    floorLongPayout = _floorLongPayout;
    ceilingLongPayout = _ceilingLongPayout;
    finalLongPayout = MAX_PAYOUT + 1;

    floorValuation = _floorValuation;
    ceilingValuation = _ceilingValuation;

    expiryTime = _expiryTime;

    emit MarketCreated(address(_longToken), address(_shortToken), _floorLongPayout, _ceilingLongPayout, _floorValuation, _ceilingValuation, _expiryTime);
  }

  function mint(uint256 _amount) external override nonReentrant returns (uint256) {
    require(finalLongPayout > MAX_PAYOUT, ""Market ended"");
    require(collateral.balanceOf(msg.sender) >= _amount, ""Insufficient collateral"");
    if (address(_mintHook) != address(0)) _mintHook.hook(msg.sender, _amount, _amount);
    collateral.transferFrom(msg.sender, address(this), _amount);
    longToken.mint(msg.sender, _amount);
    shortToken.mint(msg.sender, _amount);
    emit Mint(msg.sender, _amount);
    return _amount;
  }

  function redeem(uint256 _longAmount, uint256 _shortAmount) external override nonReentrant {
    require(longToken.balanceOf(msg.sender) >= _longAmount, ""Insufficient long tokens"");
    require(shortToken.balanceOf(msg.sender) >= _shortAmount, ""Insufficient short tokens"");

    uint256 _collateralAmount;
    if (finalLongPayout <= MAX_PAYOUT) {
      uint256 _shortPayout = MAX_PAYOUT - finalLongPayout;
      _collateralAmount = (finalLongPayout * _longAmount + _shortPayout * _shortAmount) / MAX_PAYOUT;
    } else {
      require(_longAmount == _shortAmount, ""Long and Short must be equal"");
      _collateralAmount = _longAmount;
    }

    uint256 _actualFee;
    uint256 _expectedFee = (_collateralAmount * redemptionFee) / FEE_DENOMINATOR;
    if (redemptionFee > 0) { require(_expectedFee > 0, ""fee = 0""); }
    else { require(_collateralAmount > 0, ""amount = 0""); }
    if (address(_redeemHook) != address(0)) {
      collateral.approve(address(_redeemHook), _expectedFee);
      uint256 _collateralAllowanceBefore = collateral.allowance(address(this), address(_redeemHook));
      _redeemHook.hook(msg.sender, _collateralAmount, _collateralAmount - _expectedFee);
      _actualFee = _collateralAllowanceBefore - collateral.allowance(address(this), address(_redeemHook));
      collateral.approve(address(_redeemHook), 0);
    } else { _actualFee = 0; }

    longToken.burnFrom(msg.sender, _longAmount);
    shortToken.burnFrom(msg.sender, _shortAmount);
    uint256 _collateralAfterFee = _collateralAmount - _actualFee;
    collateral.transfer(msg.sender, _collateralAfterFee);

    emit Redemption(msg.sender, _collateralAfterFee, _actualFee);
  }

  function setMintHook(IMarketHook mintHook) external override onlyOwner {
    _mintHook = mintHook;
    emit MintHookChange(address(mintHook));
  }

  function setRedeemHook(IMarketHook redeemHook) external override onlyOwner {
    _redeemHook = redeemHook;
    emit RedeemHookChange(address(redeemHook));
  }

  function setFinalLongPayout(uint256 _finalLongPayout) external override onlyOwner {
    require(_finalLongPayout >= floorLongPayout, ""Payout cannot be below floor"");
    require(_finalLongPayout <= ceilingLongPayout, ""Payout cannot exceed ceiling"");
    finalLongPayout = _finalLongPayout;
    emit FinalLongPayoutSet(_finalLongPayout);
  }

  function setRedemptionFee(uint256 _redemptionFee) external override onlyOwner {
    require(_redemptionFee <= FEE_LIMIT, ""Exceeds fee limit"");
    redemptionFee = _redemptionFee;
    emit RedemptionFeeChange(_redemptionFee);
  }

  function getMintHook() external view override returns (IMarketHook) { return _mintHook; }

  function getRedeemHook() external view override returns (IMarketHook) { return _redeemHook; }

  function getCollateral() external view override returns (IERC20) { return collateral; }

  function getLongToken() external view override returns (ILongShortToken) { return longToken; }

  function getShortToken() external view override returns (ILongShortToken) { return shortToken; }

  function getFloorLongPayout() external view override returns (uint256) { return floorLongPayout; }

  function getCeilingLongPayout() external view override returns (uint256) { return ceilingLongPayout; }

  function getFinalLongPayout() external view override returns (uint256) { return finalLongPayout; }

  function getFloorValuation() external view override returns (uint256) { return floorValuation; }

  function getCeilingValuation() external view override returns (uint256) { return ceilingValuation; }

  function getRedemptionFee() external view override returns (uint256) { return redemptionFee; }

  function getExpiryTime() external view override returns (uint256) { return expiryTime; }

  function getMaxPayout() external pure override returns (uint256) { return MAX_PAYOUT; }

  function getFeeDenominator() external pure override returns (uint256) { return FEE_DENOMINATOR; }

  function getFeeLimit() external pure override returns (uint256) { return FEE_LIMIT; }
}",1645.0,0,2,"Evaluating contract vulnerabilities
I'm examining vulnerabilities in the contract, such as reliance on collateral.allowance changes and the unusual redeem() function's behavior. These issues could potentially lead to unexpected outcomes.
Spotting sentinel value
OK, I noticed a bizarre sentinel value in the redeem() function, but require(redemptionFee <= FEE_LIMIT) and nonReentrant seem solid.
Evaluating risk elements
I see the redeemHook could be malicious, manipulating allowances and external calls, potentially leading to token theft or altered fee calculations.
Assessing token and reentrancy risks
I'm evaluating how non-standard ERC20 tokens and the redeemHook mechanism might cause issues like reentrancy and improper collateral validation.
Regarding premature finalization
It's worth noting that the owner in the code can finalize payouts before the expiration time, which could potentially disrupt expected outcomes.
Tracking fee, finalization, and token standards
I’m highlighting risks like redeemHook altering fee calculations, owner premature finalization, and non-standard token behavior, all of which can lead to unexpected contract outcomes.
Assessing fee reliability
I'm working through the reliability of fee calculation via collateral.approve and allowance, noting potential breakdowns and manipulation if the redeemHook misuses allowances.","Below are the main categories of potential vulnerabilities and design weaknesses present in the given Solidity smart contract. While some of these may be intentional design decisions or mitigated by external assumptions (such as trust in the `owner` or in the token interfaces), they still represent potential vulnerabilities or risks:

1. **Untrusted External Hooks (Reentrancy and Malicious Behavior):**  
   The contract integrates with external hooks `_mintHook` and `_redeemHook` via `hook()` calls:
   - **Reentrancy possibilities:** Although `nonReentrant` modifiers are applied to `mint` and `redeem`, the hooks themselves could call arbitrary external code. If these hooks indirectly interact with the same contract again (e.g., through another contract or token callback), complex reentrancy scenarios could arise. The `nonReentrant` modifier reduces direct reentrancy but does not prevent indirect economic attacks or logic manipulations initiated by the hook.
   - **Malicious behavior in hooks:** The hooks have the power to run arbitrary logic, including transfer approvals on the collateral token. A malicious hook could potentially disrupt fee calculations, force unexpected state changes, or induce gas griefing, denial-of-service patterns, or logic manipulations not anticipated by the contract author.

2. **Allowance-Based Fee Calculation Logic:**  
   In the `redeem` function, the contract attempts to determine the actual fee taken by the `redeemHook` by measuring the reduction in `allowance` after calling `hook()`:
   - **Manipulation of `allowance` measurement:** The fee determination relies on the assumption that the `redeemHook` will consume the allowance exactly by transferring out the fee. A malicious hook could, for example, reduce the allowance without actually transferring tokens, causing the contract to record a fee taken when no tokens left the contract, or vice versa.
   - **Inconsistent token behavior:** If the `redeemHook` changes allowances in non-standard ways (e.g., calling `approve` back to a nonzero amount or using a non-standard ERC20 token), the fee calculation may break down, leading to incorrect fee accounting or unintended token lockups.

3. **No Time Restriction on Finalization (`setFinalLongPayout`):**  
   The contract owner can set the final long payout at any time, with no explicit check that `block.timestamp >= expiryTime`. This introduces:
   - **Premature finalization risk:** The owner can finalize and set the final payout distribution before the `expiryTime`, potentially harming market participants who expect the finalization only after a certain period. This is a governance vulnerability if the system is supposed to be trustless or time-bound.

4. **Trust in External Token Contracts (Collateral, Long, Short Tokens):**  
   The contract trusts that `collateral`, `longToken`, and `shortToken` are standard and behave as expected:
   - **Non-standard ERC20 tokens:** If any of these tokens do not follow the ERC20 standard strictly, do not revert on failure, or have other quirks (like not returning booleans correctly, or failing silently), the contract’s logic could break. Tokens that do not revert on failed transfers or behave non-atomically can cause funds to be stuck, lead to incorrect payouts, or break the accounting assumptions.
   - **No validation of token addresses:** There is no explicit sanity check to ensure the provided addresses are valid token contracts. If a non-ERC20 contract is passed, behavior can be unpredictable.

5. **Hook Approval Without Strict Checks:**  
   The contract sets an allowance for the `redeemHook` equal to the `_expectedFee` and then calls `hook()`:
   - **Unlimited external control during hook call:** While the allowance is set, the `redeemHook` can attempt to exploit this moment to misuse the contract’s tokens, depending on the tokens’ implementation.
   - **Failure if `expectedFee` calculation is off:** If `redemptionFee` is set but results in an `_expectedFee` that rounds down to zero due to integer division, the code will revert (`require(_expectedFee > 0, ""fee = 0"");`). Although this is not a direct exploit, it’s a logic vulnerability that can lead to unexpected revert scenarios.

6. **Lack of Visibility/Checks on Market End Conditions:**  
   The contract signals the market end by setting `finalLongPayout` to a value `<= MAX_PAYOUT`. However, the logic relies heavily on `finalLongPayout`’s value:
   - **No explicit guard against early changes to payouts or fees:** The owner can change the redemption fee or finalize outcomes arbitrarily. Without additional governance constraints, there is a centralization risk where owner actions can disadvantage users.

---

**In summary**, the primary vulnerabilities center on the trust placed in external hooks (which can lead to subtle attacks via allowance manipulation or logic reentrancy), the lack of enforcement that finalization only occurs after the `expiryTime`, reliance on token standard behavior without verification, and reliance on an allowance-based scheme to determine actual fees taken by a hook.","---

### **Analysis of Issues and Responses**

---

#### **[M-03] Frontrunning for unallowed minting of Short and Long tokens**

**Report Description**:  
The `_mintHook` is not set in the constructor of `PrePOMarket`, leaving the `mint` function unprotected until `_mintHook` is set via `setMintHook`. This allows anyone to mint short and long tokens before `_mintHook` is set, potentially leading to unauthorized token minting. The transaction to set `_mintHook` can be front-run, enabling an attacker to exploit this vulnerability.

**Match in Response List**:  
No explicit match found. The response list discusses **Untrusted External Hooks (Reentrancy and Malicious Behavior)**, but it does not directly address the issue of frontrunning or the lack of `_mintHook` initialization in the constructor.

**Validation**:  
**Incorrect**. The response list does not address the specific issue of frontrunning due to the absence of `_mintHook` initialization. While the discussion on external hooks highlights potential risks with `_mintHook`, it does not propose a solution to prevent unauthorized minting before `_mintHook` is set. The issue requires a specific mitigation, such as initializing `_mintHook` in the constructor or restricting access to the `mint` function until `_mintHook` is set.

**Suggestions**:  
- Initialize `_mintHook` in the constructor to ensure it is set before the contract is deployed.  
- Alternatively, add a modifier to the `mint` function to restrict access until `_mintHook` is set. For example:  
  ```solidity
  require(address(_mintHook) != address(0), ""Mint hook not set"");
  ```

---

#### **[M-05] PrePOMarket.setFinalLongPayout() shouldn't be called twice**

**Report Description**:  
The `setFinalLongPayout` function can be called multiple times, allowing the `finalLongPayout` to be changed repeatedly. If the admin mistakenly sets `finalLongPayout` twice, the market could become insolvent, as it would need to pay out more collateral than it holds.

**Match in Response List**:  
Partially matches with **No Time Restriction on Finalization (`setFinalLongPayout`)**. The response highlights the lack of a time restriction for calling `setFinalLongPayout`, but it does not explicitly address the issue of multiple calls to the function.

**Validation**:  
**Partially Correct**. The response identifies a related issue (lack of time restriction) but does not address the core problem of allowing multiple calls to `setFinalLongPayout`. The issue requires a specific solution to prevent the function from being called more than once.

**Suggestions**:  
- Add a state variable to track whether `setFinalLongPayout` has already been called. For example:  
  ```solidity
  bool public isFinalized;

  function setFinalLongPayout(uint256 _payout) external onlyOwner {
      require(!isFinalized, ""Final payout already set"");
      isFinalized = true;
      finalLongPayout = _payout;
  }
  ```

---

### **GPT-Generated Potential Issues (May Be Incorrect)**

#### **[R-01] Lack of Constructor Initialization for `_mintHook`**

**Response Description**:  
The `_mintHook` is not initialized in the constructor, leaving the `mint` function unprotected until `_mintHook` is set. This creates a window of vulnerability where unauthorized users can mint tokens.

**Assessment**:  
**Valid Concern**. This issue aligns with the vulnerability described in **[M-03]**. Initializing `_mintHook` in the constructor or restricting access to `mint` until `_mintHook` is set would mitigate this risk.

---

#### **[R-02] Lack of Single-Call Restriction for `setFinalLongPayout`**

**Response Description**:  
The `setFinalLongPayout` function can be called multiple times, leading to potential insolvency if the payout is changed repeatedly.

**Assessment**:  
**Valid Concern**. This issue aligns with the vulnerability described in **[M-05]**. Adding a single-call restriction to `setFinalLongPayout` would address this risk.

---

#### **[R-03] Lack of Sanity Checks for Token Addresses**

**Response Description**:  
The contract does not validate that the provided token addresses (`collateral`, `longToken`, `shortToken`) are valid ERC20 contracts. If a non-ERC20 contract is passed, the contract's behavior could become unpredictable.

**Assessment**:  
**Valid Concern**. This issue is mentioned in the response list under **Trust in External Token Contracts**, but it is not explicitly linked to the issues in the `issue` report. Adding sanity checks for token addresses would enhance the contract's robustness.

---

### **Summary of Matches and Gaps**

#### **Correct Matches**:
- None.

#### **Partially Correct Matches**:
- **[M-05] PrePOMarket.setFinalLongPayout() shouldn't be called twice**: Partially addressed under **No Time Restriction on Finalization (`setFinalLongPayout`)**, but the specific issue of multiple calls is not resolved.

#### **Missed Issues from Issue Report**:
- **[M-03] Frontrunning for unallowed minting of Short and Long tokens**: Not addressed in the response list.

---

### **Recommendations**

1. **Address Frontrunning in `_mintHook` Initialization**:  
   - Initialize `_mintHook` in the constructor or restrict access to `mint` until `_mintHook` is set.

2. **Restrict Multiple Calls to `setFinalLongPayout`**:  
   - Add a state variable to ensure `setFinalLongPayout` can only be called once.

3. **Add Sanity Checks for Token Addresses**:  
   - Validate that `collateral`, `longToken`, and `shortToken` are valid ERC20 contracts during initialization.

4. **Enhance Documentation**:  
   - Clearly document the risks associated with external hooks and the assumptions about token behavior to ensure developers and auditors are aware of potential vulnerabilities.

---",0,1,1,6,"```
None.
```",0.0
,,,,,,,,2,5,,,,0,2,5,22,,
