nameid,code,tokens,loc,issue,vulnumber,Unnamed: 6,code_snippet,processtokens,high_severity_count,medium_severity_count,Thought,Findings,Comparison,Correct Matches,Partially Correct,Missed,GPT-generated,matchList,MAP
YaxisVaultAdapter.sol,"// SPDX-License-Identifier: GPL-3.0
pragma solidity ^0.6.12;
pragma experimental ABIEncoderV2;

import 'hardhat/console.sol';

import {SafeERC20} from '@openzeppelin/contracts/token/ERC20/SafeERC20.sol';
import {SafeMath} from '@openzeppelin/contracts/math/SafeMath.sol';

import {FixedPointMath} from '../libraries/FixedPointMath.sol';
import {IDetailedERC20} from '../interfaces/IDetailedERC20.sol';
import {IVaultAdapter} from '../interfaces/IVaultAdapter.sol';
import {IVault} from '../../interfaces/IVault.sol';

/// @title YaxisVaultAdapter
///
/// @dev A vault adapter implementation which wraps a yAxis vault.
contract YaxisVaultAdapter is IVaultAdapter {
    using FixedPointMath for FixedPointMath.FixedDecimal;
    using SafeERC20 for IDetailedERC20;
    using SafeMath for uint256;

    /// @dev The vault that the adapter is wrapping.
    IVault public vault;

    /// @dev The address which has admin control over this contract.
    address public admin;

    constructor(IVault _vault, address _admin) public {
        vault = _vault;
        admin = _admin;
        updateApproval();
    }

    /// @dev A modifier which reverts if the caller is not the admin.
    modifier onlyAdmin() {
        require(admin == msg.sender, 'YaxisVaultAdapter: only admin');
        _;
    }

    /// @dev Gets the token that the vault accepts.
    ///
    /// @return the accepted token.
    function token() external view override returns (IDetailedERC20) {
        return IDetailedERC20(vault.getToken());
    }

    /// @dev Gets the total value of the assets that the adapter holds in the vault.
    ///
    /// @return the total assets.
    function totalValue() external view override returns (uint256) {
        return _sharesToTokens(IDetailedERC20(vault.getLPToken()).balanceOf(address(this)));
    }

    /// @dev Deposits tokens into the vault.
    ///
    /// @param _amount the amount of tokens to deposit into the vault.
    function deposit(uint256 _amount) external override {
        vault.deposit(_amount);
    }

    /// @dev Withdraws tokens from the vault to the recipient.
    ///
    /// This function reverts if the caller is not the admin.
    ///
    /// @param _recipient the account to withdraw the tokes to.
    /// @param _amount    the amount of tokens to withdraw.
    function withdraw(address _recipient, uint256 _amount) external override onlyAdmin {
        vault.withdraw(_tokensToShares(_amount));
        address _token = vault.getToken();
        IDetailedERC20(_token).safeTransfer(_recipient, _amount);
    }

    /// @dev Updates the vaults approval of the token to be the maximum value.
    function updateApproval() public {
        address _token = vault.getToken();
        IDetailedERC20(_token).safeApprove(address(vault), uint256(-1));
    }

    /// @dev Computes the number of tokens an amount of shares is worth.
    ///
    /// @param _sharesAmount the amount of shares.
    ///
    /// @return the number of tokens the shares are worth.

    function _sharesToTokens(uint256 _sharesAmount) internal view returns (uint256) {
        return _sharesAmount.mul(vault.getPricePerFullShare()).div(1e18);
    }

    /// @dev Computes the number of shares an amount of tokens is worth.
    ///
    /// @param _tokensAmount the amount of shares.
    ///
    /// @return the number of shares the tokens are worth.
    function _tokensToShares(uint256 _tokensAmount) internal view returns (uint256) {
        return _tokensAmount.mul(1e18).div(vault.getPricePerFullShare());
    }
}",820,98,"[H-01] YaxisVaultAdapter.sol#withdraw() will most certainly fail
The actual token withdrawn from `vault.withdraw()` will most certainly less than the `_amount`, due to precision loss in `_tokensToShares()` and `vault.withdraw()`.
As a result, `IDetailedERC20(_token).safeTransfer(_recipient, _amount)` will revert due to insufficant balance.
Based on the simulation we ran, it will fail 99.99% of the time unless the `pps == 1e18`.
function withdraw(address _recipient, uint256 _amount) external override onlyAdmin {
    vault.withdraw(_tokensToShares(_amount));
    address _token = vault.getToken();
    IDetailedERC20(_token).safeTransfer(_recipient, _amount);
}",1,,"pragma solidity ^0.6.12;
pragma experimental ABIEncoderV2;

import 'hardhat/console.sol';

import {SafeERC20} from '@openzeppelin/contracts/token/ERC20/SafeERC20.sol';
import {SafeMath} from '@openzeppelin/contracts/math/SafeMath.sol';

import {FixedPointMath} from '../libraries/FixedPointMath.sol';
import {IDetailedERC20} from '../interfaces/IDetailedERC20.sol';
import {IVaultAdapter} from '../interfaces/IVaultAdapter.sol';
import {IVault} from '../../interfaces/IVault.sol';




contract YaxisVaultAdapter is IVaultAdapter {
    using FixedPointMath for FixedPointMath.FixedDecimal;
    using SafeERC20 for IDetailedERC20;
    using SafeMath for uint256;

    
    IVault public vault;

    
    address public admin;

    constructor(IVault _vault, address _admin) public {
        vault = _vault;
        admin = _admin;
        updateApproval();
    }

    
    modifier onlyAdmin() {
        require(admin == msg.sender, 'YaxisVaultAdapter: only admin');
        _;
    }

    
    
    
    function token() external view override returns (IDetailedERC20) {
        return IDetailedERC20(vault.getToken());
    }

    
    
    
    function totalValue() external view override returns (uint256) {
        return _sharesToTokens(IDetailedERC20(vault.getLPToken()).balanceOf(address(this)));
    }

    
    
    
    function deposit(uint256 _amount) external override {
        vault.deposit(_amount);
    }

    
    
    
    
    
    
    function withdraw(address _recipient, uint256 _amount) external override onlyAdmin {
        vault.withdraw(_tokensToShares(_amount));
        address _token = vault.getToken();
        IDetailedERC20(_token).safeTransfer(_recipient, _amount);
    }

    
    function updateApproval() public {
        address _token = vault.getToken();
        IDetailedERC20(_token).safeApprove(address(vault), uint256(-1));
    }

    
    
    
    
    

    function _sharesToTokens(uint256 _sharesAmount) internal view returns (uint256) {
        return _sharesAmount.mul(vault.getPricePerFullShare()).div(1e18);
    }

    
    
    
    
    
    function _tokensToShares(uint256 _tokensAmount) internal view returns (uint256) {
        return _tokensAmount.mul(1e18).div(vault.getPricePerFullShare());
    }
}",509,1,0,"Identifying withdrawal risks
I see a vulnerability in the withdrawal method, where discrepancies between _amount and _tokensToShares(_amount) could lead to rounding errors or exploitation, especially with fluctuating vault.getPricePerFullShare().
Evaluating vulnerabilities
I’m examining infinite token allowance risks with safeApprove, potential admin manipulation, and share-token computation errors, especially if vault.getPricePerFullShare() is tampered with.
Examining vulnerabilities
I’m noting the lack of a reentrancy guard, especially with vault.withdraw(), and the risk of malicious external calls without protection, which could lead to token draining or double transfers.
Identifying deposit vulnerabilities
Noting the adapter's failure to track user deposits, the risk of incorrect usage, and the inability to handle vault.withdraw() failures or division by zero from extreme vault.getPricePerFullShare() values.
","Below are the key potential vulnerabilities and issues that may be present in this contract, along with detailed explanations:

1. **Unbounded / Infinite Token Allowance**:  
   In the `updateApproval()` function, the contract grants `uint256(-1)` (effectively infinite) allowance to the vault. If the vault is compromised or malicious, it could pull all tokens out of the adapter without any further authorization. While infinite approvals are a common convenience pattern, they present a risk if the called contract (vault) or its underlying tokens are not fully trusted.

2. **No Reentrancy Protection**:  
   The contract calls external functions on `vault` (for example, `vault.deposit()` and `vault.withdraw()`), but does not implement any reentrancy guards (`nonReentrant` modifier or equivalent). If the `vault` is malicious or becomes compromised, it could reenter the adapter during these external calls. For example, `vault.withdraw()` might trigger a callback that calls `withdraw()` again before the first call finishes, potentially draining tokens.

   Although tokens using the OpenZeppelin `safeTransfer` methods guard against low-level token-based reentrancies, nothing prevents the external `vault` contract itself from calling back into the adapter. Without a reentrancy guard, careful analysis is required to ensure that no state or token balance can be manipulated mid-execution.

3. **Reliance on `vault.getPricePerFullShare()` for Accounting**:  
   The adapter relies on `vault.getPricePerFullShare()` to compute conversions between shares and tokens. Any manipulation or unexpected behavior in `getPricePerFullShare()` could cause incorrect conversions. For example:
   - If `getPricePerFullShare()` is set to a very large or very small value by the vault, arithmetic could overflow or underflow (though SafeMath prevents underflow/overflow, it might cause unexpected reverts).
   - If `getPricePerFullShare()` is zero, `_tokensToShares()` would attempt division by zero, reverting the call.
   - Rounding discrepancies or manipulation of `getPricePerFullShare()` may cause the adapter to withdraw a different amount of tokens than intended, resulting in losses or incorrect distribution.

4. **Potential Mismatch Between Vault Logic and Adapter Expectations**:  
   The adapter’s logic assumes a stable relationship between shares and underlying tokens (1e18 scaling). If the `vault`'s internal accounting or decimals differ from what the adapter expects, the adapter might perform incorrect calculations. This is especially relevant if `vault.getPricePerFullShare()` is not scaled consistently or if the underlying token decimals differ from the standard 18 decimals the adapter seems to expect.

5. **No Authorization Checks for `deposit()`**:  
   While `withdraw()` is restricted to `onlyAdmin`, `deposit()` is not. This means anyone can trigger the adapter to deposit its tokens into the vault. If the adapter holds user funds or is expected to only be controlled by the admin, this could be a logical vulnerability. Although the adapter must hold tokens before someone can deposit them, an attacker that can trick the adapter into holding tokens may cause undesired deposits.

6. **Lack of Checks on External Calls**:  
   The contract does not verify the return values of external calls like `vault.deposit()` or `vault.withdraw()` nor does it ensure that the amount of tokens actually withdrawn from the vault matches the `_amount` passed to the `withdraw()` function. A malicious or faulty vault might not return the correct amount of tokens, resulting in discrepancies and potential loss of funds.

7. **No Event Emissions for Critical Actions**:  
   While not strictly a ""vulnerability,"" the contract does not emit events for critical state changes like withdrawals or deposits. This can reduce transparency and complicate audits or forensics after-the-fact, particularly if something unexpected happens.

---

**Summary of Key Vulnerabilities**:  
- Infinite allowance given to the vault (risk if the vault is compromised).  
- Missing reentrancy protections for external calls (risk of malicious reentrancy if the vault can call back).  
- Heavy reliance on `getPricePerFullShare()` which, if manipulated, can break accounting and allow theft or mis-distribution of tokens.  
- No verification that the vault behaves as expected or returns the correct number of tokens on withdrawals.

These issues should be addressed to improve the security and reliability of the contract.
","### **Issue Report Analysis**

---

**[H-01] YaxisVaultAdapter.sol#withdraw() will most certainly fail**

**Report Description**:
The `withdraw()` function in the `YaxisVaultAdapter` contract may fail because the amount of tokens withdrawn from the vault is likely to be less than the `_amount` due to precision loss in `_tokensToShares()` and `vault.withdraw()`. As a result, the `safeTransfer()` call could fail due to insufficient balance. This could occur unless the `pps` (price per share) is exactly `1e18`.

**Match in Response List**:
Matches with the issue titled **""Lack of Checks on External Calls""**.

**Validation**:
**Partially Correct**. 
- The issue is partially addressed under **""Lack of Checks on External Calls""** (response #6), where it is mentioned that the contract does not verify the return values of external calls like `vault.withdraw()`, and that the amount of tokens withdrawn may not match the expected `_amount`. This is a valid concern and directly related to the issue raised, where the precision loss leads to a mismatch in the token amount and ultimately causes the `safeTransfer` to fail. However, the response doesn't mention the **precision loss** in the conversion between shares and tokens, which is the core reason for the failure. The response could have been more specific about the precision loss issue and how it might cause this failure.
  
**Suggestions**:
- The response could be more specific about the potential **precision loss** in the conversion between shares and tokens (`_tokensToShares()`) and its effect on the withdrawal process. It would also be beneficial to mention potential ways to mitigate this, such as rounding techniques or additional sanity checks on the values involved.

---

### **GPT-Generated Potential Issues (May Be Incorrect)**

**[R-01] Unbounded / Infinite Token Allowance**

**Response Description**:
In the `updateApproval()` function, the contract grants `uint256(-1)` (effectively infinite) allowance to the vault. If the vault is compromised or malicious, it could pull all tokens out of the adapter without any further authorization.

**Assessment**:
**Not Relevant to Current Issue**. 
This issue pertains to the `updateApproval()` function, which is not mentioned in the issue report. There is no reference to token allowance concerns in the original report regarding the `withdraw()` function, so this issue does not seem relevant to the problem at hand.

**Recommendations**:
- No action needed, as this issue is unrelated to the original issue.

---

**[R-02] No Reentrancy Protection**

**Response Description**:
The contract does not implement any reentrancy guards (`nonReentrant` modifier) despite calling external functions like `vault.withdraw()`. This could allow a compromised vault to re-enter the adapter and potentially exploit vulnerabilities during the external calls.

**Assessment**:
**Valid Concern**. While not directly tied to the precision loss issue, the lack of reentrancy protection is a legitimate concern in general. Any contract interacting with external contracts should be cautious of reentrancy attacks, and the absence of reentrancy protection in the `withdraw()` function should be addressed.

**Recommendations**:
- Consider adding a `nonReentrant` modifier to functions like `withdraw()` to protect against reentrancy attacks.

---

**[R-03] Reliance on `vault.getPricePerFullShare()` for Accounting**

**Response Description**:
The contract relies on `vault.getPricePerFullShare()` for conversions between shares and tokens, and any manipulation or unexpected behavior in this function could cause incorrect conversions. This could lead to incorrect token withdrawals or arithmetic errors, such as overflow/underflow or division by zero.

**Assessment**:
**Valid Concern**. While this issue is more focused on the integrity of `getPricePerFullShare()` rather than the precision loss issue in the original report, it raises a valid concern. If `getPricePerFullShare()` behaves unexpectedly, it could indeed cause significant errors in token accounting and withdrawal logic. This concern is related but does not directly address the precision loss problem caused by `_tokensToShares()`.

**Recommendations**:
- Ensure that `getPricePerFullShare()` is correctly scaled and validated to prevent unexpected behaviors. Adding sanity checks for `getPricePerFullShare()` could help mitigate this risk.

---

**[R-04] Potential Mismatch Between Vault Logic and Adapter Expectations**

**Response Description**:
The adapter assumes a stable relationship between shares and underlying tokens (1e18 scaling). If the `vault`'s internal logic or token decimals differ from what the adapter expects, incorrect calculations could occur.

**Assessment**:
**Valid Concern**. This issue is related to the precision loss problem described in the original issue report. The mismatch between the expected scaling (1e18) and the actual vault logic could lead to errors in token conversion and withdrawal calculations. This issue is important but does not fully explain the root cause of the precision loss that leads to the failure.

**Recommendations**:
- The response could be more focused on providing specific checks to ensure that the scaling between shares and tokens is consistent and that any discrepancies are caught early.

---

**[R-05] No Authorization Checks for `deposit()`**

**Response Description**:
The `deposit()` function is not restricted to only the admin, meaning anyone can trigger deposits into the vault. This could lead to unauthorized deposits.

**Assessment**:
**Not Relevant to Current Issue**. This concern does not directly relate to the `withdraw()` function and the issue of precision loss in token withdrawals. However, it is a valid concern for overall contract security.

**Recommendations**:
- Implement access control checks for the `deposit()` function to ensure only authorized parties can initiate deposits.

---

**[R-06] Lack of Event Emissions for Critical Actions**

**Response Description**:
The contract does not emit events for critical actions like withdrawals or deposits, reducing transparency and complicating audits.

**Assessment**:
**Not Relevant to Current Issue**. While this is a valid concern for improving transparency, it does not directly address the issue of withdrawal failures caused by precision loss. This is a minor issue from a usability perspective but does not affect security.

**Recommendations**:
- Implement event emissions for critical functions like `withdraw()` and `deposit()` for better traceability and auditability.

---

### **Summary of Matches and Gaps**

**Correct Matches**:

- **None**
**Partially Correct Matches**:

- **[H-01] YaxisVaultAdapter.sol#withdraw() will most certainly fail**: Response #6 correctly mentions the lack of verification for external call results but doesn't delve into the precision loss issue in `_tokensToShares()`.

**Missed Issues from Issue Report**:

- **Precision loss in `_tokensToShares()`** is not explicitly addressed in the responses.

**GPT-Generated Potential Issues (May Be Incorrect)**:

- **[R-01] Unbounded / Infinite Token Allowance**: Not relevant to the current issue.
- **[R-05] No Authorization Checks for `deposit()`**: Not relevant to the current issue.
- **[R-06] Lack of Event Emissions for Critical Actions**: Not relevant to the current issue.

---

### **Conclusion**

The response list addresses most of the major concerns, including external call checks and potential vault issues, but misses the core issue of **precision loss in the `_tokensToShares()` conversion**, which is critical to understanding why the withdrawal fails. The responses are mostly relevant but could be more specific and tailored to address this fundamental issue directly. Additionally, some concerns in the response list, such as infinite token allowances and lack of authorization checks for `deposit()`, are valid but not directly related to the issue of withdrawal failure due to precision loss.
",0,1,0,7,"```
None.
```",0.0
