nameid,code,tokens,loc,issue,vulnumber,code_snippet,processtokens,high_severity_count,medium_severity_count,Findings,Comparison,Correct Matches,Partially Correct,Missed,GPT-generated,matchList,MAP
ConvexYieldWrapper.sol,"// SPDX-License-Identifier: MIT
// Original contract: https://github.com/convex-eth/platform/blob/main/contracts/contracts/wrappers/ConvexStakingWrapper.sol
pragma solidity 0.8.6;

import ""@yield-protocol/utils-v2/contracts/token/IERC20.sol"";
import ""@yield-protocol/utils-v2/contracts/token/ERC20.sol"";
import ""@yield-protocol/utils-v2/contracts/access/AccessControl.sol"";
import ""@yield-protocol/utils-v2/contracts/token/TransferHelper.sol"";
import ""./interfaces/IRewardStaking.sol"";
import ""./interfaces/IConvexDeposits.sol"";
import ""./interfaces/ICvx.sol"";
import ""./CvxMining.sol"";

/// @notice Wrapper used to manage staking of Convex tokens
contract ConvexStakingWrapper is ERC20, AccessControl {
    using TransferHelper for IERC20;

    struct EarnedData {
        address token;
        uint256 amount;
    }

    struct RewardType {
        address reward_token;
        address reward_pool;
        uint128 reward_integral;
        uint128 reward_remaining;
        mapping(address => uint256) reward_integral_for;
        mapping(address => uint256) claimable_reward;
    }

    uint256 public cvx_reward_integral;
    uint256 public cvx_reward_remaining;
    mapping(address => uint256) public cvx_reward_integral_for;
    mapping(address => uint256) public cvx_claimable_reward;

    //constants/immutables
    address public constant convexBooster = address(0xF403C135812408BFbE8713b5A23a04b3D48AAE31);
    address public constant crv = address(0xD533a949740bb3306d119CC777fa900bA034cd52);
    address public constant cvx = address(0x4e3FBD56CD56c3e72c1403e103b45Db9da5B9D2B);
    address public curveToken;
    address public convexToken;
    address public convexPool;
    address public collateralVault;
    uint256 public convexPoolId;

    //rewards
    RewardType[] public rewards;

    //management
    bool public isShutdown;
    bool private _status;

    bool private constant _NOT_ENTERED = false;
    bool private constant _ENTERED = true;

    event Deposited(address indexed _user, address indexed _account, uint256 _amount, bool _wrapped);
    event Withdrawn(address indexed _user, uint256 _amount, bool _unwrapped);

    constructor(
        address _curveToken,
        address _convexToken,
        address _convexPool,
        uint256 _poolId,
        address _vault,
        string memory name,
        string memory symbol,
        uint8 decimals
    ) ERC20(name, symbol, decimals) {
        curveToken = _curveToken;
        convexToken = _convexToken;
        convexPool = _convexPool;
        convexPoolId = _poolId;
        collateralVault = _vault;

        //add rewards
        addRewards();
        setApprovals();
    }

    modifier nonReentrant() {
        // On the first call to nonReentrant, _notEntered will be true
        require(_status != _ENTERED, ""ReentrancyGuard: reentrant call"");
        // Any calls to nonReentrant after this point will fail
        _status = _ENTERED;
        _;
        // By storing the original value once again, a refund is triggered (see
        // https://eips.ethereum.org/EIPS/eip-2200)
        _status = _NOT_ENTERED;
    }

    /// @notice Give maximum approval to the pool & convex booster contract to transfer funds from wrapper
    function setApprovals() public {
        IERC20(curveToken).approve(convexBooster, 0);
        IERC20(curveToken).approve(convexBooster, type(uint256).max);
        IERC20(convexToken).approve(convexPool, type(uint256).max);
    }

    /// @notice Adds reward tokens by reading the available rewards from the RewardStaking pool
    /// @dev CRV token is added as a reward by default
    function addRewards() public {
        address mainPool = convexPool;

        uint256 rewardsLength = rewards.length;

        if (rewardsLength == 0) {
            RewardType storage reward = rewards.push();
            reward.reward_token = crv;
            reward.reward_pool = mainPool;
            rewardsLength += 1;
        }

        uint256 extraCount = IRewardStaking(mainPool).extraRewardsLength();
        uint256 startIndex = rewardsLength - 1;
        for (uint256 i = startIndex; i < extraCount; i++) {
            address extraPool = IRewardStaking(mainPool).extraRewards(i);
            RewardType storage reward = rewards.push();
            reward.reward_token = IRewardStaking(extraPool).rewardToken();
            reward.reward_pool = extraPool;
        }
    }

    /// @notice Returns the length of the reward tokens added
    /// @return The count of reward tokens
    function rewardLength() external view returns (uint256) {
        return rewards.length;
    }

    /// @notice Get user's balance
    /// @param _account User's address for which balance is requested
    /// @return User's balance of collateral
    /// @dev Included here to allow inheriting contracts to override.
    function _getDepositedBalance(address _account) internal view virtual returns (uint256) {
        if (_account == address(0) || _account == collateralVault) {
            return 0;
        }
        //get balance from collateralVault

        return _balanceOf[_account];
    }

    /// @notice TotalSupply of wrapped token
    /// @return The total supply of wrapped token
    /// @dev This function is provided and marked virtual as convenience to future development
    function _getTotalSupply() internal view virtual returns (uint256) {
        return _totalSupply;
    }

    /// @notice Calculates & upgrades the integral for distributing the CVX rewards
    /// @param _accounts Accounts for which the CvxIntegral has to be calculated
    /// @param _balances Balances of the accounts
    /// @param _supply Total supply of the wrapped token
    /// @param _isClaim Whether to claim the calculated rewards
    function _calcCvxIntegral(
        address[2] memory _accounts,
        uint256[2] memory _balances,
        uint256 _supply,
        bool _isClaim
    ) internal {
        uint256 bal = IERC20(cvx).balanceOf(address(this));
        uint256 cvxRewardRemaining = cvx_reward_remaining;
        uint256 d_cvxreward = bal - cvxRewardRemaining;
        uint256 cvxRewardIntegral = cvx_reward_integral;

        if (_supply > 0 && d_cvxreward > 0) {
            cvxRewardIntegral = cvxRewardIntegral + (d_cvxreward * 1e20) / (_supply);
            cvx_reward_integral = cvxRewardIntegral;
        }

        //update user integrals for cvx
        uint256 accountsLength = _accounts.length;
        for (uint256 u = 0; u < accountsLength; u++) {
            //do not give rewards to address 0
            if (_accounts[u] == address(0)) continue;
            if (_accounts[u] == collateralVault) continue;

            uint256 userI = cvx_reward_integral_for[_accounts[u]];
            if (_isClaim || userI < cvxRewardIntegral) {
                uint256 receiveable = cvx_claimable_reward[_accounts[u]] +
                    ((_balances[u] * (cvxRewardIntegral - userI)) / 1e20);
                if (_isClaim) {
                    if (receiveable > 0) {
                        cvx_claimable_reward[_accounts[u]] = 0;
                        IERC20(cvx).safeTransfer(_accounts[u], receiveable);
                        bal = bal - (receiveable);
                    }
                } else {
                    cvx_claimable_reward[_accounts[u]] = receiveable;
                }
                cvx_reward_integral_for[_accounts[u]] = cvxRewardIntegral;
            }
        }

        //update reward total
        if (bal != cvxRewardRemaining) {
            cvx_reward_remaining = bal;
        }
    }

    /// @notice Calculates & upgrades the integral for distributing the reward token
    /// @param _index The index of the reward token for which the calculations are to be done
    /// @param _accounts Accounts for which the CvxIntegral has to be calculated
    /// @param _balances Balances of the accounts
    /// @param _supply Total supply of the wrapped token
    /// @param _isClaim Whether to claim the calculated rewards
    function _calcRewardIntegral(
        uint256 _index,
        address[2] memory _accounts,
        uint256[2] memory _balances,
        uint256 _supply,
        bool _isClaim
    ) internal {
        RewardType storage reward = rewards[_index];

        uint256 rewardIntegral = reward.reward_integral;
        uint256 rewardRemaining = reward.reward_remaining;

        //get difference in balance and remaining rewards
        //getReward is unguarded so we use reward_remaining to keep track of how much was actually claimed
        uint256 bal = IERC20(reward.reward_token).balanceOf(address(this));
        if (_supply > 0 && (bal - rewardRemaining) > 0) {
            rewardIntegral = uint128(rewardIntegral) + uint128(((bal - rewardRemaining) * 1e20) / _supply);
            reward.reward_integral = uint128(rewardIntegral);
        }
        //update user integrals
        uint256 accountsLength = _accounts.length;
        for (uint256 u = 0; u < accountsLength; u++) {
            //do not give rewards to address 0
            if (_accounts[u] == address(0)) continue;
            if (_accounts[u] == collateralVault) continue;

            uint256 userI = reward.reward_integral_for[_accounts[u]];
            if (_isClaim || userI < rewardIntegral) {
                if (_isClaim) {
                    uint256 receiveable = reward.claimable_reward[_accounts[u]] +
                        ((_balances[u] * (uint256(rewardIntegral) - userI)) / 1e20);
                    if (receiveable > 0) {
                        reward.claimable_reward[_accounts[u]] = 0;
                        IERC20(reward.reward_token).safeTransfer(_accounts[u], receiveable);
                        bal = bal - receiveable;
                    }
                } else {
                    reward.claimable_reward[_accounts[u]] =
                        reward.claimable_reward[_accounts[u]] +
                        ((_balances[u] * (uint256(rewardIntegral) - userI)) / 1e20);
                }
                reward.reward_integral_for[_accounts[u]] = rewardIntegral;
            }
        }

        //update remaining reward here since balance could have changed if claiming
        if (bal != rewardRemaining) {
            reward.reward_remaining = uint128(bal);
        }
    }

    /// @notice Create a checkpoint for the supplied addresses by updating the reward integrals & claimable reward for them
    /// @param _accounts The accounts for which checkpoints have to be calculated
    function _checkpoint(address[2] memory _accounts) internal {
        //if shutdown, no longer checkpoint in case there are problems
        if (isShutdown) return;

        uint256 supply = _getTotalSupply();
        uint256[2] memory depositedBalance;
        depositedBalance[0] = _getDepositedBalance(_accounts[0]);
        depositedBalance[1] = _getDepositedBalance(_accounts[1]);

        IRewardStaking(convexPool).getReward(address(this), true);

        uint256 rewardCount = rewards.length;
        for (uint256 i = 0; i < rewardCount; i++) {
            _calcRewardIntegral(i, _accounts, depositedBalance, supply, false);
        }
        _calcCvxIntegral(_accounts, depositedBalance, supply, false);
    }

    /// @notice Create a checkpoint for the supplied addresses by updating the reward integrals & claimable reward for them & claims the rewards
    /// @param _accounts The accounts for which checkpoints have to be calculated
    function _checkpointAndClaim(address[2] memory _accounts) internal {
        uint256 supply = _getTotalSupply();
        uint256[2] memory depositedBalance;
        depositedBalance[0] = _getDepositedBalance(_accounts[0]); //only do first slot

        IRewardStaking(convexPool).getReward(address(this), true);

        uint256 rewardCount = rewards.length;
        for (uint256 i = 0; i < rewardCount; i++) {
            _calcRewardIntegral(i, _accounts, depositedBalance, supply, true);
        }
        _calcCvxIntegral(_accounts, depositedBalance, supply, true);
    }

    /// @notice Create a checkpoint for the supplied addresses by updating the reward integrals & claimable reward for them
    /// @param _accounts The accounts for which checkpoints have to be calculated
    function user_checkpoint(address[2] calldata _accounts) external returns (bool) {
        _checkpoint([_accounts[0], _accounts[1]]);
        return true;
    }

    /// @notice Get the balance of the user
    /// @param _account Address whose balance is to be checked
    /// @return The balance of the supplied address
    function totalBalanceOf(address _account) external view returns (uint256) {
        return _getDepositedBalance(_account);
    }

    /// @notice Get the amount of tokens the user has earned
    /// @param _account Address whose balance is to be checked
    /// @return claimable Array of earned tokens and their amount
    function earned(address _account) external view returns (EarnedData[] memory claimable) {
        uint256 supply = _getTotalSupply();
        uint256 rewardCount = rewards.length;
        claimable = new EarnedData[](rewardCount + 1);

        for (uint256 i = 0; i < rewardCount; i++) {
            RewardType storage reward = rewards[i];
            address rewardToken = reward.reward_token;

            //change in reward is current balance - remaining reward + earned
            uint256 bal = IERC20(rewardToken).balanceOf(address(this));
            uint256 d_reward = bal - reward.reward_remaining;
            d_reward = d_reward + IRewardStaking(reward.reward_pool).earned(address(this));

            uint256 I = reward.reward_integral;
            if (supply > 0) {
                I = I + (d_reward * 1e20) / supply;
            }

            uint256 newlyClaimable = (_getDepositedBalance(_account) * (I - reward.reward_integral_for[_account])) /
                1e20;
            claimable[i].amount = reward.claimable_reward[_account] + newlyClaimable;
            claimable[i].token = rewardToken;

            //calc cvx here
            if (rewardToken == crv) {
                claimable[rewardCount].amount =
                    cvx_claimable_reward[_account] +
                    CvxMining.ConvertCrvToCvx(newlyClaimable);
                claimable[rewardCount].token = cvx;
            }
        }
        return claimable;
    }

    /// @notice Claim reward for the supplied account
    /// @param _account Address whose reward is to be claimed
    function getReward(address _account) external {
        //claim directly in checkpoint logic to save a bit of gas
        _checkpointAndClaim([_account, address(0)]);
    }
}",3329.0,353.0,"[H-01] Malicious Users Can Duplicate Protocol Earned Yield By Transferring `wCVX` Tokens To Another Account
ConvexYieldWrapper.sol is a wrapper contract for staking convex tokens on the user's behalf, allowing them to earn rewards on their deposit. Users will interact with the Ladle.sol contract's `batch()` function.

[H-02] Malicious Users Can Transfer Vault Collateral To Other Accounts To Extract Additional Yield From The Protocol
ConvexYieldWrapper.sol is a wrapper contract for staking convex tokens on the user's behalf, allowing them to earn rewards on their deposit. Users will interact with the Ladle.sol contract's `batch()` function",2.0,"pragma solidity 0.8.6;

import ""@yield-protocol/utils-v2/contracts/token/IERC20.sol"";
import ""@yield-protocol/utils-v2/contracts/token/ERC20.sol"";
import ""@yield-protocol/utils-v2/contracts/access/AccessControl.sol"";
import ""@yield-protocol/utils-v2/contracts/token/TransferHelper.sol"";
import ""./interfaces/IRewardStaking.sol"";
import ""./interfaces/IConvexDeposits.sol"";
import ""./interfaces/ICvx.sol"";
import ""./CvxMining.sol"";


contract ConvexStakingWrapper is ERC20, AccessControl {
    using TransferHelper for IERC20;

    struct EarnedData {
        address token;
        uint256 amount;
    }

    struct RewardType {
        address reward_token;
        address reward_pool;
        uint128 reward_integral;
        uint128 reward_remaining;
        mapping(address => uint256) reward_integral_for;
        mapping(address => uint256) claimable_reward;
    }

    uint256 public cvx_reward_integral;
    uint256 public cvx_reward_remaining;
    mapping(address => uint256) public cvx_reward_integral_for;
    mapping(address => uint256) public cvx_claimable_reward;

    
    address public constant convexBooster = address(0xF403C135812408BFbE8713b5A23a04b3D48AAE31);
    address public constant crv = address(0xD533a949740bb3306d119CC777fa900bA034cd52);
    address public constant cvx = address(0x4e3FBD56CD56c3e72c1403e103b45Db9da5B9D2B);
    address public curveToken;
    address public convexToken;
    address public convexPool;
    address public collateralVault;
    uint256 public convexPoolId;

    
    RewardType[] public rewards;

    
    bool public isShutdown;
    bool private _status;

    bool private constant _NOT_ENTERED = false;
    bool private constant _ENTERED = true;

    event Deposited(address indexed _user, address indexed _account, uint256 _amount, bool _wrapped);
    event Withdrawn(address indexed _user, uint256 _amount, bool _unwrapped);

    constructor(
        address _curveToken,
        address _convexToken,
        address _convexPool,
        uint256 _poolId,
        address _vault,
        string memory name,
        string memory symbol,
        uint8 decimals
    ) ERC20(name, symbol, decimals) {
        curveToken = _curveToken;
        convexToken = _convexToken;
        convexPool = _convexPool;
        convexPoolId = _poolId;
        collateralVault = _vault;

        
        addRewards();
        setApprovals();
    }

    modifier nonReentrant() {
        
        require(_status != _ENTERED, ""ReentrancyGuard: reentrant call"");
        
        _status = _ENTERED;
        _;
        
        
        _status = _NOT_ENTERED;
    }

    
    function setApprovals() public {
        IERC20(curveToken).approve(convexBooster, 0);
        IERC20(curveToken).approve(convexBooster, type(uint256).max);
        IERC20(convexToken).approve(convexPool, type(uint256).max);
    }

    
    
    function addRewards() public {
        address mainPool = convexPool;

        uint256 rewardsLength = rewards.length;

        if (rewardsLength == 0) {
            RewardType storage reward = rewards.push();
            reward.reward_token = crv;
            reward.reward_pool = mainPool;
            rewardsLength += 1;
        }

        uint256 extraCount = IRewardStaking(mainPool).extraRewardsLength();
        uint256 startIndex = rewardsLength - 1;
        for (uint256 i = startIndex; i < extraCount; i++) {
            address extraPool = IRewardStaking(mainPool).extraRewards(i);
            RewardType storage reward = rewards.push();
            reward.reward_token = IRewardStaking(extraPool).rewardToken();
            reward.reward_pool = extraPool;
        }
    }

    
    
    function rewardLength() external view returns (uint256) {
        return rewards.length;
    }

    
    
    
    
    function _getDepositedBalance(address _account) internal view virtual returns (uint256) {
        if (_account == address(0) || _account == collateralVault) {
            return 0;
        }
        

        return _balanceOf[_account];
    }

    
    
    
    function _getTotalSupply() internal view virtual returns (uint256) {
        return _totalSupply;
    }

    
    
    
    
    
    function _calcCvxIntegral(
        address[2] memory _accounts,
        uint256[2] memory _balances,
        uint256 _supply,
        bool _isClaim
    ) internal {
        uint256 bal = IERC20(cvx).balanceOf(address(this));
        uint256 cvxRewardRemaining = cvx_reward_remaining;
        uint256 d_cvxreward = bal - cvxRewardRemaining;
        uint256 cvxRewardIntegral = cvx_reward_integral;

        if (_supply > 0 && d_cvxreward > 0) {
            cvxRewardIntegral = cvxRewardIntegral + (d_cvxreward * 1e20) / (_supply);
            cvx_reward_integral = cvxRewardIntegral;
        }

        
        uint256 accountsLength = _accounts.length;
        for (uint256 u = 0; u < accountsLength; u++) {
            
            if (_accounts[u] == address(0)) continue;
            if (_accounts[u] == collateralVault) continue;

            uint256 userI = cvx_reward_integral_for[_accounts[u]];
            if (_isClaim || userI < cvxRewardIntegral) {
                uint256 receiveable = cvx_claimable_reward[_accounts[u]] +
                    ((_balances[u] * (cvxRewardIntegral - userI)) / 1e20);
                if (_isClaim) {
                    if (receiveable > 0) {
                        cvx_claimable_reward[_accounts[u]] = 0;
                        IERC20(cvx).safeTransfer(_accounts[u], receiveable);
                        bal = bal - (receiveable);
                    }
                } else {
                    cvx_claimable_reward[_accounts[u]] = receiveable;
                }
                cvx_reward_integral_for[_accounts[u]] = cvxRewardIntegral;
            }
        }

        
        if (bal != cvxRewardRemaining) {
            cvx_reward_remaining = bal;
        }
    }

    
    
    
    
    
    
    function _calcRewardIntegral(
        uint256 _index,
        address[2] memory _accounts,
        uint256[2] memory _balances,
        uint256 _supply,
        bool _isClaim
    ) internal {
        RewardType storage reward = rewards[_index];

        uint256 rewardIntegral = reward.reward_integral;
        uint256 rewardRemaining = reward.reward_remaining;

        
        
        uint256 bal = IERC20(reward.reward_token).balanceOf(address(this));
        if (_supply > 0 && (bal - rewardRemaining) > 0) {
            rewardIntegral = uint128(rewardIntegral) + uint128(((bal - rewardRemaining) * 1e20) / _supply);
            reward.reward_integral = uint128(rewardIntegral);
        }
        
        uint256 accountsLength = _accounts.length;
        for (uint256 u = 0; u < accountsLength; u++) {
            
            if (_accounts[u] == address(0)) continue;
            if (_accounts[u] == collateralVault) continue;

            uint256 userI = reward.reward_integral_for[_accounts[u]];
            if (_isClaim || userI < rewardIntegral) {
                if (_isClaim) {
                    uint256 receiveable = reward.claimable_reward[_accounts[u]] +
                        ((_balances[u] * (uint256(rewardIntegral) - userI)) / 1e20);
                    if (receiveable > 0) {
                        reward.claimable_reward[_accounts[u]] = 0;
                        IERC20(reward.reward_token).safeTransfer(_accounts[u], receiveable);
                        bal = bal - receiveable;
                    }
                } else {
                    reward.claimable_reward[_accounts[u]] =
                        reward.claimable_reward[_accounts[u]] +
                        ((_balances[u] * (uint256(rewardIntegral) - userI)) / 1e20);
                }
                reward.reward_integral_for[_accounts[u]] = rewardIntegral;
            }
        }

        
        if (bal != rewardRemaining) {
            reward.reward_remaining = uint128(bal);
        }
    }

    
    
    function _checkpoint(address[2] memory _accounts) internal {
        
        if (isShutdown) return;

        uint256 supply = _getTotalSupply();
        uint256[2] memory depositedBalance;
        depositedBalance[0] = _getDepositedBalance(_accounts[0]);
        depositedBalance[1] = _getDepositedBalance(_accounts[1]);

        IRewardStaking(convexPool).getReward(address(this), true);

        uint256 rewardCount = rewards.length;
        for (uint256 i = 0; i < rewardCount; i++) {
            _calcRewardIntegral(i, _accounts, depositedBalance, supply, false);
        }
        _calcCvxIntegral(_accounts, depositedBalance, supply, false);
    }

    
    
    function _checkpointAndClaim(address[2] memory _accounts) internal {
        uint256 supply = _getTotalSupply();
        uint256[2] memory depositedBalance;
        depositedBalance[0] = _getDepositedBalance(_accounts[0]); 

        IRewardStaking(convexPool).getReward(address(this), true);

        uint256 rewardCount = rewards.length;
        for (uint256 i = 0; i < rewardCount; i++) {
            _calcRewardIntegral(i, _accounts, depositedBalance, supply, true);
        }
        _calcCvxIntegral(_accounts, depositedBalance, supply, true);
    }

    
    
    function user_checkpoint(address[2] calldata _accounts) external returns (bool) {
        _checkpoint([_accounts[0], _accounts[1]]);
        return true;
    }

    
    
    
    function totalBalanceOf(address _account) external view returns (uint256) {
        return _getDepositedBalance(_account);
    }

    
    
    
    function earned(address _account) external view returns (EarnedData[] memory claimable) {
        uint256 supply = _getTotalSupply();
        uint256 rewardCount = rewards.length;
        claimable = new EarnedData[](rewardCount + 1);

        for (uint256 i = 0; i < rewardCount; i++) {
            RewardType storage reward = rewards[i];
            address rewardToken = reward.reward_token;

            
            uint256 bal = IERC20(rewardToken).balanceOf(address(this));
            uint256 d_reward = bal - reward.reward_remaining;
            d_reward = d_reward + IRewardStaking(reward.reward_pool).earned(address(this));

            uint256 I = reward.reward_integral;
            if (supply > 0) {
                I = I + (d_reward * 1e20) / supply;
            }

            uint256 newlyClaimable = (_getDepositedBalance(_account) * (I - reward.reward_integral_for[_account])) /
                1e20;
            claimable[i].amount = reward.claimable_reward[_account] + newlyClaimable;
            claimable[i].token = rewardToken;

            
            if (rewardToken == crv) {
                claimable[rewardCount].amount =
                    cvx_claimable_reward[_account] +
                    CvxMining.ConvertCrvToCvx(newlyClaimable);
                claimable[rewardCount].token = cvx;
            }
        }
        return claimable;
    }

    
    
    function getReward(address _account) external {
        
        _checkpointAndClaim([_account, address(0)]);
    }
}",2515.0,2,0,"The provided Solidity smart contract, `ConvexStakingWrapper`, appears to be complex and includes a variety of functionalities such as staking, reward handling, and re-entrancy prevention. However, it contains potential vulnerabilities and pitfalls that need to be carefully addressed to avoid developer or user risks. Below is a list of vulnerabilities and concerns identified in the contract:

---

### **1. Re-Entrancy Vulnerability in reward distribution**
   - Even though the contract uses a `nonReentrant` modifier to prevent common re-entrancy attacks, it is reachable only in specific functions. Some internal functions, such as `_calcCvxIntegral` or `_calcRewardIntegral`, directly use `safeTransfer` without a re-entrancy guard.
   - The presence of the `_checkpointAndClaim` function (which may be externally callable) could still allow an attack vector through external ERC20 token implementations that use malicious `safeTransfer` logic.
   - **Re-entrancy Issue To Fix**:
     - Ensure that all external token transfers or calls (e.g., `IERC20.safeTransfer`) are performed after state changes are finalized.
     - Review and integrate the `nonReentrant` guard into methods that calculate rewards, process balances, or interact with external contracts.

---

### **2. Lack of `onlyOwner`/Access Control for Critical Functions**
   - Some critical functions such as `addRewards` are callable by anyone. This could allow an attacker to add unintended reward pools or tokens.
   - Vulnerability Example: A malicious actor could manipulate rewards and potentially send tokens to unauthorized addresses.
   - **Mitigation**:
     - Restrict access to critical functions like `addRewards` or `setApprovals` by adding `onlyOwner` or similar access control modifiers.

---

### **3. Integer Overflow/Underflow Risks in Custom Arithmetic**
   - Wherever arithmetic operations are performed, such as in `_calcCvxIntegral` and `_calcRewardIntegral`, improper handling could cause overflow/underflow if unusual or edge-case token behavior is observed. While Solidity 0.8.6 handles overflows/underflows natively, explicit checks should still be considered in sensitive calculations to ensure clarity and contract safety.
   - **Solution**:
     - Include checks to validate values before operations. For example:
       ```solidity
       require(bal >= cvxRewardRemaining, ""Invalid reward balance"");
       ```

---

### **4. Incorrect Handling of Malicious Tokens**
   - The contract relies heavily on third-party tokens (e.g., `cvx`, `crv`, and curve tokens). These tokens could have malformed or unsafe behavior for functions like `transfer`, `balanceOf`, etc.
   - If any of these tokens do not return `true/false` or revert properly, the contract may behave unexpectedly or enter an inconsistent state.
   - **Mitigation**:
     - Use a secure external transfer library consistently throughout the contract (e.g., OpenZeppelin’s SafeERC20 library).
     - Validate third-party token transfers with explicit checks.

---

### **5. Lack of Upgradeability Considerations**
   - The contract has no clear mechanism to facilitate upgrades or to shut down in case of emergencies (apart from the `isShutdown` flag).
   - **Mitigation**:
     - Consider implementing proxy upgradeability using patterns such as OpenZeppelin's `TransparentUpgradeableProxy`.
     - Add a centralized emergency `pause` function or recovery mechanism.

---

### **6. Potential Infinite Loop in `addRewards`**
   - The `addRewards` function loops through `extraRewardsLength()` provided by the external `IRewardStaking`. If this value is unreasonably large, it could result in extremely high gas usage, making the function unusable.
   - **Mitigation**:
     - Add upper bounds or sanity checks for such loops:
       ```solidity
       require(extraCount < MAX_REWARDS, ""Exceeded max rewards limit"");
       ```

---

### **7. Staking Reward Precision Loss**
   - Calculations for reward integrals (`_calcCvxIntegral`, `_calcRewardIntegral`) rely on fixed-point arithmetic (`1e20` as the denominator). If `uint256` values exceed a certain range due to cumulative rewards, users might experience precision loss.
   - **Fix**:
     - Use `SafeMath` or OpenZeppelin’s utilities for precise arithmetic and safeguard against edge cases leading to loss of precision or rounding errors.

---

### **8. Absence of Collateral Vault Validation**
   - Within `_getDepositedBalance`, the contract checks for `_account == collateralVault`, but it does not validate whether `collateralVault` was set correctly or whether it matches the expected staked balance.
   - **Mitigation**:
     - Include checks during the assignment of `collateralVault` in the constructor or other functions.

---

### **9. Lack of Validation for External Calls**
   - External calls such as `IRewardStaking(mainPool).extraRewards(i)` and `IRewardStaking(convexPool).getReward(address(this), true)` are critical yet unvalidated. Malfunctioning or malicious external contracts could disrupt logic, revert transactions, or skew rewards.
   - **Mitigation**:
     - Validate external return values or wrap such external calls in `try/catch` blocks to handle unexpected behavior.

---

### **10. No Verification of Initial Parameters**
   - Constructor parameters like `_curveToken`, `_convexToken`, `_convexPool`, and `_vault` are not validated. If incorrect or malicious addresses are passed, the contract might misbehave.
   - **Solution**:
     - Add sanity checks for these inputs in the contract constructor:
       ```solidity
       require(_curveToken != address(0), ""Invalid curve token address"");
       ```

---

### **11. Privilege Escalation Due to Compromised AccessControl**
   - The use of `AccessControl` helps manage roles. However, if the admin account (holding the default admin role) is compromised, all critical functions might become exploitable.
   - **Mitigation**:
     - Immediately transfer the admin role to a multisig wallet or decentralized governance mechanism after deployment.

---

### **12. Absence of Test Coverage for Emergency Cases**
   - There's no testing or mechanism for recovering funds or dealing with locked tokens upon sudden `isShutdown` activation or token/contract malfunctions.
   - **Fix**:
     - Add emergency recovery functions with proper access control:
       ```solidity
       function recoverERC20(address token, uint256 amount) external onlyOwner {
           IERC20(token).transfer(owner, amount);
       }
       ```

---

### Summary
This contract’s core vulnerabilities revolve around **lack of access controls, potential re-entrancy issues, reliance on third-party token behavior, arithmetic precision, and lack of emergency mechanisms**. Addressing these issues should significantly strengthen its security and robustness.","---

### **Analysis of Issues and Responses**

---

#### **[H-01] Malicious Users Can Duplicate Protocol Earned Yield By Transferring `wCVX` Tokens To Another Account**

**Report Description**:  
The issue highlights that malicious users can duplicate protocol-earned yield by transferring `wCVX` tokens to another account. This could allow users to exploit the protocol by earning rewards multiple times for the same deposit, leading to financial losses for the protocol.

**Match in Response List**:  
**No match found.**

**Validation**:  
The response list does not explicitly address this issue. While the response list discusses vulnerabilities such as re-entrancy, access control, and reward precision loss, it does not mention or propose a solution for the specific issue of users duplicating protocol-earned yield by transferring `wCVX` tokens. This is a critical oversight, as the issue directly impacts the integrity of the reward distribution mechanism.

**Suggestions**:  
To address this issue, the contract should implement mechanisms to prevent users from transferring `wCVX` tokens to other accounts or ensure that rewards are tied to the original depositor. For example:
- Use a mapping to track rewards per user and ensure rewards are non-transferable.
- Implement a mechanism to ""lock"" rewards to the original account until they are claimed.

---

#### **[H-02] Malicious Users Can Transfer Vault Collateral To Other Accounts To Extract Additional Yield From The Protocol**

**Report Description**:  
The issue describes how malicious users can transfer vault collateral to other accounts, allowing them to extract additional yield from the protocol. This could lead to unauthorized yield farming and financial exploitation of the protocol.

**Match in Response List**:  
**No match found.**

**Validation**:  
The response list does not explicitly address this issue. While it mentions the absence of collateral vault validation in `_getDepositedBalance` (Issue 8), it does not directly address the risk of users transferring vault collateral to other accounts to extract additional yield. This is a significant gap, as the issue could lead to systemic abuse of the protocol's yield mechanisms.

**Suggestions**:  
To mitigate this issue, the contract should:
- Restrict the transfer of vault collateral to other accounts.
- Implement checks to ensure that collateral and rewards are tied to the original depositor.
- Use a mapping to track collateral ownership and enforce restrictions on its transfer.

---

### **GPT-Generated Potential Issues (May Be Incorrect)**

#### **[R-01] Re-Entrancy Vulnerability in Reward Distribution**

**Response Description**:  
The response identifies a potential re-entrancy vulnerability in reward distribution, despite the use of a `nonReentrant` modifier. It highlights that some internal functions, such as `_calcCvxIntegral` or `_calcRewardIntegral`, use `safeTransfer` without a re-entrancy guard. Additionally, the `_checkpointAndClaim` function could allow re-entrancy through malicious ERC20 token implementations.

**Assessment**:  
**Valid Concern.** While this issue is not explicitly mentioned in the original `issue` report, it is a valid concern. Re-entrancy vulnerabilities are a common attack vector in Solidity contracts, and the response correctly identifies the need to finalize state changes before performing external calls. This aligns with Solidity best practices.

---

#### **[R-02] Lack of `onlyOwner`/Access Control for Critical Functions**

**Response Description**:  
The response highlights that critical functions, such as `addRewards`, are callable by anyone, which could allow attackers to manipulate rewards or send tokens to unauthorized addresses.

**Assessment**:  
**Valid Concern.** This issue is not explicitly mentioned in the original `issue` report but is a valid concern. Proper access control is essential to prevent unauthorized access to critical functions. The response correctly suggests adding `onlyOwner` or similar access control modifiers to mitigate this risk.

---

#### **[R-03] Integer Overflow/Underflow Risks in Custom Arithmetic**

**Response Description**:  
The response identifies the risk of integer overflow/underflow in custom arithmetic operations, despite Solidity 0.8.x's built-in overflow/underflow protection. It suggests adding explicit checks to validate values before performing operations.

**Assessment**:  
**Valid Concern.** While this issue is not explicitly mentioned in the original `issue` report, it is a valid concern. Adding explicit checks for arithmetic operations enhances contract safety and clarity, even with Solidity 0.8.x's protections.

---

#### **[R-04] Incorrect Handling of Malicious Tokens**

**Response Description**:  
The response highlights the risk of relying on third-party tokens with potentially unsafe behavior, such as malformed `transfer` or `balanceOf` functions. It suggests using a secure external transfer library and validating token transfers with explicit checks.

**Assessment**:  
**Valid Concern.** This issue is not explicitly mentioned in the original `issue` report but is a valid concern. Malicious token behavior is a known risk in Solidity contracts, and the suggested mitigations align with best practices.

---

#### **[R-05] Lack of Upgradeability Considerations**

**Response Description**:  
The response notes the absence of a mechanism for contract upgrades or emergency shutdowns, apart from the `isShutdown` flag. It suggests implementing proxy upgradeability and adding a centralized emergency `pause` function.

**Assessment**:  
**Valid Concern.** While this issue is not explicitly mentioned in the original `issue` report, it is a valid concern. Upgradeability and emergency mechanisms are important for maintaining contract security and resiliency.

---

### **Summary of Matches and Gaps**

#### **Correct Matches**:
- None.

#### **Partially Correct Matches**:
- **[H-02] Malicious Users Can Transfer Vault Collateral To Other Accounts To Extract Additional Yield From The Protocol**: Partially addressed by **[R-08] Absence of Collateral Vault Validation**, but the response does not fully address the issue of transferring collateral to extract additional yield.

#### **Missed Issues from Issue Report**:
- **[H-01] Malicious Users Can Duplicate Protocol Earned Yield By Transferring `wCVX` Tokens To Another Account**: Not addressed in the response list.
- **[H-02] Malicious Users Can Transfer Vault Collateral To Other Accounts To Extract Additional Yield From The Protocol**: Not fully addressed in the response list.

#### **GPT-Generated Potential Issues (May Be Incorrect)**:
- **[R-01] Re-Entrancy Vulnerability in Reward Distribution**: Valid concern.
- **[R-02] Lack of `onlyOwner`/Access Control for Critical Functions**: Valid concern.
- **[R-03] Integer Overflow/Underflow Risks in Custom Arithmetic**: Valid concern.
- **[R-04] Incorrect Handling of Malicious Tokens**: Valid concern.
- **[R-05] Lack of Upgradeability Considerations**: Valid concern.

---",0,0,2,12,"```
None.
```","The **Average Precision (AP)** for the query is **0.0**. 

Since there are no true positives in the ranked list of predictions, the precision at any rank is 0, and the average of these precision values is also 0."
Cvx3CrvOracle.sol,"// SPDX-License-Identifier: BUSL-1.1
pragma solidity 0.8.6;

import ""@yield-protocol/utils-v2/contracts/access/AccessControl.sol"";
import ""@yield-protocol/vault-interfaces/IOracle.sol"";
import ""@yield-protocol/utils-v2/contracts/cast/CastBytes32Bytes6.sol"";

import ""./interfaces/ICurvePool.sol"";
import ""./interfaces/AggregatorV3Interface.sol"";

// Oracle Code Inspiration: https://github.com/Abracadabra-money/magic-internet-money/blob/main/contracts/oracles/3CrvOracle.sol
/**
 *@title  Cvx3CrvOracle
 *@notice Provides current values for Cvx3Crv
 *@dev    Both peek() (view) and get() (transactional) are provided for convenience
 */
contract Cvx3CrvOracle is IOracle, AccessControl {
    using CastBytes32Bytes6 for bytes32;
    ICurvePool public threecrv;
    AggregatorV3Interface public DAI;
    AggregatorV3Interface public USDC;
    AggregatorV3Interface public USDT;

    bytes32 public cvx3CrvId;
    bytes32 public ethId;

    /**
     *@notice Set threecrv pool and the chainlink sources
     *@param  cvx3CrvId_ cvx3crv Id
     *@param  ethId_ ETH ID
     *@param  threecrv_ The 3CRV pool address
     *@param  DAI_ DAI/ETH chainlink price feed address
     *@param  USDC_ USDC/ETH chainlink price feed address
     *@param  USDT_ USDT/ETH chainlink price feed address
     */
    function setSource(
        bytes32 cvx3CrvId_,
        bytes32 ethId_,
        ICurvePool threecrv_,
        AggregatorV3Interface DAI_,
        AggregatorV3Interface USDC_,
        AggregatorV3Interface USDT_
    ) external auth {
        cvx3CrvId = cvx3CrvId_;
        ethId = ethId_;
        threecrv = threecrv_;
        DAI = DAI_;
        USDC = USDC_;
        USDT = USDT_;
    }

    /**
     * @dev Returns the smallest of two numbers.
     */
    function min(uint256 a, uint256 b) internal pure returns (uint256) {
        return a < b ? a : b;
    }

    /**
     * @notice Retrieve the value of the amount at the latest oracle price.
     * @dev Only cvx3crvid and ethId are accepted as asset identifiers.
     * @param base Id of base token
     * @param quote Id of quoted token
     * @return quoteAmount Total amount in terms of quoted token
     * @return updateTime Time quote was last updated
     */
    function peek(
        bytes32 base,
        bytes32 quote,
        uint256 baseAmount
    )
        external
        view
        virtual
        override
        returns (uint256 quoteAmount, uint256 updateTime)
    {
        return _peek(base.b6(), quote.b6(), baseAmount);
    }

    /**
     * @notice Retrieve the value of the amount at the latest oracle price. Same as `peek` for this oracle.
     * @dev Only cvx3crvid and ethId are accepted as asset identifiers.
     * @param base Id of base token
     * @param quote Id of quoted token
     * @return quoteAmount Total amount in terms of quoted token
     * @return updateTime Time quote was last updated
     */
    function get(
        bytes32 base,
        bytes32 quote,
        uint256 baseAmount
    )
        external
        virtual
        override
        returns (uint256 quoteAmount, uint256 updateTime)
    {
        return _peek(base.b6(), quote.b6(), baseAmount);
    }

    /**
     * @notice Retrieve the value of the amount at the latest oracle price.
     * @dev Only cvx3crvid and ethId are accepted as asset identifiers.
     * @param base Id of base token
     * @param quote Id of quoted token
     * @return quoteAmount Total amount in terms of quoted token
     * @return updateTime Time quote was last updated
     */
    function _peek(
        bytes6 base,
        bytes6 quote,
        uint256 baseAmount
    ) private view returns (uint256 quoteAmount, uint256 updateTime) {
        require(
            (base == ethId && quote == cvx3CrvId) ||
                (base == cvx3CrvId && quote == ethId),
            ""Invalid quote or base""
        );
        (, int256 daiPrice, , , ) = DAI.latestRoundData();
        (, int256 usdcPrice, , , ) = USDC.latestRoundData();
        (, int256 usdtPrice, , , ) = USDT.latestRoundData();

        require(
            daiPrice > 0 && usdcPrice > 0 && usdtPrice > 0,
            ""Chainlink pricefeed reporting 0""
        );

        // This won't overflow as the max value for int256 is less than the max value for uint256
        uint256 minStable = min(
            uint256(daiPrice),
            min(uint256(usdcPrice), uint256(usdtPrice))
        );

        uint256 price = (threecrv.get_virtual_price() * minStable) / 1e18;

        if (base == cvx3CrvId && quote == ethId) {
            quoteAmount = (baseAmount * price) / 1e18;
        } else {
            quoteAmount = (baseAmount * 1e18) / price;
        }

        updateTime = block.timestamp;
    }
}",1236.0,147.0,"***[M-01] Oracle data feed is insufficiently validated***
Price can be stale and can lead to wrong `quoteAmount` return value in function _peek()
Oracle data feed is insufficiently validated. There is no check for stale price and round completeness. Price can be stale and can lead to wrong quoteAmount return value",1.0,"pragma solidity 0.8.6;

import ""@yield-protocol/utils-v2/contracts/access/AccessControl.sol"";
import ""@yield-protocol/vault-interfaces/IOracle.sol"";
import ""@yield-protocol/utils-v2/contracts/cast/CastBytes32Bytes6.sol"";

import ""./interfaces/ICurvePool.sol"";
import ""./interfaces/AggregatorV3Interface.sol"";



contract Cvx3CrvOracle is IOracle, AccessControl {
    using CastBytes32Bytes6 for bytes32;
    ICurvePool public threecrv;
    AggregatorV3Interface public DAI;
    AggregatorV3Interface public USDC;
    AggregatorV3Interface public USDT;

    bytes32 public cvx3CrvId;
    bytes32 public ethId;

    
    function setSource(
        bytes32 cvx3CrvId_,
        bytes32 ethId_,
        ICurvePool threecrv_,
        AggregatorV3Interface DAI_,
        AggregatorV3Interface USDC_,
        AggregatorV3Interface USDT_
    ) external auth {
        cvx3CrvId = cvx3CrvId_;
        ethId = ethId_;
        threecrv = threecrv_;
        DAI = DAI_;
        USDC = USDC_;
        USDT = USDT_;
    }

    
    function min(uint256 a, uint256 b) internal pure returns (uint256) {
        return a < b ? a : b;
    }

    
    function peek(
        bytes32 base,
        bytes32 quote,
        uint256 baseAmount
    )
        external
        view
        virtual
        override
        returns (uint256 quoteAmount, uint256 updateTime)
    {
        return _peek(base.b6(), quote.b6(), baseAmount);
    }

    
    function get(
        bytes32 base,
        bytes32 quote,
        uint256 baseAmount
    )
        external
        virtual
        override
        returns (uint256 quoteAmount, uint256 updateTime)
    {
        return _peek(base.b6(), quote.b6(), baseAmount);
    }

    
    function _peek(
        bytes6 base,
        bytes6 quote,
        uint256 baseAmount
    ) private view returns (uint256 quoteAmount, uint256 updateTime) {
        require(
            (base == ethId && quote == cvx3CrvId) ||
                (base == cvx3CrvId && quote == ethId),
            ""Invalid quote or base""
        );
        (, int256 daiPrice, , , ) = DAI.latestRoundData();
        (, int256 usdcPrice, , , ) = USDC.latestRoundData();
        (, int256 usdtPrice, , , ) = USDT.latestRoundData();

        require(
            daiPrice > 0 && usdcPrice > 0 && usdtPrice > 0,
            ""Chainlink pricefeed reporting 0""
        );

        
        uint256 minStable = min(
            uint256(daiPrice),
            min(uint256(usdcPrice), uint256(usdtPrice))
        );

        uint256 price = (threecrv.get_virtual_price() * minStable) / 1e18;

        if (base == cvx3CrvId && quote == ethId) {
            quoteAmount = (baseAmount * price) / 1e18;
        } else {
            quoteAmount = (baseAmount * 1e18) / price;
        }

        updateTime = block.timestamp;
    }
}",740.0,0,1,"The Solidity smart contract provided has the following potential vulnerabilities and issues:

1. **Trust Issue in External Dependencies**:
   - The contract relies on external sources (`DAI.latestRoundData()`, `USDC.latestRoundData()`, `USDT.latestRoundData()`, and `threecrv.get_virtual_price()`).
   - If any of these external contracts are compromised or provide incorrect data, it may negatively impact this contract's functionality.

2. **Oracle Manipulation Risk**:
   - Price data is sourced directly from Chainlink oracles (`DAI`, `USDC`, `USDT`). If the underlying oracles are manipulated (e.g., through a flash loan attack against Chainlink), the contract could be misled and result in pricing inaccuracies.
   - Additionally, no safeguards (like medianization or sanity checks between multiple oracles) are implemented to mitigate such risks.

3. **Access Control Mismanagement**:
   - The `setSource` function can only be called by an authorized user (via the `auth` modifier). However, if the `auth` role management is compromised or incorrectly assigned, malicious actors may update critical components like oracles or the 3CRV pool address.

4. **Lack of Input Validation**:
   - The `setSource` function does not validate the input arguments (`cvx3CrvId_`, `ethId_`, `threecrv_`, `DAI_`, `USDC_`, `USDT_`). Invalid or malicious inputs can introduce new vulnerabilities or break the contract.

5. **Division by Zero**:
   - The contract does not explicitly check if `threecrv.get_virtual_price()` returns 0. If it does, the division in the line `uint256 price = (threecrv.get_virtual_price() * minStable) / 1e18;` will cause a division-by-zero error, leading to a revert.

6. **Missing Rate Update Information**:
   - The `peek` function does not provide information about the last time the rate was updated from the Chainlink oracles. While it does offer `updateTime`, this value reflects the current `block.timestamp`, which may mislead users into thinking that the data is fresh, even if the oracles are stale.

7. **Floating-Point Precision Issues**:
   - The calculations involving `threecrv.get_virtual_price()`, `minStable`, and price conversion operations involve fixed-point arithmetic with `1e18`. Precision loss might occur if values are too small or too large.

8. **Code Duplication Between `peek` and `get`**:
   - Both `peek` and `get` essentially perform the same operations but are defined separately. This duplication increases the potential for coding errors during maintenance or upgrades.

9. **Potential Overflows in Calculations**:
   - While the use of Solidity 0.8.6 protects against overflows and underflows with built-in checked arithmetic, very large inputs to `baseAmount` or external prices could lead to unexpected reverts due to arithmetic overflows.

10. **Incomplete Update Verification**:
    - The system uses Chainlink data but does not verify whether the reported price is stale or updated within a reasonable timeframe (e.g., by checking `updatedAt` or `answeredInRound` values in the Chainlink `latestRoundData` responses).

To mitigate these vulnerabilities, developers could consider:
- Implementing mechanisms to sanitize or verify oracle responses (e.g., checking that data from Chainlink is fresh and within reasonable ranges).
- Adding validations for input values in `setSource`.
- Handling edge cases such as `threecrv.get_virtual_price()` or Chainlink prices returning zero to avoid division-by-zero errors.
- Using a proxy pattern or modular approach to safely manage access control and ensure upgradeability.
- Diversifying data sources for price information to avoid reliance on a single set of oracles.","---

### **[M-01] Oracle data feed is insufficiently validated**

**Report Description**:  
The `peek` function relies on oracle data feeds but does not validate whether the price data is stale or if the round is complete. This lack of validation can lead to incorrect `quoteAmount` values being returned, which could result in financial losses or incorrect contract behavior.

**Match in Response List**:  
Matches with the following responses in `response_list`:
1. **Trust Issue in External Dependencies**: Mentions reliance on external sources like Chainlink oracles and the potential impact of incorrect data.
2. **Oracle Manipulation Risk**: Highlights the risk of oracle manipulation and the absence of safeguards like medianization or sanity checks.
3. **Incomplete Update Verification**: Specifically addresses the lack of verification for stale or incomplete oracle data, such as checking `updatedAt` or `answeredInRound`.

**Validation**:  
**Partially Correct**.  
While the response list identifies the issue of incomplete update verification and the risks of relying on external oracles, it does not explicitly propose a solution to validate the freshness or completeness of the oracle data. The response mentions the need to check `updatedAt` or `answeredInRound` values but does not provide a concrete implementation or mitigation strategy. Additionally, the response does not address the specific impact on the `quoteAmount` return value in the `peek` function.

**Suggestions**:  
- Implement a check in the `peek` function to ensure that the oracle data is fresh by comparing `updatedAt` with the current block timestamp and verifying that `answeredInRound` matches the latest round.
- Add a fallback mechanism to handle cases where the oracle data is stale or incomplete, such as reverting the transaction or using a secondary data source.
- Consider implementing a medianization or sanity check mechanism to validate the oracle data against multiple sources.

---

### **GPT-Generated Potential Issues (May Be Incorrect)**

**[R-01] Lack of Circuit Breaker Mechanism**  
**Response Description**:  
The contract does not include a circuit breaker mechanism to halt operations in case of emergencies or detected anomalies. This could leave the contract vulnerable to prolonged exploitation during an attack or malfunction.

**Assessment**:  
**Valid Concern**.  
Although not mentioned in the original `issue` report, implementing a circuit breaker is a recognized best practice in Solidity. It provides an emergency stop mechanism that can mitigate damage during attacks or unexpected failures. This is particularly relevant for contracts relying on external oracles, as a circuit breaker could prevent the use of stale or manipulated data.

---

### **Summary of Matches and Gaps**

**Correct Matches**:  
- None.

**Partially Correct Matches**:  
- **[M-01] Oracle data feed is insufficiently validated**: The response list identifies the issue of incomplete update verification and the risks of relying on external oracles but does not provide a concrete solution or address the specific impact on the `quoteAmount` return value.

**Missed Issues from Issue Report**:  
- None.

**GPT-Generated Potential Issues (May Be Incorrect)**:  
- **[R-01] Lack of Circuit Breaker Mechanism**: While not mentioned in the original `issue` report, this is a valid concern and a recognized best practice for enhancing contract security and resiliency.

---",0,1,0,10,"```
None.
```",0.0
ConvexStakingWrapper.sol,"// SPDX-License-Identifier: MIT
// Original contract: https://github.com/convex-eth/platform/blob/main/contracts/contracts/wrappers/ConvexStakingWrapper.sol
pragma solidity 0.8.6;

import ""@yield-protocol/utils-v2/contracts/token/IERC20.sol"";
import ""@yield-protocol/utils-v2/contracts/token/ERC20.sol"";
import ""@yield-protocol/utils-v2/contracts/access/AccessControl.sol"";
import ""@yield-protocol/utils-v2/contracts/token/TransferHelper.sol"";
import ""./interfaces/IRewardStaking.sol"";
import ""./interfaces/IConvexDeposits.sol"";
import ""./interfaces/ICvx.sol"";
import ""./CvxMining.sol"";

/// @notice Wrapper used to manage staking of Convex tokens
contract ConvexStakingWrapper is ERC20, AccessControl {
    using TransferHelper for IERC20;

    struct EarnedData {
        address token;
        uint256 amount;
    }

    struct RewardType {
        address reward_token;
        address reward_pool;
        uint128 reward_integral;
        uint128 reward_remaining;
        mapping(address => uint256) reward_integral_for;
        mapping(address => uint256) claimable_reward;
    }

    uint256 public cvx_reward_integral;
    uint256 public cvx_reward_remaining;
    mapping(address => uint256) public cvx_reward_integral_for;
    mapping(address => uint256) public cvx_claimable_reward;

    //constants/immutables
    address public constant convexBooster = address(0xF403C135812408BFbE8713b5A23a04b3D48AAE31);
    address public constant crv = address(0xD533a949740bb3306d119CC777fa900bA034cd52);
    address public constant cvx = address(0x4e3FBD56CD56c3e72c1403e103b45Db9da5B9D2B);
    address public curveToken;
    address public convexToken;
    address public convexPool;
    address public collateralVault;
    uint256 public convexPoolId;

    //rewards
    RewardType[] public rewards;

    //management
    bool public isShutdown;
    bool private _status;

    bool private constant _NOT_ENTERED = false;
    bool private constant _ENTERED = true;

    event Deposited(address indexed _user, address indexed _account, uint256 _amount, bool _wrapped);
    event Withdrawn(address indexed _user, uint256 _amount, bool _unwrapped);

    constructor(
        address _curveToken,
        address _convexToken,
        address _convexPool,
        uint256 _poolId,
        address _vault,
        string memory name,
        string memory symbol,
        uint8 decimals
    ) ERC20(name, symbol, decimals) {
        curveToken = _curveToken;
        convexToken = _convexToken;
        convexPool = _convexPool;
        convexPoolId = _poolId;
        collateralVault = _vault;

        //add rewards
        addRewards();
        setApprovals();
    }

    modifier nonReentrant() {
        // On the first call to nonReentrant, _notEntered will be true
        require(_status != _ENTERED, ""ReentrancyGuard: reentrant call"");
        // Any calls to nonReentrant after this point will fail
        _status = _ENTERED;
        _;
        // By storing the original value once again, a refund is triggered (see
        // https://eips.ethereum.org/EIPS/eip-2200)
        _status = _NOT_ENTERED;
    }

    /// @notice Give maximum approval to the pool & convex booster contract to transfer funds from wrapper
    function setApprovals() public {
        IERC20(curveToken).approve(convexBooster, 0);
        IERC20(curveToken).approve(convexBooster, type(uint256).max);
        IERC20(convexToken).approve(convexPool, type(uint256).max);
    }

    /// @notice Adds reward tokens by reading the available rewards from the RewardStaking pool
    /// @dev CRV token is added as a reward by default
    function addRewards() public {
        address mainPool = convexPool;

        uint256 rewardsLength = rewards.length;

        if (rewardsLength == 0) {
            RewardType storage reward = rewards.push();
            reward.reward_token = crv;
            reward.reward_pool = mainPool;
            rewardsLength += 1;
        }

        uint256 extraCount = IRewardStaking(mainPool).extraRewardsLength();
        uint256 startIndex = rewardsLength - 1;
        for (uint256 i = startIndex; i < extraCount; i++) {
            address extraPool = IRewardStaking(mainPool).extraRewards(i);
            RewardType storage reward = rewards.push();
            reward.reward_token = IRewardStaking(extraPool).rewardToken();
            reward.reward_pool = extraPool;
        }
    }

    /// @notice Returns the length of the reward tokens added
    /// @return The count of reward tokens
    function rewardLength() external view returns (uint256) {
        return rewards.length;
    }

    /// @notice Get user's balance
    /// @param _account User's address for which balance is requested
    /// @return User's balance of collateral
    /// @dev Included here to allow inheriting contracts to override.
    function _getDepositedBalance(address _account) internal view virtual returns (uint256) {
        if (_account == address(0) || _account == collateralVault) {
            return 0;
        }
        //get balance from collateralVault

        return _balanceOf[_account];
    }

    /// @notice TotalSupply of wrapped token
    /// @return The total supply of wrapped token
    /// @dev This function is provided and marked virtual as convenience to future development
    function _getTotalSupply() internal view virtual returns (uint256) {
        return _totalSupply;
    }

    /// @notice Calculates & upgrades the integral for distributing the CVX rewards
    /// @param _accounts Accounts for which the CvxIntegral has to be calculated
    /// @param _balances Balances of the accounts
    /// @param _supply Total supply of the wrapped token
    /// @param _isClaim Whether to claim the calculated rewards
    function _calcCvxIntegral(
        address[2] memory _accounts,
        uint256[2] memory _balances,
        uint256 _supply,
        bool _isClaim
    ) internal {
        uint256 bal = IERC20(cvx).balanceOf(address(this));
        uint256 cvxRewardRemaining = cvx_reward_remaining;
        uint256 d_cvxreward = bal - cvxRewardRemaining;
        uint256 cvxRewardIntegral = cvx_reward_integral;

        if (_supply > 0 && d_cvxreward > 0) {
            cvxRewardIntegral = cvxRewardIntegral + (d_cvxreward * 1e20) / (_supply);
            cvx_reward_integral = cvxRewardIntegral;
        }

        //update user integrals for cvx
        uint256 accountsLength = _accounts.length;
        for (uint256 u = 0; u < accountsLength; u++) {
            //do not give rewards to address 0
            if (_accounts[u] == address(0)) continue;
            if (_accounts[u] == collateralVault) continue;

            uint256 userI = cvx_reward_integral_for[_accounts[u]];
            if (_isClaim || userI < cvxRewardIntegral) {
                uint256 receiveable = cvx_claimable_reward[_accounts[u]] +
                    ((_balances[u] * (cvxRewardIntegral - userI)) / 1e20);
                if (_isClaim) {
                    if (receiveable > 0) {
                        cvx_claimable_reward[_accounts[u]] = 0;
                        IERC20(cvx).safeTransfer(_accounts[u], receiveable);
                        bal = bal - (receiveable);
                    }
                } else {
                    cvx_claimable_reward[_accounts[u]] = receiveable;
                }
                cvx_reward_integral_for[_accounts[u]] = cvxRewardIntegral;
            }
        }

        //update reward total
        if (bal != cvxRewardRemaining) {
            cvx_reward_remaining = bal;
        }
    }

    /// @notice Calculates & upgrades the integral for distributing the reward token
    /// @param _index The index of the reward token for which the calculations are to be done
    /// @param _accounts Accounts for which the CvxIntegral has to be calculated
    /// @param _balances Balances of the accounts
    /// @param _supply Total supply of the wrapped token
    /// @param _isClaim Whether to claim the calculated rewards
    function _calcRewardIntegral(
        uint256 _index,
        address[2] memory _accounts,
        uint256[2] memory _balances,
        uint256 _supply,
        bool _isClaim
    ) internal {
        RewardType storage reward = rewards[_index];

        uint256 rewardIntegral = reward.reward_integral;
        uint256 rewardRemaining = reward.reward_remaining;

        //get difference in balance and remaining rewards
        //getReward is unguarded so we use reward_remaining to keep track of how much was actually claimed
        uint256 bal = IERC20(reward.reward_token).balanceOf(address(this));
        if (_supply > 0 && (bal - rewardRemaining) > 0) {
            rewardIntegral = uint128(rewardIntegral) + uint128(((bal - rewardRemaining) * 1e20) / _supply);
            reward.reward_integral = uint128(rewardIntegral);
        }
        //update user integrals
        uint256 accountsLength = _accounts.length;
        for (uint256 u = 0; u < accountsLength; u++) {
            //do not give rewards to address 0
            if (_accounts[u] == address(0)) continue;
            if (_accounts[u] == collateralVault) continue;

            uint256 userI = reward.reward_integral_for[_accounts[u]];
            if (_isClaim || userI < rewardIntegral) {
                if (_isClaim) {
                    uint256 receiveable = reward.claimable_reward[_accounts[u]] +
                        ((_balances[u] * (uint256(rewardIntegral) - userI)) / 1e20);
                    if (receiveable > 0) {
                        reward.claimable_reward[_accounts[u]] = 0;
                        IERC20(reward.reward_token).safeTransfer(_accounts[u], receiveable);
                        bal = bal - receiveable;
                    }
                } else {
                    reward.claimable_reward[_accounts[u]] =
                        reward.claimable_reward[_accounts[u]] +
                        ((_balances[u] * (uint256(rewardIntegral) - userI)) / 1e20);
                }
                reward.reward_integral_for[_accounts[u]] = rewardIntegral;
            }
        }

        //update remaining reward here since balance could have changed if claiming
        if (bal != rewardRemaining) {
            reward.reward_remaining = uint128(bal);
        }
    }

    /// @notice Create a checkpoint for the supplied addresses by updating the reward integrals & claimable reward for them
    /// @param _accounts The accounts for which checkpoints have to be calculated
    function _checkpoint(address[2] memory _accounts) internal {
        //if shutdown, no longer checkpoint in case there are problems
        if (isShutdown) return;

        uint256 supply = _getTotalSupply();
        uint256[2] memory depositedBalance;
        depositedBalance[0] = _getDepositedBalance(_accounts[0]);
        depositedBalance[1] = _getDepositedBalance(_accounts[1]);

        IRewardStaking(convexPool).getReward(address(this), true);

        uint256 rewardCount = rewards.length;
        for (uint256 i = 0; i < rewardCount; i++) {
            _calcRewardIntegral(i, _accounts, depositedBalance, supply, false);
        }
        _calcCvxIntegral(_accounts, depositedBalance, supply, false);
    }

    /// @notice Create a checkpoint for the supplied addresses by updating the reward integrals & claimable reward for them & claims the rewards
    /// @param _accounts The accounts for which checkpoints have to be calculated
    function _checkpointAndClaim(address[2] memory _accounts) internal {
        uint256 supply = _getTotalSupply();
        uint256[2] memory depositedBalance;
        depositedBalance[0] = _getDepositedBalance(_accounts[0]); //only do first slot

        IRewardStaking(convexPool).getReward(address(this), true);

        uint256 rewardCount = rewards.length;
        for (uint256 i = 0; i < rewardCount; i++) {
            _calcRewardIntegral(i, _accounts, depositedBalance, supply, true);
        }
        _calcCvxIntegral(_accounts, depositedBalance, supply, true);
    }

    /// @notice Create a checkpoint for the supplied addresses by updating the reward integrals & claimable reward for them
    /// @param _accounts The accounts for which checkpoints have to be calculated
    function user_checkpoint(address[2] calldata _accounts) external returns (bool) {
        _checkpoint([_accounts[0], _accounts[1]]);
        return true;
    }

    /// @notice Get the balance of the user
    /// @param _account Address whose balance is to be checked
    /// @return The balance of the supplied address
    function totalBalanceOf(address _account) external view returns (uint256) {
        return _getDepositedBalance(_account);
    }

    /// @notice Get the amount of tokens the user has earned
    /// @param _account Address whose balance is to be checked
    /// @return claimable Array of earned tokens and their amount
    function earned(address _account) external view returns (EarnedData[] memory claimable) {
        uint256 supply = _getTotalSupply();
        uint256 rewardCount = rewards.length;
        claimable = new EarnedData[](rewardCount + 1);

        for (uint256 i = 0; i < rewardCount; i++) {
            RewardType storage reward = rewards[i];
            address rewardToken = reward.reward_token;

            //change in reward is current balance - remaining reward + earned
            uint256 bal = IERC20(rewardToken).balanceOf(address(this));
            uint256 d_reward = bal - reward.reward_remaining;
            d_reward = d_reward + IRewardStaking(reward.reward_pool).earned(address(this));

            uint256 I = reward.reward_integral;
            if (supply > 0) {
                I = I + (d_reward * 1e20) / supply;
            }

            uint256 newlyClaimable = (_getDepositedBalance(_account) * (I - reward.reward_integral_for[_account])) /
                1e20;
            claimable[i].amount = reward.claimable_reward[_account] + newlyClaimable;
            claimable[i].token = rewardToken;

            //calc cvx here
            if (rewardToken == crv) {
                claimable[rewardCount].amount =
                    cvx_claimable_reward[_account] +
                    CvxMining.ConvertCrvToCvx(newlyClaimable);
                claimable[rewardCount].token = cvx;
            }
        }
        return claimable;
    }

    /// @notice Claim reward for the supplied account
    /// @param _account Address whose reward is to be claimed
    function getReward(address _account) external {
        //claim directly in checkpoint logic to save a bit of gas
        _checkpointAndClaim([_account, address(0)]);
    }
}",3329.0,351.0,"***[M-02] Rewards distribution can be disrupted by a early user***
`reward.reward_integral` is `uint128`, if a early user mint (wrap) just 1 Wei of `convexToken`, and make `_supply == 1`, and then tranferring `5e18` of `reward_token` to the contract. As a result, `reward.reward_integral` can exceed `type(uint128).max` and overflow, causing the rewards distribution to be disrupted.",1.0,"pragma solidity 0.8.6;

import ""@yield-protocol/utils-v2/contracts/token/IERC20.sol"";
import ""@yield-protocol/utils-v2/contracts/token/ERC20.sol"";
import ""@yield-protocol/utils-v2/contracts/access/AccessControl.sol"";
import ""@yield-protocol/utils-v2/contracts/token/TransferHelper.sol"";
import ""./interfaces/IRewardStaking.sol"";
import ""./interfaces/IConvexDeposits.sol"";
import ""./interfaces/ICvx.sol"";
import ""./CvxMining.sol"";


contract ConvexStakingWrapper is ERC20, AccessControl {
    using TransferHelper for IERC20;

    struct EarnedData {
        address token;
        uint256 amount;
    }

    struct RewardType {
        address reward_token;
        address reward_pool;
        uint128 reward_integral;
        uint128 reward_remaining;
        mapping(address => uint256) reward_integral_for;
        mapping(address => uint256) claimable_reward;
    }

    uint256 public cvx_reward_integral;
    uint256 public cvx_reward_remaining;
    mapping(address => uint256) public cvx_reward_integral_for;
    mapping(address => uint256) public cvx_claimable_reward;

    
    address public constant convexBooster = address(0xF403C135812408BFbE8713b5A23a04b3D48AAE31);
    address public constant crv = address(0xD533a949740bb3306d119CC777fa900bA034cd52);
    address public constant cvx = address(0x4e3FBD56CD56c3e72c1403e103b45Db9da5B9D2B);
    address public curveToken;
    address public convexToken;
    address public convexPool;
    address public collateralVault;
    uint256 public convexPoolId;

    
    RewardType[] public rewards;

    
    bool public isShutdown;
    bool private _status;

    bool private constant _NOT_ENTERED = false;
    bool private constant _ENTERED = true;

    event Deposited(address indexed _user, address indexed _account, uint256 _amount, bool _wrapped);
    event Withdrawn(address indexed _user, uint256 _amount, bool _unwrapped);

    constructor(
        address _curveToken,
        address _convexToken,
        address _convexPool,
        uint256 _poolId,
        address _vault,
        string memory name,
        string memory symbol,
        uint8 decimals
    ) ERC20(name, symbol, decimals) {
        curveToken = _curveToken;
        convexToken = _convexToken;
        convexPool = _convexPool;
        convexPoolId = _poolId;
        collateralVault = _vault;

        
        addRewards();
        setApprovals();
    }

    modifier nonReentrant() {
        
        require(_status != _ENTERED, ""ReentrancyGuard: reentrant call"");
        
        _status = _ENTERED;
        _;
        
        
        _status = _NOT_ENTERED;
    }

    
    function setApprovals() public {
        IERC20(curveToken).approve(convexBooster, 0);
        IERC20(curveToken).approve(convexBooster, type(uint256).max);
        IERC20(convexToken).approve(convexPool, type(uint256).max);
    }

    
    
    function addRewards() public {
        address mainPool = convexPool;

        uint256 rewardsLength = rewards.length;

        if (rewardsLength == 0) {
            RewardType storage reward = rewards.push();
            reward.reward_token = crv;
            reward.reward_pool = mainPool;
            rewardsLength += 1;
        }

        uint256 extraCount = IRewardStaking(mainPool).extraRewardsLength();
        uint256 startIndex = rewardsLength - 1;
        for (uint256 i = startIndex; i < extraCount; i++) {
            address extraPool = IRewardStaking(mainPool).extraRewards(i);
            RewardType storage reward = rewards.push();
            reward.reward_token = IRewardStaking(extraPool).rewardToken();
            reward.reward_pool = extraPool;
        }
    }

    
    
    function rewardLength() external view returns (uint256) {
        return rewards.length;
    }

    
    
    
    
    function _getDepositedBalance(address _account) internal view virtual returns (uint256) {
        if (_account == address(0) || _account == collateralVault) {
            return 0;
        }
        

        return _balanceOf[_account];
    }

    
    
    
    function _getTotalSupply() internal view virtual returns (uint256) {
        return _totalSupply;
    }

    
    
    
    
    
    function _calcCvxIntegral(
        address[2] memory _accounts,
        uint256[2] memory _balances,
        uint256 _supply,
        bool _isClaim
    ) internal {
        uint256 bal = IERC20(cvx).balanceOf(address(this));
        uint256 cvxRewardRemaining = cvx_reward_remaining;
        uint256 d_cvxreward = bal - cvxRewardRemaining;
        uint256 cvxRewardIntegral = cvx_reward_integral;

        if (_supply > 0 && d_cvxreward > 0) {
            cvxRewardIntegral = cvxRewardIntegral + (d_cvxreward * 1e20) / (_supply);
            cvx_reward_integral = cvxRewardIntegral;
        }

        
        uint256 accountsLength = _accounts.length;
        for (uint256 u = 0; u < accountsLength; u++) {
            
            if (_accounts[u] == address(0)) continue;
            if (_accounts[u] == collateralVault) continue;

            uint256 userI = cvx_reward_integral_for[_accounts[u]];
            if (_isClaim || userI < cvxRewardIntegral) {
                uint256 receiveable = cvx_claimable_reward[_accounts[u]] +
                    ((_balances[u] * (cvxRewardIntegral - userI)) / 1e20);
                if (_isClaim) {
                    if (receiveable > 0) {
                        cvx_claimable_reward[_accounts[u]] = 0;
                        IERC20(cvx).safeTransfer(_accounts[u], receiveable);
                        bal = bal - (receiveable);
                    }
                } else {
                    cvx_claimable_reward[_accounts[u]] = receiveable;
                }
                cvx_reward_integral_for[_accounts[u]] = cvxRewardIntegral;
            }
        }

        
        if (bal != cvxRewardRemaining) {
            cvx_reward_remaining = bal;
        }
    }

    
    
    
    
    
    
    function _calcRewardIntegral(
        uint256 _index,
        address[2] memory _accounts,
        uint256[2] memory _balances,
        uint256 _supply,
        bool _isClaim
    ) internal {
        RewardType storage reward = rewards[_index];

        uint256 rewardIntegral = reward.reward_integral;
        uint256 rewardRemaining = reward.reward_remaining;

        
        
        uint256 bal = IERC20(reward.reward_token).balanceOf(address(this));
        if (_supply > 0 && (bal - rewardRemaining) > 0) {
            rewardIntegral = uint128(rewardIntegral) + uint128(((bal - rewardRemaining) * 1e20) / _supply);
            reward.reward_integral = uint128(rewardIntegral);
        }
        
        uint256 accountsLength = _accounts.length;
        for (uint256 u = 0; u < accountsLength; u++) {
            
            if (_accounts[u] == address(0)) continue;
            if (_accounts[u] == collateralVault) continue;

            uint256 userI = reward.reward_integral_for[_accounts[u]];
            if (_isClaim || userI < rewardIntegral) {
                if (_isClaim) {
                    uint256 receiveable = reward.claimable_reward[_accounts[u]] +
                        ((_balances[u] * (uint256(rewardIntegral) - userI)) / 1e20);
                    if (receiveable > 0) {
                        reward.claimable_reward[_accounts[u]] = 0;
                        IERC20(reward.reward_token).safeTransfer(_accounts[u], receiveable);
                        bal = bal - receiveable;
                    }
                } else {
                    reward.claimable_reward[_accounts[u]] =
                        reward.claimable_reward[_accounts[u]] +
                        ((_balances[u] * (uint256(rewardIntegral) - userI)) / 1e20);
                }
                reward.reward_integral_for[_accounts[u]] = rewardIntegral;
            }
        }

        
        if (bal != rewardRemaining) {
            reward.reward_remaining = uint128(bal);
        }
    }

    
    
    function _checkpoint(address[2] memory _accounts) internal {
        
        if (isShutdown) return;

        uint256 supply = _getTotalSupply();
        uint256[2] memory depositedBalance;
        depositedBalance[0] = _getDepositedBalance(_accounts[0]);
        depositedBalance[1] = _getDepositedBalance(_accounts[1]);

        IRewardStaking(convexPool).getReward(address(this), true);

        uint256 rewardCount = rewards.length;
        for (uint256 i = 0; i < rewardCount; i++) {
            _calcRewardIntegral(i, _accounts, depositedBalance, supply, false);
        }
        _calcCvxIntegral(_accounts, depositedBalance, supply, false);
    }

    
    
    function _checkpointAndClaim(address[2] memory _accounts) internal {
        uint256 supply = _getTotalSupply();
        uint256[2] memory depositedBalance;
        depositedBalance[0] = _getDepositedBalance(_accounts[0]); 

        IRewardStaking(convexPool).getReward(address(this), true);

        uint256 rewardCount = rewards.length;
        for (uint256 i = 0; i < rewardCount; i++) {
            _calcRewardIntegral(i, _accounts, depositedBalance, supply, true);
        }
        _calcCvxIntegral(_accounts, depositedBalance, supply, true);
    }

    
    
    function user_checkpoint(address[2] calldata _accounts) external returns (bool) {
        _checkpoint([_accounts[0], _accounts[1]]);
        return true;
    }

    
    
    
    function totalBalanceOf(address _account) external view returns (uint256) {
        return _getDepositedBalance(_account);
    }

    
    
    
    function earned(address _account) external view returns (EarnedData[] memory claimable) {
        uint256 supply = _getTotalSupply();
        uint256 rewardCount = rewards.length;
        claimable = new EarnedData[](rewardCount + 1);

        for (uint256 i = 0; i < rewardCount; i++) {
            RewardType storage reward = rewards[i];
            address rewardToken = reward.reward_token;

            
            uint256 bal = IERC20(rewardToken).balanceOf(address(this));
            uint256 d_reward = bal - reward.reward_remaining;
            d_reward = d_reward + IRewardStaking(reward.reward_pool).earned(address(this));

            uint256 I = reward.reward_integral;
            if (supply > 0) {
                I = I + (d_reward * 1e20) / supply;
            }

            uint256 newlyClaimable = (_getDepositedBalance(_account) * (I - reward.reward_integral_for[_account])) /
                1e20;
            claimable[i].amount = reward.claimable_reward[_account] + newlyClaimable;
            claimable[i].token = rewardToken;

            
            if (rewardToken == crv) {
                claimable[rewardCount].amount =
                    cvx_claimable_reward[_account] +
                    CvxMining.ConvertCrvToCvx(newlyClaimable);
                claimable[rewardCount].token = cvx;
            }
        }
        return claimable;
    }

    
    
    function getReward(address _account) external {
        
        _checkpointAndClaim([_account, address(0)]);
    }
}",2515.0,0,1,"The provided Solidity smart contract (`ConvexStakingWrapper`) contains several potential vulnerabilities and areas for concern. While it appears to have implemented some mechanisms (e.g., `nonReentrant` modifier) to mitigate specific risks, there are still notable issues, listed below:

---

### 1. **Reentrancy Vulnerability in `_calcCvxIntegral` and `_calcRewardIntegral`**
   - Even though `nonReentrant` is applied in some functions, the internal `_calcCvxIntegral` and `_calcRewardIntegral` functions are not explicitly guarded by reentrancy protection. If these functions are called indirectly through other functions that don't use the `nonReentrant` modifier, an attacker could potentially manipulate balances (e.g., via `safeTransfer` calls) during execution.
   - The use of `safeTransfer` within loops iterating over user accounts (e.g., `_accounts[u]`) could allow for subtle reentrancy attacks on external `IERC20` implementations.

---

### 2. **Unchecked External Call in `IRewardStaking.getReward`**
   - The line `IRewardStaking(convexPool).getReward(address(this), true);` is an unguarded external call to the `getReward` function of another contract. If this external contract is malicious or compromised, it may execute arbitrary logic or cause unexpected results, including state manipulation and gas exhaustion.

---

### 3. **Handling of Balance Differences (`d_cvxreward`, `d_reward`)**
   - The contract uses balance deltas (`bal - reward.reward_remaining` and `bal - cvx_reward_remaining`) for reward calculations. However, it does not adequately handle edge cases where token balances might be manipulated externally (for example, if someone sends tokens directly to the contract).
   - This can lead to reward distribution inconsistencies.

---

### 4. **Potential Gas Exhaustion in Loops**
   - Functions such as `_calcRewardIntegral`, `_checkpoint`, `_checkpointAndClaim`, and `earned` contain loops over user accounts or reward types. If the `rewards` array becomes very large, execution could run out of gas, making certain operations infeasible.
   - In `addRewards`, the `for` loop iterating over `extraCount` could also cause gas issues if there are many extra rewards in the Convex pool.

---

### 5. **Lack of Access Control on `addRewards`**
   - The `addRewards` function can be called publicly, which updates the `rewards` array. Since this function modifies core state variables, it should be restricted to privileged users only using access control mechanisms.
   - Without proper restriction, an attacker could bloat the `rewards` array or potentially introduce malicious `reward_pool` contracts.

---

### 6. **Improper Use of `reward_integral` and Type Casting**
   - The `reward_integral` is cast to a `uint128` in `_calcRewardIntegral`, but calculations combine multiple values (e.g., `uint128(rewardIntegral) + uint128(...)`). This type downcast could lead to silent overflow if any of the calculated values exceed the range of `uint128`.
   - Rewards with large balance values may result in inaccurate integrals or reward calculations due to improper handling of overflow.

---

### 7. **No Validation for Addresses Provided in Constructor**
   - When deploying the contract, there is no validation for addresses provided in the constructor (e.g., `_curveToken`, `_convexToken`, `_convexPool`, `_vault`). As a result:
     - A deployer can set invalid or malicious addresses.
     - Critical operations (like `IERC20(curveToken).approve`) may fail if invalid addresses are used.

---

### 8. **Collateral Vault Handling**
   - Several functions (e.g., `_calcCvxIntegral`, `_calcRewardIntegral`) skip operations for `collateralVault`. However, there is no explicit check in the contract to ensure `collateralVault` is set correctly and cannot be abused.
   - If the `collateralVault` address is incorrectly set (e.g., a user address or another contract), critical functionality could behave incorrectly.

---

### 9. **Hardcoded Constants**
   - Constants such as `convexBooster`, `crv`, and `cvx` are hardcoded in the contract. Although they are public and immutable here, their values could become incorrect if the external contracts are upgraded, modified, or replaced.
   - There is no mechanism to update these addresses in the future if necessary.

---

### 10. **Public Visibility on `setApprovals`**
   - The `setApprovals` function is `public`, meaning anyone can call it to overwrite the current allowances set by the contract. While this might work as intended, it could potentially lead to unnecessary external calls or subtle manipulation if approvals are somehow exploited.

---

### 11. **Unchecked Arithmetic**
   - The contract uses unchecked arithmetic in calculations like `bal - rewardRemaining` and `cvxRewardIntegral + (d_cvxreward * 1e20) / _supply`. While Solidity 0.8.0 introduces built-in overflow/underflow checks, these exact lines might revert unintentionally if an arithmetic error occurs, such as when `rewardRemaining > bal`.

---

### 12. **No Emergency Withdraw or Shutdown Mechanism**
   - Although the contract includes the `isShutdown` boolean, there is no explicit mechanism for emergency shutdown or withdrawal of funds for users or the admin if something goes wrong.
   - Funds may become locked in the contract if an external dependency (e.g., `convexPool`, `IERC20` tokens) malfunctions or becomes unavailable.

---

### 13. **Redundant State Writes**
   - Some functions (e.g., `_checkpointAndClaim`) update state variables redundantly (e.g., recalculating and updating `cvx_reward_remaining` unnecessarily). This could lead to higher gas costs and inefficiencies.

---

### 14. **Unsafe Use of `IERC20.safeTransfer`**
   - The `safeTransfer` function is used to transfer tokens to users, but it assumes that the external token complies fully with the `ERC20` standard. Tokens with non-standard implementations (e.g., not returning a boolean) may result in failed transfers without reverting, potentially locking funds.

---

### Suggestions to Mitigate These Issues:
   - Add proper `onlyOwner` or role-based restrictions to critical functions like `addRewards`, `setApprovals`, etc.
   - Use a reentrancy guard for `_calcCvxIntegral`, `_calcRewardIntegral`, and all reward distribution functions.
   - Validate inputs in the constructor and functions that accept address parameters.
   - Ensure loops in the contract are limited in iteration to avoid gas exhaustion risks.
   - Add overflow and safety checks for all arithmetic operations involving token balances or rewards.
   - Implement an emergency shutdown function to manually withdraw all funds if necessary.
   - Review `safeTransfer` with fallback mechanisms or upgradeable compatibility with non-standard tokens.

By addressing these vulnerabilities, the contract can be made more secure, predictable, and resilient to attacks.","---

### **Analysis of Alignment Between `issue` and `response_list`**

---

#### **[M-02] Rewards distribution can be disrupted by an early user**

**Report Description**:  
The `reward.reward_integral` variable is defined as `uint128`. If an early user mints (wraps) just 1 Wei of `convexToken`, making `_supply == 1`, and then transfers `5e18` of `reward_token` to the contract, the `reward.reward_integral` calculation can exceed `type(uint128).max` and overflow. This overflow disrupts the rewards distribution mechanism, leading to incorrect reward calculations and potential loss of funds for users.

---

**Match in Response List**:  
Matches with **""Improper Use of `reward_integral` and Type Casting""** in the `response_list`.

---

**Validation**:  
**Partially Correct**.  
The response in the `response_list` identifies the issue of improper type casting and potential overflow in `reward_integral`. It acknowledges that calculations involving `uint128` could silently overflow if the values exceed the range of `uint128`. However, the response does not explicitly address the specific scenario described in the `issue` report, where an early user can manipulate `_supply` to cause an overflow. Additionally, the response does not propose a concrete solution to prevent this vulnerability.

---

**Suggestions**:  
1. **Explicit Overflow Checks**: Use Solidity's built-in overflow protection (enabled by default in Solidity 0.8.0) or explicitly check for overflows in calculations involving `reward_integral`. For example:
   ```solidity
   require(reward.reward_integral + calculated_value <= type(uint128).max, ""Overflow in reward_integral"");
   ```
2. **Minimum Supply Constraint**: Enforce a minimum `_supply` value to prevent scenarios where `_supply == 1`. For example:
   ```solidity
   require(_supply > MIN_SUPPLY, ""Supply too low"");
   ```
3. **Unit Tests**: Add test cases to simulate the described scenario and ensure the contract handles it correctly without disrupting rewards distribution.

---

---

### **GPT-Generated Potential Issues (May Be Incorrect)**

#### **[R-01] Reentrancy Vulnerability in `_calcCvxIntegral` and `_calcRewardIntegral`**

**Response Description**:  
The response highlights a potential reentrancy vulnerability in the internal functions `_calcCvxIntegral` and `_calcRewardIntegral`. While the `nonReentrant` modifier is applied to some external functions, these internal functions are not explicitly guarded. If they are indirectly called through other functions without `nonReentrant`, an attacker could exploit this to manipulate balances during execution.

**Assessment**:  
**Valid Concern**.  
Although this issue is not directly related to the `issue` report, it is a valid security concern. Internal functions like `_calcCvxIntegral` and `_calcRewardIntegral` should either be explicitly guarded against reentrancy or only called from functions that are already protected by `nonReentrant`. This ensures that reentrancy attacks cannot occur, even indirectly.

---

#### **[R-02] Lack of Access Control on `addRewards`**

**Response Description**:  
The response points out that the `addRewards` function is publicly accessible and modifies core state variables, such as the `rewards` array. Without proper access control, an attacker could bloat the `rewards` array or introduce malicious `reward_pool` contracts.

**Assessment**:  
**Valid Concern**.  
This issue is unrelated to the specific overflow vulnerability described in the `issue` report but is a valid security concern. Publicly accessible functions that modify critical state variables should be restricted to privileged users using access control mechanisms like `onlyOwner` or role-based access control.

---

#### **[R-03] No Emergency Withdraw or Shutdown Mechanism**

**Response Description**:  
The response notes that while the contract includes an `isShutdown` boolean, there is no explicit mechanism for emergency withdrawal or shutdown. This could result in funds being locked in the contract if an external dependency (e.g., `convexPool`) malfunctions.

**Assessment**:  
**Valid Concern**.  
This issue is unrelated to the specific overflow vulnerability described in the `issue` report but is a recognized best practice in Solidity. Implementing an emergency withdrawal or shutdown mechanism can enhance the contract's resiliency and protect user funds in case of unforeseen issues.

---

---

### **Summary of Matches and Gaps**

---

#### **Correct Matches**:
- None.

#### **Partially Correct Matches**:
- **[M-02] Rewards distribution can be disrupted by an early user**:  
  The response partially addresses the issue by identifying the risk of overflow in `reward_integral` due to improper type casting. However, it does not explicitly address the specific scenario described in the `issue` report or propose concrete solutions.

#### **Missed Issues from Issue Report**:
- None.

---

### **GPT-Generated Potential Issues (May Be Incorrect)**:

1. **[R-01] Reentrancy Vulnerability in `_calcCvxIntegral` and `_calcRewardIntegral`**:  
   Valid concern. Internal functions should be explicitly guarded against reentrancy or only called from protected functions.

2. **[R-02] Lack of Access Control on `addRewards`**:  
   Valid concern. Publicly accessible functions that modify critical state variables should be restricted to privileged users.

3. **[R-03] No Emergency Withdraw or Shutdown Mechanism**:  
   Valid concern. Implementing an emergency withdrawal or shutdown mechanism is a recognized best practice to protect user funds in case of unforeseen issues.

---

### **Recommendations**

1. **Address the Specific Overflow Scenario**:  
   Implement explicit overflow checks and enforce a minimum `_supply` value to prevent the scenario described in the `issue` report.

2. **Enhance Access Control**:  
   Restrict access to critical functions like `addRewards` using `onlyOwner` or role-based access control.

3. **Implement Emergency Mechanisms**:  
   Add an emergency withdrawal or shutdown mechanism to protect user funds in case of contract malfunctions or external dependency failures.

4. **Reentrancy Protection**:  
   Ensure all internal functions that interact with external contracts or modify critical state variables are protected against reentrancy.

5. **Comprehensive Testing**:  
   Add unit tests to simulate edge cases, such as the overflow scenario described in the `issue` report, and ensure the contract behaves as expected.

---",0,1,0,14,"```
None.
```","The **Average Precision (AP)** for the query is **0.0**.

### Explanation:
- The list of true positives is empty (`None`), meaning there are no relevant items in the ranked list of predictions.
- Since there are no true positives, the precision at any rank is 0, and the average of these precision values is also 0.
- Therefore, the **Average Precision (AP)** is **0.0**."
,,,,,,,,2,2,,,0,2,2,36,,
