nameid,code,tokens,loc,issue,vulnumber,Unnamed: 6,code_snippet,processtokens,high_severity_count,medium_severity_count,Findings,Comparison,Correct Matches,Partially Correct,Missed,GPT-generated,matchList,MAP
YaxisVaultAdapter.sol,"// SPDX-License-Identifier: GPL-3.0
pragma solidity ^0.6.12;
pragma experimental ABIEncoderV2;

import 'hardhat/console.sol';

import {SafeERC20} from '@openzeppelin/contracts/token/ERC20/SafeERC20.sol';
import {SafeMath} from '@openzeppelin/contracts/math/SafeMath.sol';

import {FixedPointMath} from '../libraries/FixedPointMath.sol';
import {IDetailedERC20} from '../interfaces/IDetailedERC20.sol';
import {IVaultAdapter} from '../interfaces/IVaultAdapter.sol';
import {IVault} from '../../interfaces/IVault.sol';

/// @title YaxisVaultAdapter
///
/// @dev A vault adapter implementation which wraps a yAxis vault.
contract YaxisVaultAdapter is IVaultAdapter {
    using FixedPointMath for FixedPointMath.FixedDecimal;
    using SafeERC20 for IDetailedERC20;
    using SafeMath for uint256;

    /// @dev The vault that the adapter is wrapping.
    IVault public vault;

    /// @dev The address which has admin control over this contract.
    address public admin;

    constructor(IVault _vault, address _admin) public {
        vault = _vault;
        admin = _admin;
        updateApproval();
    }

    /// @dev A modifier which reverts if the caller is not the admin.
    modifier onlyAdmin() {
        require(admin == msg.sender, 'YaxisVaultAdapter: only admin');
        _;
    }

    /// @dev Gets the token that the vault accepts.
    ///
    /// @return the accepted token.
    function token() external view override returns (IDetailedERC20) {
        return IDetailedERC20(vault.getToken());
    }

    /// @dev Gets the total value of the assets that the adapter holds in the vault.
    ///
    /// @return the total assets.
    function totalValue() external view override returns (uint256) {
        return _sharesToTokens(IDetailedERC20(vault.getLPToken()).balanceOf(address(this)));
    }

    /// @dev Deposits tokens into the vault.
    ///
    /// @param _amount the amount of tokens to deposit into the vault.
    function deposit(uint256 _amount) external override {
        vault.deposit(_amount);
    }

    /// @dev Withdraws tokens from the vault to the recipient.
    ///
    /// This function reverts if the caller is not the admin.
    ///
    /// @param _recipient the account to withdraw the tokes to.
    /// @param _amount    the amount of tokens to withdraw.
    function withdraw(address _recipient, uint256 _amount) external override onlyAdmin {
        vault.withdraw(_tokensToShares(_amount));
        address _token = vault.getToken();
        IDetailedERC20(_token).safeTransfer(_recipient, _amount);
    }

    /// @dev Updates the vaults approval of the token to be the maximum value.
    function updateApproval() public {
        address _token = vault.getToken();
        IDetailedERC20(_token).safeApprove(address(vault), uint256(-1));
    }

    /// @dev Computes the number of tokens an amount of shares is worth.
    ///
    /// @param _sharesAmount the amount of shares.
    ///
    /// @return the number of tokens the shares are worth.

    function _sharesToTokens(uint256 _sharesAmount) internal view returns (uint256) {
        return _sharesAmount.mul(vault.getPricePerFullShare()).div(1e18);
    }

    /// @dev Computes the number of shares an amount of tokens is worth.
    ///
    /// @param _tokensAmount the amount of shares.
    ///
    /// @return the number of shares the tokens are worth.
    function _tokensToShares(uint256 _tokensAmount) internal view returns (uint256) {
        return _tokensAmount.mul(1e18).div(vault.getPricePerFullShare());
    }
}",820,98,"***[H-01] YaxisVaultAdapter.sol#withdraw() will most certainly fail***
The actual token withdrawn from `vault.withdraw()` will most certainly less than the `_amount`, due to precision loss in `_tokensToShares()` and `vault.withdraw()`.
As a result, `IDetailedERC20(_token).safeTransfer(_recipient, _amount)` will revert due to insufficant balance.
Based on the simulation we ran, it will fail 99.99% of the time unless the `pps == 1e18`.",1,,"pragma solidity ^0.6.12;
pragma experimental ABIEncoderV2;

import 'hardhat/console.sol';

import {SafeERC20} from '@openzeppelin/contracts/token/ERC20/SafeERC20.sol';
import {SafeMath} from '@openzeppelin/contracts/math/SafeMath.sol';

import {FixedPointMath} from '../libraries/FixedPointMath.sol';
import {IDetailedERC20} from '../interfaces/IDetailedERC20.sol';
import {IVaultAdapter} from '../interfaces/IVaultAdapter.sol';
import {IVault} from '../../interfaces/IVault.sol';




contract YaxisVaultAdapter is IVaultAdapter {
    using FixedPointMath for FixedPointMath.FixedDecimal;
    using SafeERC20 for IDetailedERC20;
    using SafeMath for uint256;

    
    IVault public vault;

    
    address public admin;

    constructor(IVault _vault, address _admin) public {
        vault = _vault;
        admin = _admin;
        updateApproval();
    }

    
    modifier onlyAdmin() {
        require(admin == msg.sender, 'YaxisVaultAdapter: only admin');
        _;
    }

    
    
    
    function token() external view override returns (IDetailedERC20) {
        return IDetailedERC20(vault.getToken());
    }

    
    
    
    function totalValue() external view override returns (uint256) {
        return _sharesToTokens(IDetailedERC20(vault.getLPToken()).balanceOf(address(this)));
    }

    
    
    
    function deposit(uint256 _amount) external override {
        vault.deposit(_amount);
    }

    
    
    
    
    
    
    function withdraw(address _recipient, uint256 _amount) external override onlyAdmin {
        vault.withdraw(_tokensToShares(_amount));
        address _token = vault.getToken();
        IDetailedERC20(_token).safeTransfer(_recipient, _amount);
    }

    
    function updateApproval() public {
        address _token = vault.getToken();
        IDetailedERC20(_token).safeApprove(address(vault), uint256(-1));
    }

    
    
    
    
    

    function _sharesToTokens(uint256 _sharesAmount) internal view returns (uint256) {
        return _sharesAmount.mul(vault.getPricePerFullShare()).div(1e18);
    }

    
    
    
    
    
    function _tokensToShares(uint256 _tokensAmount) internal view returns (uint256) {
        return _tokensAmount.mul(1e18).div(vault.getPricePerFullShare());
    }
}",509,1,0,"Here are the potential vulnerabilities in the provided smart contract:

1. **Unlimited Token Approval**
   - In `updateApproval()`, the contract approves the vault for the maximum possible amount (`uint256(-1)`)
   - This could be dangerous if the vault contract is compromised, as it would have unlimited access to tokens

2. **No Zero Address Checks**
   - The constructor doesn't verify if `_vault` or `_admin` addresses are zero addresses
   - Could lead to contract becoming unusable if deployed with zero addresses

3. **No Balance Checks**
   - `withdraw()` function doesn't verify if the contract has sufficient balance before attempting withdrawal
   - Could lead to failed transactions and unnecessary gas costs

4. **Precision Loss Risk**
   - In `_tokensToShares()` and `_sharesToTokens()`, the multiplication and division operations could lead to precision loss
   - The order of operations (multiplication before division) is correct, but rounding errors could accumulate

5. **Single Admin Control**
   - Only one admin address can control critical functions
   - No mechanism to transfer admin rights
   - If admin key is compromised or lost, critical functions become inaccessible

6. **No Emergency Stop**
   - Lack of pause/emergency stop functionality
   - If vulnerabilities are discovered, there's no way to temporarily halt operations

7. **Pragma Version**
   - Using ^0.6.12 allows for any version >= 0.6.12 and < 0.7.0
   - Could potentially use versions with known vulnerabilities
   - Better to lock to a specific version

8. **External Call Risk**
   - Calls to external contracts (vault) could fail
   - No handling of failed external calls

9. **No Events**
   - Important functions don't emit events
   - Makes it harder to track contract activity off-chain

10. **Reentrancy Risk**
    - Although SafeERC20 is used, there could still be reentrancy risks in interactions with the vault contract
    - Consider adding nonReentrant modifier for sensitive functions

11. **Missing Input Validation**
    - No validation of input parameters in functions like deposit() and withdraw()
    - Should check for zero amounts and other edge cases

To improve security, consider:
- Adding input validation
- Implementing emergency stops
- Adding events for important operations
- Using a more recent Solidity version
- Adding multisig admin control
- Implementing admin transfer functionality
- Adding balance checks
- Using more precise math operations
- Adding reentrancy protection","---

### **Analysis of Issues and Responses**

---

#### **[H-01] YaxisVaultAdapter.sol#withdraw() will most certainly fail**

**Report Description**:  
The `withdraw()` function in `YaxisVaultAdapter.sol` is highly likely to fail due to precision loss in the `_tokensToShares()` and `vault.withdraw()` functions. The actual token amount withdrawn will almost always be less than the `_amount` specified. Consequently, the subsequent call to `IDetailedERC20(_token).safeTransfer(_recipient, _amount)` will revert due to insufficient balance. Simulations indicate a failure rate of 99.99% unless the price per share (`pps`) equals `1e18`.

**Match in Response List**:  
Matches with **""Precision Loss Risk""** in the response list.

**Validation**:  
**Partially Correct**.  
The response acknowledges the risk of precision loss in `_tokensToShares()` and `_sharesToTokens()` due to rounding errors. However, it does not explicitly address the cascading impact of this issue on the `withdraw()` function, particularly the reversion caused by insufficient balance during the `safeTransfer` call. The response also fails to propose a concrete solution to mitigate the issue, such as adjusting the `_amount` parameter to account for precision loss or implementing a mechanism to handle partial withdrawals.

**Suggestions**:  
- Explicitly address the reversion issue in `withdraw()` caused by insufficient balance.  
- Propose a solution to handle precision loss, such as calculating the actual amount withdrawn and transferring only that amount to the recipient.  
- Consider adding a check to ensure that the contract has sufficient balance before attempting the `safeTransfer` call.

---

### **Claude-Generated Potential Issues (May Be Incorrect)**

#### **[R-01] Unlimited Token Approval**

**Response Description**:  
The `updateApproval()` function approves the vault for the maximum possible amount (`uint256(-1)`), which could be dangerous if the vault contract is compromised, as it would have unlimited access to tokens.

**Assessment**:  
**Valid Concern**.  
While this issue is not directly related to the reported issue in `H-01`, it highlights a valid security risk. Unlimited token approvals are a common vulnerability in Solidity contracts, as they expose the contract to potential exploitation if the approved contract is compromised. A safer approach would be to approve only the required amount of tokens for each operation.

---

#### **[R-02] No Zero Address Checks**

**Response Description**:  
The constructor does not verify if `_vault` or `_admin` addresses are zero addresses. This could lead to the contract becoming unusable if deployed with zero addresses.

**Assessment**:  
**Valid Concern**.  
This is a standard best practice in Solidity. Ensuring that critical addresses are not set to the zero address during contract deployment is essential to prevent the contract from becoming non-functional.

---

#### **[R-03] No Balance Checks**

**Response Description**:  
The `withdraw()` function does not verify if the contract has sufficient balance before attempting withdrawal. This could lead to failed transactions and unnecessary gas costs.

**Assessment**:  
**Valid Concern**.  
This issue is related to the reported issue in `H-01`. Adding a balance check before attempting the `safeTransfer` call would help prevent reversion due to insufficient balance. However, the response does not address the root cause of the issue, which is the precision loss in `_tokensToShares()` and `vault.withdraw()`.

---

#### **[R-04] No Emergency Stop**

**Response Description**:  
The contract lacks a pause or emergency stop functionality, which could be used to temporarily halt operations in case of vulnerabilities or anomalies.

**Assessment**:  
**Valid Concern**.  
While not directly related to the reported issue, implementing an emergency stop mechanism is a recognized best practice in Solidity. It provides a way to mitigate damage during an attack or malfunction.

---

#### **[R-05] Reentrancy Risk**

**Response Description**:  
Although `SafeERC20` is used, there could still be reentrancy risks in interactions with the vault contract. Adding a `nonReentrant` modifier to sensitive functions is recommended.

**Assessment**:  
**Valid Concern**.  
Reentrancy is a critical vulnerability in Solidity contracts. While the use of `SafeERC20` mitigates some risks, adding a `nonReentrant` modifier to functions like `withdraw()` would provide additional protection.

---

### **Summary of Matches and Gaps**

#### **Correct Matches**:
- **[H-01] YaxisVaultAdapter.sol#withdraw() will most certainly fail** matches with **""Precision Loss Risk""**.

#### **Partially Correct Matches**:
- **[H-01] YaxisVaultAdapter.sol#withdraw() will most certainly fail**: The response partially addresses the issue by identifying the precision loss but does not propose a solution to handle the reversion caused by insufficient balance.

#### **Missed Issues from Issue Report**:
- The cascading impact of precision loss on the `withdraw()` function, specifically the reversion caused by insufficient balance during the `safeTransfer` call, is not explicitly addressed.

---

### **Suggestions for Improvement**

1. **Address the Root Cause of Precision Loss**:  
   - Propose a mechanism to handle precision loss in `_tokensToShares()` and `vault.withdraw()`.  
   - Adjust the `_amount` parameter to account for rounding errors.

2. **Add Balance Checks**:  
   - Ensure that the contract has sufficient balance before attempting the `safeTransfer` call.

3. **Implement Emergency Stop**:  
   - Add a `pause` function to temporarily halt operations in case of vulnerabilities or anomalies.

4. **Enhance Input Validation**:  
   - Validate input parameters in functions like `withdraw()` to prevent edge cases and unexpected behavior.

5. **Mitigate Unlimited Token Approval Risk**:  
   - Approve only the required amount of tokens for each operation instead of using `uint256(-1)`.

6. **Add Reentrancy Protection**:  
   - Use the `nonReentrant` modifier for sensitive functions to prevent reentrancy attacks.

---",0,1,0,11,"```
None.
```",0.0
